{"type":"FeatureCollection","name":"Astana OSM city-core snapshot","metadata":{"source":"© OpenStreetMap contributors","license":"ODbL 1.0","source_url":"https://www.openstreetmap.org/copyright","snapshot_bbox_wgs84":[71.42,51.12,71.44,51.14],"geometry_note":"OSM-mapped building footprints and road centerlines; missing building heights use explicit fallback metadata."},"features":[{"type":"Feature","id":"way/24418994/road","properties":{"osm_id":"24418994","name":"Достық көшесі","kind":"road","highway":"tertiary","surface":"asphalt","lanes":null},"geometry":{"type":"LineString","coordinates":[[71.4355828,51.1249931],[71.4370211,51.1247643],[71.4371017,51.1247515],[71.4374385,51.1246986]]}},{"type":"Feature","id":"way/24672293/road","properties":{"osm_id":"24672293","name":"Ақмешіт көшесі","kind":"road","highway":"secondary","surface":"asphalt","lanes":4.0},"geometry":{"type":"LineString","coordinates":[[71.4307618,51.1338779],[71.4306887,51.1336898],[71.4306746,51.1336535],[71.4304781,51.1331478]]}},{"type":"Feature","id":"way/24672587/road","properties":{"osm_id":"24672587","name":null,"kind":"road","highway":"secondary_link","surface":"asphalt","lanes":null},"geometry":{"type":"LineString","coordinates":[[71.4411792,51.1342542],[71.4408434,51.1337381],[71.4407053,51.1335904],[71.4404381,51.1333972],[71.4392861,51.1329419],[71.4389163,51.1328386],[71.4386526,51.1327997],[71.4383288,51.1327842],[71.4381663,51.1327986],[71.4379222,51.1328203],[71.4373987,51.1329145],[71.4371635,51.1329589],[71.4360785,51.1331251],[71.4353805,51.1331851]]}},{"type":"Feature","id":"way/24672599/road","properties":{"osm_id":"24672599","name":null,"kind":"road","highway":"secondary_link","surface":"asphalt","lanes":null},"geometry":{"type":"LineString","coordinates":[[71.4399065,51.1303991],[71.4402097,51.1308015],[71.4403672,51.1309281],[71.44053,51.1310325],[71.4407777,51.1311468],[71.4410325,51.1312479]]}},{"type":"Feature","id":"way/24672609/road","properties":{"osm_id":"24672609","name":null,"kind":"road","highway":"secondary_link","surface":null,"lanes":null},"geometry":{"type":"LineString","coordinates":[[71.4411239,51.132834],[71.4412409,51.1328144],[71.4413337,51.13279],[71.4414099,51.1327513],[71.4414792,51.1326979],[71.4417272,51.1324179],[71.4417765,51.1323451],[71.4418044,51.1322732],[71.441812,51.13221],[71.4418043,51.1321308],[71.4417811,51.1320486],[71.4417627,51.132006],[71.4417303,51.131949],[71.4416808,51.1318907],[71.4416261,51.131844],[71.4415362,51.1317885],[71.4413991,51.1317199],[71.4412158,51.1316387],[71.4405549,51.131368],[71.4403346,51.1312829],[71.4402083,51.1312172],[71.4401282,51.131164],[71.4400434,51.1310848],[71.4399803,51.1310074],[71.4399166,51.1308934],[71.4398576,51.1308005]]}},{"type":"Feature","id":"way/37883866/road","properties":{"osm_id":"37883866","name":null,"kind":"road","highway":"secondary_link","surface":"asphalt","lanes":null},"geometry":{"type":"LineString","coordinates":[[71.4398837,51.131672],[71.4398049,51.1316852],[71.4396845,51.1317152],[71.4395818,51.1317625],[71.4395029,51.1318177],[71.4394546,51.1318628],[71.4392614,51.1320967],[71.4392264,51.1321534],[71.4391958,51.1322208],[71.4391859,51.1322837],[71.439184,51.1323613],[71.439197,51.1324451],[71.4392235,51.1325088],[71.4392881,51.1325957],[71.4393573,51.1326625],[71.4394351,51.1327102],[71.4395219,51.1327518],[71.4401588,51.1330089],[71.4407375,51.1332365],[71.4408737,51.1333287],[71.4409746,51.1334319],[71.441193,51.1338332]]}},{"type":"Feature","id":"way/37883868/road","properties":{"osm_id":"37883868","name":"Арқар көпірі (М-1) көшесі","kind":"road","highway":"secondary","surface":"asphalt","lanes":4.0},"geometry":{"type":"LineString","coordinates":[[71.4384472,51.1324947],[71.439652,51.13231],[71.442079,51.1319381],[71.4436284,51.1317007],[71.4485577,51.130934]]}},{"type":"Feature","id":"way/37883870/road","properties":{"osm_id":"37883870","name":"Арқар көпірі (М-1) көшесі","kind":"road","highway":"secondary","surface":"asphalt","lanes":4.0},"geometry":{"type":"LineString","coordinates":[[71.4485985,51.1310625],[71.4436819,51.1318343],[71.441294,51.1321957],[71.4391528,51.1325197],[71.4384904,51.1326199]]}},{"type":"Feature","id":"way/37883875/road","properties":{"osm_id":"37883875","name":"Сарайшық көшесі","kind":"road","highway":"secondary","surface":"asphalt","lanes":4.0},"geometry":{"type":"LineString","coordinates":[[71.4367746,51.1329328],[71.4353805,51.1331851],[71.4351703,51.1332189],[71.4347838,51.1332827],[71.4344718,51.1333338]]}},{"type":"Feature","id":"way/44127578/road","properties":{"osm_id":"44127578","name":null,"kind":"road","highway":"secondary_link","surface":null,"lanes":null},"geometry":{"type":"LineString","coordinates":[[71.4392812,51.1317703],[71.4394039,51.1316913],[71.4394856,51.1316549],[71.4395646,51.1316331],[71.4396626,51.1316167],[71.4400511,51.1315698]]}},{"type":"Feature","id":"way/51180028/road","properties":{"osm_id":"51180028","name":"Елубай Тайбеков көшесі","kind":"road","highway":"residential","surface":"asphalt","lanes":null},"geometry":{"type":"LineString","coordinates":[[71.424551,51.1425998],[71.4238175,51.1416203],[71.4223299,51.1394221],[71.4212344,51.1377094],[71.4210184,51.1373229],[71.4207252,51.1369005],[71.4204411,51.1364677],[71.4201284,51.1359763]]}},{"type":"Feature","id":"way/51180030/road","properties":{"osm_id":"51180030","name":"Қарашаш көшесі","kind":"road","highway":"residential","surface":"asphalt","lanes":null},"geometry":{"type":"LineString","coordinates":[[71.4181205,51.1385367],[71.4191911,51.138235],[71.4202019,51.137974],[71.4212344,51.1377094]]}},{"type":"Feature","id":"way/51195342","properties":{"osm_id":"51195342","name":null,"kind":"building","building":"yes","height_m":12.0,"height_source":"visual-fallback:12m","levels":null},"geometry":{"type":"Polygon","coordinates":[[[71.4212018,51.1400304],[71.4211095,51.1398923],[71.42126,51.1398527],[71.4213523,51.1399908],[71.4212018,51.1400304]]]}},{"type":"Feature","id":"way/51195361/road","properties":{"osm_id":"51195361","name":"Сейітқали Меңдешев көшесі","kind":"road","highway":"residential","surface":"asphalt","lanes":null},"geometry":{"type":"LineString","coordinates":[[71.4220977,51.1427604],[71.421667,51.1421561],[71.420288,51.1399662],[71.4191911,51.138235],[71.4180082,51.1363069]]}},{"type":"Feature","id":"way/69232073/road","properties":{"osm_id":"69232073","name":null,"kind":"road","highway":"footway","surface":null,"lanes":null},"geometry":{"type":"LineString","coordinates":[[71.4373987,51.1329145],[71.4374315,51.1329828],[71.4377572,51.1336787],[71.4377654,51.1336961]]}},{"type":"Feature","id":"way/77617935/road","properties":{"osm_id":"77617935","name":"Жаңатай Шәрденов көшесі","kind":"road","highway":"residential","surface":null,"lanes":null},"geometry":{"type":"LineString","coordinates":[[71.4280125,51.1377403],[71.4283901,51.1381664],[71.4297138,51.1400936]]}},{"type":"Feature","id":"way/77617937/road","properties":{"osm_id":"77617937","name":"Әлімхан Ермеков көшесі","kind":"road","highway":"residential","surface":null,"lanes":4.0},"geometry":{"type":"LineString","coordinates":[[71.4309217,51.1342016],[71.4309673,51.1343049],[71.4310476,51.1344848]]}},{"type":"Feature","id":"way/77617941/road","properties":{"osm_id":"77617941","name":"Әлімхан Ермеков көшесі","kind":"road","highway":"residential","surface":null,"lanes":null},"geometry":{"type":"LineString","coordinates":[[71.4280125,51.1377403],[71.4270191,51.1382],[71.4268103,51.138323],[71.4265683,51.1384329],[71.4263034,51.1385198],[71.4253436,51.1387202],[71.4243415,51.1389434],[71.4233572,51.1391916],[71.4223299,51.1394221],[71.4212561,51.1396977],[71.420288,51.1399662],[71.4192329,51.1402415]]}},{"type":"Feature","id":"way/103776304/road","properties":{"osm_id":"103776304","name":"Нұртас Оңдасынов көшесі","kind":"road","highway":"residential","surface":"asphalt","lanes":null},"geometry":{"type":"LineString","coordinates":[[71.425885,51.1396928],[71.4266424,51.1408558],[71.42706,51.1414737],[71.4274448,51.1420432],[71.428044,51.1435671],[71.4283993,51.1444709]]}},{"type":"Feature","id":"way/107829253/road","properties":{"osm_id":"107829253","name":"Қараөткел көшесі","kind":"road","highway":"residential","surface":null,"lanes":null},"geometry":{"type":"LineString","coordinates":[[71.4305346,51.1442577],[71.4300694,51.1432217],[71.4297673,51.1423374],[71.4295137,51.1416687],[71.4294814,51.1415734],[71.4290972,51.1409774],[71.4286602,51.1403733],[71.4273118,51.1384289],[71.4270191,51.1382]]}},{"type":"Feature","id":"way/107829262/road","properties":{"osm_id":"107829262","name":"Мирная көшесі","kind":"road","highway":"residential","surface":null,"lanes":null},"geometry":{"type":"LineString","coordinates":[[71.4330796,51.143589],[71.4334359,51.142911],[71.4337822,51.142252],[71.4339049,51.1420185],[71.4341394,51.1415722],[71.4344824,51.1409197],[71.4351499,51.1396561]]}},{"type":"Feature","id":"way/107829325/road","properties":{"osm_id":"107829325","name":"Нормандия-Неман Эскадрильясі көшесі","kind":"road","highway":"residential","surface":null,"lanes":null},"geometry":{"type":"LineString","coordinates":[[71.4333219,51.1392826],[71.4337223,51.1393551],[71.4341326,51.1394473],[71.4350252,51.1396168],[71.4351499,51.1396561],[71.4353042,51.1396909],[71.4356532,51.1398854],[71.4360164,51.1401281],[71.4365672,51.1404901],[71.4367253,51.140594]]}},{"type":"Feature","id":"way/107829327/road","properties":{"osm_id":"107829327","name":"Халел Досмұхамедұлы көшесі","kind":"road","highway":"residential","surface":null,"lanes":null},"geometry":{"type":"LineString","coordinates":[[71.4234245,51.1431411],[71.4226511,51.1419075],[71.4212561,51.1396977],[71.4202019,51.137974],[71.4191177,51.1364245],[71.4189719,51.1361659]]}},{"type":"Feature","id":"way/108096199","properties":{"osm_id":"108096199","name":null,"kind":"building","building":"apartments","height_m":36.0,"height_source":"osm:building:levels×3m","levels":12.0},"geometry":{"type":"Polygon","coordinates":[[[71.4316412,51.1221668],[71.4322299,51.122081],[71.4327358,51.1220072],[71.432486,51.1213324],[71.4314181,51.1214881],[71.4314828,51.121663],[71.4316628,51.1216367],[71.4316397,51.1215743],[71.4323398,51.1214722],[71.4324991,51.1219024],[71.4317897,51.1220059],[71.4317598,51.1219252],[71.4315624,51.121954],[71.4316412,51.1221668]]]}},{"type":"Feature","id":"way/108096979/road","properties":{"osm_id":"108096979","name":null,"kind":"road","highway":"service","surface":null,"lanes":null},"geometry":{"type":"LineString","coordinates":[[71.4307735,51.1306882],[71.4308341,51.1306239],[71.4308577,51.1305934],[71.4308702,51.1305653],[71.4308712,51.1305356],[71.4308573,51.1304904],[71.4307001,51.1300855],[71.4305903,51.1298137],[71.4304655,51.1295015],[71.4303679,51.1292213],[71.4303238,51.1290937],[71.430426,51.1290962],[71.4305623,51.1290933],[71.4306826,51.1290858],[71.4307793,51.1290742],[71.4308999,51.1290503],[71.4309936,51.1290268],[71.4310969,51.1289947],[71.4311937,51.1289565],[71.4312458,51.1290842],[71.4313519,51.1293685],[71.4314708,51.1296745],[71.4315741,51.1299405],[71.4317359,51.1303464],[71.4317531,51.1303913],[71.4317762,51.13042],[71.4318114,51.1304458],[71.4318533,51.130467],[71.4319016,51.1304825],[71.4320016,51.1305034]]}},{"type":"Feature","id":"way/108096981","properties":{"osm_id":"108096981","name":null,"kind":"building","building":"apartments","height_m":30.0,"height_source":"osm:building:levels×3m","levels":10.0},"geometry":{"type":"Polygon","coordinates":[[[71.427853,51.1326006],[71.4281409,51.1325629],[71.4280953,51.1324261],[71.427778,51.1324677],[71.4277969,51.1325246],[71.4275875,51.1325521],[71.4279187,51.1335459],[71.4280489,51.1339365],[71.4283439,51.1338978],[71.4283473,51.1339079],[71.4299571,51.1336966],[71.4299364,51.1336345],[71.4301196,51.1336104],[71.4299913,51.1332253],[71.4297433,51.1324814],[71.4295503,51.1319023],[71.4295164,51.1318007],[71.4288463,51.1318887],[71.4288981,51.1320442],[71.4290317,51.1320267],[71.4290096,51.1319604],[71.4293398,51.131917],[71.4295354,51.1325039],[71.429787,51.133259],[71.4298787,51.1335341],[71.428236,51.1337497],[71.4281556,51.1335085],[71.427853,51.1326006]]]}},{"type":"Feature","id":"way/108096984","properties":{"osm_id":"108096984","name":"Керуен","kind":"building","building":"yes","height_m":9.0,"height_source":"osm:building:levels×3m","levels":3.0},"geometry":{"type":"Polygon","coordinates":[[[71.4244795,51.1277078],[71.4245375,51.1278423],[71.4248153,51.1284868],[71.4262967,51.1282354],[71.426019,51.1275908],[71.425961,51.1274564],[71.4258046,51.1270935],[71.4251305,51.1272079],[71.4249991,51.1272302],[71.4243232,51.127345],[71.4244795,51.1277078]]]}},{"type":"Feature","id":"way/108178452","properties":{"osm_id":"108178452","name":null,"kind":"building","building":"yes","height_m":30.0,"height_source":"osm:building:levels×3m","levels":10.0},"geometry":{"type":"Polygon","coordinates":[[[71.4271264,51.1318252],[71.4271512,51.1318246],[71.4271533,51.1318582],[71.428486,51.131824],[71.4284876,51.1318019],[71.4285677,51.1317978],[71.4286415,51.1317375],[71.4285677,51.1316851],[71.4284988,51.1316217],[71.4284539,51.1315593],[71.4282297,51.1315999],[71.4279802,51.1316341],[71.4278124,51.131654],[71.4275108,51.1316825],[71.4271434,51.1316981],[71.4271451,51.1317256],[71.4271203,51.1317262],[71.4271264,51.1318252]]]}},{"type":"Feature","id":"way/165625144/road","properties":{"osm_id":"165625144","name":"Түркістан көшесі","kind":"road","highway":"secondary","surface":"asphalt","lanes":4.0},"geometry":{"type":"LineString","coordinates":[[71.4344718,51.1333338],[71.4344378,51.1332524]]}},{"type":"Feature","id":"way/165625148/road","properties":{"osm_id":"165625148","name":"Түркістан көшесі","kind":"road","highway":"secondary","surface":"asphalt","lanes":4.0},"geometry":{"type":"LineString","coordinates":[[71.4341204,51.1324898],[71.4340224,51.1322544]]}},{"type":"Feature","id":"way/165761871/road","properties":{"osm_id":"165761871","name":null,"kind":"road","highway":"secondary_link","surface":"asphalt","lanes":null},"geometry":{"type":"LineString","coordinates":[[71.434113,51.1222992],[71.4342852,51.1222155],[71.4344332,51.122143],[71.434551,51.1220614],[71.4346774,51.1219484],[71.4357197,51.1208455],[71.4357883,51.1206098],[71.435607,51.120106],[71.4353173,51.1192791]]}},{"type":"Feature","id":"way/165761873/road","properties":{"osm_id":"165761873","name":null,"kind":"road","highway":"secondary_link","surface":"asphalt","lanes":null},"geometry":{"type":"LineString","coordinates":[[71.4360029,51.1222124],[71.4356106,51.1223709],[71.4355419,51.1224127],[71.4354919,51.1224579],[71.4354531,51.1225113],[71.43544,51.1225771],[71.4354456,51.1226394],[71.4354741,51.1226984],[71.4355323,51.1227533],[71.4356119,51.1227966],[71.4358994,51.1229028],[71.4359849,51.1229275],[71.4360535,51.1229374],[71.4361507,51.1229447],[71.4362365,51.1229423],[71.4363116,51.1229266],[71.4363681,51.1229089],[71.4364323,51.122875],[71.4364777,51.1228411],[71.4365216,51.122792],[71.4365447,51.1227455],[71.436587,51.1225357]]}},{"type":"Feature","id":"way/165762200/road","properties":{"osm_id":"165762200","name":null,"kind":"road","highway":"secondary_link","surface":"asphalt","lanes":null},"geometry":{"type":"LineString","coordinates":[[71.4392894,51.1216898],[71.4386409,51.1218817],[71.4384835,51.1219776],[71.4384522,51.1219966],[71.4372814,51.1232635],[71.4372321,51.1234164],[71.4372819,51.1236078],[71.4375138,51.1242331],[71.4374712,51.1244534]]}},{"type":"Feature","id":"way/165762201/road","properties":{"osm_id":"165762201","name":null,"kind":"road","highway":"secondary_link","surface":"asphalt","lanes":1.0},"geometry":{"type":"LineString","coordinates":[[71.4354458,51.1190426],[71.4355576,51.1191462],[71.4356184,51.1192406],[71.4359905,51.1201794],[71.436154,51.1205428],[71.4362699,51.1206676],[71.4364223,51.1208437],[71.4370383,51.1211009],[71.4373794,51.1212351],[71.4376644,51.121334],[71.4379714,51.1214511],[71.4380559,51.1214756],[71.4381737,51.1215098],[71.4383376,51.121538],[71.4388031,51.12157]]}},{"type":"Feature","id":"way/165762720/road","properties":{"osm_id":"165762720","name":null,"kind":"road","highway":"secondary_link","surface":"asphalt","lanes":null},"geometry":{"type":"LineString","coordinates":[[71.436696,51.1225224],[71.4368842,51.1227089],[71.4369512,51.122757],[71.4370274,51.1227993],[71.4370979,51.122827],[71.4371776,51.1228405],[71.4372742,51.1228404],[71.4373577,51.1228286],[71.43745,51.1228049],[71.4375255,51.1227708],[71.4375799,51.1227345],[71.4376246,51.1226962],[71.4378466,51.1224848],[71.4378881,51.122429],[71.4379086,51.1223792],[71.4379178,51.1223354],[71.4379159,51.1222916],[71.4379002,51.1222504],[71.4378733,51.1222069],[71.4378413,51.1221676],[71.4377795,51.1221272],[71.4377039,51.1220949],[71.4376168,51.1220753],[71.4375335,51.1220651],[71.4370626,51.1220468]]}},{"type":"Feature","id":"way/165763906/road","properties":{"osm_id":"165763906","name":null,"kind":"road","highway":"secondary_link","surface":"asphalt","lanes":null},"geometry":{"type":"LineString","coordinates":[[71.4362532,51.1216366],[71.436074,51.1214289],[71.4360244,51.1213881],[71.4359675,51.1213543],[71.4358975,51.1213229],[71.4358136,51.1212995],[71.4357273,51.1212871],[71.4356299,51.1212888],[71.4355344,51.1212987],[71.4354538,51.1213192],[71.435393,51.1213432],[71.435348,51.121372],[71.4351527,51.1215709],[71.4351138,51.1216348],[71.4350988,51.1216945],[71.435092,51.1217566],[71.4351039,51.1218058],[71.4351283,51.1218438],[71.4351751,51.1218911],[71.4352628,51.1219397],[71.4353737,51.1219752],[71.4354759,51.1219989],[71.435776,51.1220504]]}},{"type":"Feature","id":"way/165764246/road","properties":{"osm_id":"165764246","name":null,"kind":"road","highway":"secondary_link","surface":"asphalt","lanes":null},"geometry":{"type":"LineString","coordinates":[[71.4369883,51.1218566],[71.4372277,51.1217635],[71.4373829,51.121674],[71.4374369,51.1216282],[71.4374776,51.1215736],[71.437498,51.1215177],[71.4374979,51.121465],[71.4374828,51.121411],[71.4374504,51.1213555],[71.4373958,51.1213029],[71.4373349,51.121267],[71.4370126,51.1211393],[71.4369476,51.1211244],[71.436879,51.1211127],[71.4367931,51.1211076],[71.4366853,51.1211137],[71.4365989,51.1211319],[71.4365196,51.1211648],[71.4364509,51.12121],[71.4364066,51.1212556],[71.4363837,51.1212932],[71.4363726,51.1213462],[71.4363645,51.121614]]}},{"type":"Feature","id":"way/165801846/road","properties":{"osm_id":"165801846","name":null,"kind":"road","highway":"secondary_link","surface":"asphalt","lanes":null},"geometry":{"type":"LineString","coordinates":[[71.4373662,51.1245149],[71.4371468,51.1242427],[71.4371009,51.1241346],[71.4368302,51.1235044],[71.4367617,51.1234086],[71.4367117,51.1233743],[71.436557,51.1232682],[71.4349944,51.1226272],[71.4347448,51.1225755],[71.43453,51.1225309],[71.433562,51.122578]]}},{"type":"Feature","id":"way/165802521/road","properties":{"osm_id":"165802521","name":"Сығанақ көшесі","kind":"road","highway":"secondary","surface":"asphalt","lanes":5.0},"geometry":{"type":"LineString","coordinates":[[71.4370626,51.1220468],[71.4360029,51.1222124]]}},{"type":"Feature","id":"way/165802526/road","properties":{"osm_id":"165802526","name":"Сығанақ көшесі","kind":"road","highway":"secondary","surface":null,"lanes":4.0},"geometry":{"type":"LineString","coordinates":[[71.4320452,51.1228051],[71.431838,51.1228375],[71.4306554,51.1230269],[71.4303702,51.1230726],[71.4301862,51.1231012],[71.4269196,51.1236047]]}},{"type":"Feature","id":"way/165802528/road","properties":{"osm_id":"165802528","name":"Сығанақ көшесі","kind":"road","highway":"secondary","surface":"asphalt","lanes":5.0},"geometry":{"type":"LineString","coordinates":[[71.435776,51.1220504],[71.4369883,51.1218566]]}},{"type":"Feature","id":"way/165802530/road","properties":{"osm_id":"165802530","name":"Сығанақ көшесі","kind":"road","highway":"secondary","surface":"asphalt","lanes":4.0},"geometry":{"type":"LineString","coordinates":[[71.4369883,51.1218566],[71.4372071,51.121822],[71.4382349,51.1216597],[71.4386999,51.1215863],[71.4388031,51.12157],[71.4393014,51.1214872],[71.4396321,51.1214358],[71.4429794,51.120931]]}},{"type":"Feature","id":"way/165816979/road","properties":{"osm_id":"165816979","name":"Мәңгілік Ел даңғылы","kind":"road","highway":"secondary","surface":"asphalt","lanes":null},"geometry":{"type":"LineString","coordinates":[[71.4421977,51.1366957],[71.4418618,51.13616],[71.4417699,51.1359786],[71.4417071,51.1358456],[71.4416312,51.1356635],[71.4415138,51.1353414],[71.4414335,51.1350423],[71.4413607,51.1347756],[71.4412536,51.1344536],[71.4411792,51.1342542],[71.4410678,51.133928],[71.4410225,51.1338136],[71.440959,51.1337048],[71.4408748,51.1335966],[71.4407643,51.1334855],[71.4406307,51.1333904],[71.4404796,51.1333225],[71.4395438,51.1329539],[71.4393998,51.1328904],[71.4393046,51.1328322],[71.4392145,51.1327613],[71.439133,51.1326715],[71.4390645,51.1325842],[71.4390053,51.1324627],[71.4389838,51.1323523],[71.4389833,51.1322789],[71.4389985,51.1321963],[71.4390328,51.1321046],[71.4390771,51.1320284],[71.4391467,51.1319235],[71.4392812,51.1317703],[71.4394481,51.131602],[71.4396045,51.1314408],[71.4397189,51.1313207],[71.4397905,51.1312065],[71.4398522,51.1310861],[71.4398683,51.1309893],[71.4398724,51.1309043],[71.4398603,51.1308101],[71.4398576,51.1308005],[71.4397347,51.1305348]]}},{"type":"Feature","id":"way/165975916/road","properties":{"osm_id":"165975916","name":null,"kind":"road","highway":"secondary_link","surface":"asphalt","lanes":null},"geometry":{"type":"LineString","coordinates":[[71.4353547,51.1330843],[71.4364074,51.1327684],[71.4374721,51.132571],[71.4380369,51.1324722],[71.4383956,51.1324094],[71.4385225,51.1323749],[71.4386199,51.1323191],[71.4387098,51.1322257],[71.4394398,51.1314111],[71.439518,51.1313295],[71.4396869,51.1310925],[71.4397377,51.130901],[71.4397347,51.1305348]]}},{"type":"Feature","id":"way/166194470/road","properties":{"osm_id":"166194470","name":"Сығанақ көшесі","kind":"road","highway":"secondary","surface":"asphalt","lanes":4.0},"geometry":{"type":"LineString","coordinates":[[71.4430378,51.1210945],[71.4400619,51.1215676],[71.4399736,51.1215801],[71.4392894,51.1216898],[71.4387907,51.1217698],[71.4383905,51.121834],[71.4380151,51.1218942],[71.4370626,51.1220468]]}},{"type":"Feature","id":"way/178064166/road","properties":{"osm_id":"178064166","name":"Түркістан көшесі","kind":"road","highway":"secondary","surface":"asphalt","lanes":5.0},"geometry":{"type":"LineString","coordinates":[[71.4314036,51.1257251],[71.4313737,51.1256484],[71.4313281,51.1255313],[71.4311827,51.1251581]]}},{"type":"Feature","id":"way/182131358/road","properties":{"osm_id":"182131358","name":"Нұржол желекжолы","kind":"road","highway":"residential","surface":"asphalt","lanes":null},"geometry":{"type":"LineString","coordinates":[[71.438127,51.1264473],[71.4378059,51.1265094]]}},{"type":"Feature","id":"way/222723080/road","properties":{"osm_id":"222723080","name":"Сауран көшесі","kind":"road","highway":"tertiary","surface":null,"lanes":5.0},"geometry":{"type":"LineString","coordinates":[[71.4239984,51.1267978],[71.4239548,51.1267028],[71.4239229,51.1266262],[71.4237793,51.1262813]]}},{"type":"Feature","id":"way/230358843/road","properties":{"osm_id":"230358843","name":"Нұржол желекжолы","kind":"road","highway":"residential","surface":"asphalt","lanes":null},"geometry":{"type":"LineString","coordinates":[[71.4172498,51.1299588],[71.4175765,51.1299053],[71.4177274,51.1298798],[71.4188919,51.1296841],[71.4198718,51.1295157],[71.4213894,51.1292649],[71.4233522,51.1289347],[71.4245845,51.1287279],[71.4265005,51.1284036],[71.4281676,51.1281214],[71.4284316,51.1280767]]}},{"type":"Feature","id":"way/230358844/road","properties":{"osm_id":"230358844","name":null,"kind":"road","highway":"service","surface":null,"lanes":null},"geometry":{"type":"LineString","coordinates":[[71.424063,51.1269424],[71.4240335,51.1268718]]}},{"type":"Feature","id":"way/230358845/road","properties":{"osm_id":"230358845","name":null,"kind":"road","highway":"service","surface":"asphalt","lanes":null},"geometry":{"type":"LineString","coordinates":[[71.4241597,51.1271293],[71.4243041,51.1271058],[71.4260201,51.1268263],[71.4261673,51.1267999],[71.4261904,51.1268554],[71.4264658,51.1275164]]}},{"type":"Feature","id":"way/230358847","properties":{"osm_id":"230358847","name":"Көрме","kind":"building","building":"yes","height_m":18.0,"height_source":"osm:building:levels×3m","levels":6.0},"geometry":{"type":"Polygon","coordinates":[[[71.4205182,51.1292873],[71.4211925,51.1291774],[71.4207527,51.1280959],[71.4206585,51.1278807],[71.4195666,51.1280577],[71.4199561,51.129016],[71.4200861,51.1289978],[71.4201185,51.1290923],[71.4200724,51.1291033],[71.4200316,51.1291203],[71.4199828,51.1291504],[71.4199546,51.1291857],[71.4199428,51.1292177],[71.4199424,51.1292556],[71.4199572,51.1292942],[71.4199833,51.1293277],[71.4200153,51.1293501],[71.4200678,51.1293765],[71.4201123,51.1293902],[71.420158,51.1293984],[71.4202112,51.1294004],[71.4202568,51.1293993],[71.4203043,51.129388],[71.4203502,51.1293714],[71.4203921,51.1293486],[71.4204168,51.1293286],[71.4204409,51.1292971],[71.4204565,51.1292629],[71.4204533,51.1292281],[71.4204458,51.1291979],[71.4204779,51.129192],[71.4205182,51.1292873]]]}},{"type":"Feature","id":"way/230358849/road","properties":{"osm_id":"230358849","name":null,"kind":"road","highway":"service","surface":"asphalt","lanes":null},"geometry":{"type":"LineString","coordinates":[[71.4224405,51.1274116],[71.4223418,51.1274275],[71.42126,51.1276017],[71.4209851,51.1276528]]}},{"type":"Feature","id":"way/230358850","properties":{"osm_id":"230358850","name":"\"Северное Cияние\" ТҮК","kind":"building","building":"parking","height_m":12.0,"height_source":"visual-fallback:12m","levels":null},"geometry":{"type":"Polygon","coordinates":[[[71.4215427,51.1291331],[71.423259,51.1288561],[71.4227129,51.1275232],[71.4224973,51.127558],[71.4210395,51.1277933],[71.4209966,51.1278002],[71.4215427,51.1291331]]]}},{"type":"Feature","id":"way/230358855","properties":{"osm_id":"230358855","name":"Қазақстан Республикасының Ұлттық академиялық кітапханасы","kind":"building","building":"yes","height_m":9.0,"height_source":"osm:building:levels×3m","levels":3.0},"geometry":{"type":"Polygon","coordinates":[[[71.4267161,51.126964],[71.4269555,51.1275642],[71.4275869,51.127465],[71.4274644,51.1271578],[71.4273475,51.1268648],[71.4267161,51.126964]]]}},{"type":"Feature","id":"way/230358856","properties":{"osm_id":"230358856","name":"Қазақстан Республикасының ұлттық мұрағаты","kind":"building","building":"government","height_m":24.0,"height_source":"osm:height","levels":8.0},"geometry":{"type":"Polygon","coordinates":[[[71.4271616,51.1280445],[71.4271556,51.1280079],[71.4271304,51.1279746],[71.427089,51.1279486],[71.4271756,51.1278971],[71.4273925,51.1278966],[71.4273923,51.1278517],[71.4275864,51.1276363],[71.4274173,51.1276568],[71.4272732,51.1276884],[71.4271369,51.1277316],[71.4270108,51.1277855],[71.4268969,51.1278493],[71.426869,51.1278696],[71.4268384,51.1277991],[71.4264497,51.1278655],[71.4265939,51.1281983],[71.4265712,51.1282735],[71.4266285,51.128278],[71.4266374,51.1282986],[71.4270262,51.1282323],[71.4269887,51.1281455],[71.42704,51.1281408],[71.4270867,51.1281267],[71.4271246,51.1281045],[71.4271503,51.1280763],[71.4271616,51.1280445]]]}},{"type":"Feature","id":"way/230358857/road","properties":{"osm_id":"230358857","name":null,"kind":"road","highway":"service","surface":"asphalt","lanes":null},"geometry":{"type":"LineString","coordinates":[[71.4208154,51.127841],[71.4213656,51.1292055],[71.4213894,51.1292649]]}},{"type":"Feature","id":"way/230361893/road","properties":{"osm_id":"230361893","name":"Нұржол желекжолы","kind":"road","highway":"residential","surface":"asphalt","lanes":null},"geometry":{"type":"LineString","coordinates":[[71.4288394,51.1290607],[71.4284629,51.1291203],[71.4282727,51.1291491],[71.4275477,51.1292531],[71.4267697,51.1293647],[71.4259624,51.1294805],[71.4251278,51.1296002]]}},{"type":"Feature","id":"way/230361896","properties":{"osm_id":"230361896","name":"Қазмедиа орталығы","kind":"building","building":"office","height_m":15.0,"height_source":"osm:building:levels×3m","levels":5.0},"geometry":{"type":"Polygon","coordinates":[[[71.4200122,51.132013],[71.420515,51.1319322],[71.4212019,51.1318218],[71.4205647,51.1303812],[71.4194758,51.1305496],[71.4195,51.1306112],[71.4190361,51.1306829],[71.4193346,51.1314432],[71.4186654,51.1315467],[71.4189306,51.1321486],[71.419581,51.1320402],[71.4199173,51.1319963],[71.4200122,51.132013]]]}},{"type":"Feature","id":"way/230361901","properties":{"osm_id":"230361901","name":"ЖК \"Водно-Зеленый бульвар\"","kind":"building","building":"apartments","height_m":78.0,"height_source":"osm:building:levels×3m","levels":26.0},"geometry":{"type":"Polygon","coordinates":[[[71.4264648,51.1307234],[71.4260757,51.1307859],[71.4259188,51.1304057],[71.4256906,51.1304428],[71.4259021,51.1309615],[71.4265213,51.130862],[71.4267881,51.1308241],[71.4274183,51.1307227],[71.427348,51.1305515],[71.4271036,51.1306087],[71.4269873,51.1306294],[71.4267172,51.1306492],[71.4267315,51.1306855],[71.4264648,51.1307234]]]}},{"type":"Feature","id":"way/230361903","properties":{"osm_id":"230361903","name":"ЖК \"Водно-Зеленый бульвар\"","kind":"building","building":"apartments","height_m":63.0,"height_source":"osm:building:levels×3m","levels":21.0},"geometry":{"type":"Polygon","coordinates":[[[71.4256849,51.1299208],[71.4256176,51.1299314],[71.4255966,51.129879],[71.426607,51.1297195],[71.4265455,51.129566],[71.4253766,51.1297505],[71.4256469,51.130425],[71.4258727,51.1303893],[71.4256849,51.1299208]]]}},{"type":"Feature","id":"way/230400884","properties":{"osm_id":"230400884","name":"ЖК “Алматы”","kind":"building","building":"apartments","height_m":36.0,"height_source":"osm:building:levels×3m","levels":12.0},"geometry":{"type":"Polygon","coordinates":[[[71.4228453,51.1261335],[71.4227923,51.1259953],[71.4231617,51.1259395],[71.4234355,51.1266525],[71.4223366,51.1268186],[71.4221362,51.1262965],[71.4223803,51.1262595],[71.4225041,51.1265818],[71.422421,51.1265944],[71.4224396,51.1266431],[71.4232067,51.126527],[71.4231879,51.1264779],[71.4231098,51.1264896],[71.4229801,51.1261518],[71.42305,51.1261413],[71.423036,51.1261046],[71.4228453,51.1261335]]]}},{"type":"Feature","id":"way/230400891","properties":{"osm_id":"230400891","name":"Банк Астаны","kind":"building","building":"yes","height_m":24.0,"height_source":"osm:building:levels×3m","levels":8.0},"geometry":{"type":"Polygon","coordinates":[[[71.4228415,51.1257635],[71.4229159,51.1257523],[71.4229639,51.125765],[71.4230073,51.1257592],[71.4230307,51.1257349],[71.4231039,51.1257238],[71.422994,51.1254381],[71.4229216,51.1254491],[71.4228777,51.1254289],[71.4228164,51.1254414],[71.4228023,51.1254672],[71.4227316,51.1254779],[71.4228415,51.1257635]]]}},{"type":"Feature","id":"way/230400894","properties":{"osm_id":"230400894","name":null,"kind":"building","building":"apartments","height_m":9.0,"height_source":"osm:building:levels×3m","levels":3.0},"geometry":{"type":"Polygon","coordinates":[[[71.4220475,51.125984],[71.4220164,51.1259888],[71.4220726,51.1261344],[71.4221038,51.1261297],[71.4221217,51.1261759],[71.4223007,51.1261487],[71.421972,51.1252971],[71.4217926,51.1253244],[71.4218073,51.1253624],[71.4217772,51.125367],[71.4218334,51.1255127],[71.4218636,51.1255081],[71.4218862,51.1255668],[71.4218558,51.1255714],[71.421912,51.1257171],[71.4219426,51.1257124],[71.421968,51.1257781],[71.4219372,51.1257828],[71.4219934,51.1259285],[71.4220243,51.1259238],[71.4220475,51.125984]]]}},{"type":"Feature","id":"way/230400902","properties":{"osm_id":"230400902","name":"ЖК “Визит”","kind":"building","building":"apartments","height_m":30.0,"height_source":"osm:building:levels×3m","levels":10.0},"geometry":{"type":"Polygon","coordinates":[[[71.4217016,51.1252347],[71.421946,51.1251975],[71.4217984,51.1248157],[71.42239,51.1247256],[71.4225378,51.1251079],[71.4224035,51.1251283],[71.4224568,51.1252664],[71.4228248,51.1252104],[71.422567,51.1245438],[71.4214975,51.1247067],[71.4217016,51.1252347]]]}},{"type":"Feature","id":"way/230401355","properties":{"osm_id":"230401355","name":"ЖК “Тулпар”","kind":"building","building":"apartments","height_m":27.0,"height_source":"osm:building:levels×3m","levels":9.0},"geometry":{"type":"Polygon","coordinates":[[[71.4272767,51.1259745],[71.4272159,51.1258214],[71.4271824,51.1258266],[71.4271652,51.1257832],[71.427006,51.1258081],[71.4270232,51.1258516],[71.4269903,51.1258568],[71.427001,51.1258837],[71.4245935,51.1262603],[71.4245832,51.1262343],[71.4245501,51.1262394],[71.4245329,51.1261961],[71.4243736,51.126221],[71.4243909,51.1262645],[71.4243579,51.1262696],[71.4244183,51.1264216],[71.4272767,51.1259745]]]}},{"type":"Feature","id":"way/230401356","properties":{"osm_id":"230401356","name":null,"kind":"building","building":"apartments","height_m":27.0,"height_source":"osm:building:levels×3m","levels":9.0},"geometry":{"type":"Polygon","coordinates":[[[71.4268723,51.1255862],[71.4269336,51.1257397],[71.4269759,51.1257331],[71.426993,51.1257758],[71.427006,51.1258081],[71.4271652,51.1257832],[71.4271521,51.1257507],[71.4271351,51.125708],[71.4271665,51.1257031],[71.4270633,51.1254447],[71.4267514,51.1254938],[71.4267933,51.1255987],[71.4268723,51.1255862]]]}},{"type":"Feature","id":"way/230401357","properties":{"osm_id":"230401357","name":null,"kind":"building","building":"apartments","height_m":27.0,"height_source":"osm:building:levels×3m","levels":9.0},"geometry":{"type":"Polygon","coordinates":[[[71.4244861,51.1259622],[71.4245466,51.1261145],[71.4245032,51.1261213],[71.4245212,51.1261667],[71.4245329,51.1261961],[71.4243736,51.126221],[71.424362,51.1261919],[71.4243436,51.1261454],[71.4243234,51.1261486],[71.4242196,51.1258874],[71.4245233,51.1258399],[71.4245668,51.1259496],[71.4244861,51.1259622]]]}},{"type":"Feature","id":"way/230401362","properties":{"osm_id":"230401362","name":null,"kind":"building","building":"apartments","height_m":27.0,"height_source":"osm:building:levels×3m","levels":9.0},"geometry":{"type":"Polygon","coordinates":[[[71.4261204,51.1239747],[71.4261673,51.1240938],[71.4263009,51.1244335],[71.4265662,51.1243924],[71.4263858,51.1239336],[71.4261204,51.1239747]]]}},{"type":"Feature","id":"way/230401363","properties":{"osm_id":"230401363","name":null,"kind":"building","building":"apartments","height_m":27.0,"height_source":"osm:building:levels×3m","levels":9.0},"geometry":{"type":"Polygon","coordinates":[[[71.4261673,51.1240938],[71.4261204,51.1239747],[71.4247351,51.1241893],[71.424782,51.1243085],[71.4261673,51.1240938]]]}},{"type":"Feature","id":"way/230401364","properties":{"osm_id":"230401364","name":null,"kind":"building","building":"apartments","height_m":27.0,"height_source":"osm:building:levels×3m","levels":9.0},"geometry":{"type":"Polygon","coordinates":[[[71.4240819,51.1242905],[71.4241288,51.1244097],[71.424782,51.1243085],[71.4247351,51.1241893],[71.4240819,51.1242905]]]}},{"type":"Feature","id":"way/230401365","properties":{"osm_id":"230401365","name":null,"kind":"building","building":"apartments","height_m":27.0,"height_source":"osm:building:levels×3m","levels":9.0},"geometry":{"type":"Polygon","coordinates":[[[71.4241157,51.124443],[71.4240613,51.1242909],[71.4235864,51.1243579],[71.4236408,51.1245099],[71.4241157,51.124443]]]}},{"type":"Feature","id":"way/230401643","properties":{"osm_id":"230401643","name":"Қазақстан Республикасының Қорғаныс министрлігі","kind":"building","building":"yes","height_m":15.0,"height_source":"osm:building:levels×3m","levels":5.0},"geometry":{"type":"Polygon","coordinates":[[[71.4302557,51.1244422],[71.4296566,51.1245346],[71.4296244,51.1244523],[71.4290906,51.1245346],[71.4285568,51.1246169],[71.4285891,51.1246994],[71.4279687,51.1247951],[71.4281828,51.1253418],[71.4284512,51.1253004],[71.4283039,51.1249244],[71.428656,51.1248701],[71.4286844,51.1249424],[71.4297519,51.1247778],[71.4297235,51.1247052],[71.4300534,51.1246543],[71.4302016,51.1250326],[71.4304706,51.1249911],[71.4302557,51.1244422]]]}},{"type":"Feature","id":"way/230401645","properties":{"osm_id":"230401645","name":"Бәйтерек","kind":"building","building":"yes","height_m":81.0,"height_source":"osm:building:levels×3m","levels":27.0},"geometry":{"type":"Polygon","coordinates":[[[71.4304576,51.1283632],[71.4304755,51.1283465],[71.4305031,51.1283567],[71.4305094,51.128337],[71.4305411,51.1283398],[71.430535,51.1283201],[71.430566,51.128315],[71.4305482,51.1282983],[71.4305743,51.1282823],[71.4305449,51.1282731],[71.4305648,51.1282551],[71.4305321,51.1282537],[71.4305364,51.1282338],[71.4305051,51.1282377],[71.430497,51.1282182],[71.4304704,51.1282294],[71.4304511,51.1282133],[71.4304333,51.12823],[71.4304056,51.1282198],[71.4303993,51.1282395],[71.4303676,51.1282367],[71.4303737,51.1282564],[71.4303427,51.1282615],[71.4303605,51.1282782],[71.4303349,51.1282903],[71.4303615,51.1283015],[71.4303452,51.1283188],[71.4303766,51.1283228],[71.4303722,51.1283427],[71.4304036,51.1283389],[71.4304117,51.1283583],[71.4304384,51.1283472],[71.4304576,51.1283632]]]}},{"type":"Feature","id":"way/230403254","properties":{"osm_id":"230403254","name":"Аңсар БО","kind":"building","building":"commercial","height_m":9.0,"height_source":"osm:building:levels×3m","levels":3.0},"geometry":{"type":"Polygon","coordinates":[[[71.431836,51.1235546],[71.4317289,51.1232886],[71.4318795,51.1232647],[71.4318687,51.1232378],[71.4319086,51.1232315],[71.4318877,51.1231797],[71.4319305,51.1231729],[71.4318796,51.1230464],[71.4308747,51.1232057],[71.4309082,51.1232888],[71.4309573,51.1234109],[71.430996,51.1234048],[71.4311031,51.1236708],[71.4310644,51.1236769],[71.4310959,51.1237552],[71.431147,51.1238821],[71.4321519,51.1237228],[71.432101,51.1235963],[71.4320582,51.1236031],[71.4320373,51.1235512],[71.4319974,51.1235576],[71.4319866,51.1235307],[71.431836,51.1235546]]]}},{"type":"Feature","id":"way/230403255","properties":{"osm_id":"230403255","name":null,"kind":"building","building":"apartments","height_m":54.0,"height_source":"osm:building:levels×3m","levels":18.0},"geometry":{"type":"Polygon","coordinates":[[[71.4384458,51.1311266],[71.4384299,51.1310896],[71.4383328,51.1311059],[71.4383951,51.1312514],[71.4383293,51.1312625],[71.4383612,51.1313369],[71.4384844,51.1313162],[71.4384692,51.1312805],[71.4387109,51.1312397],[71.4387012,51.1312172],[71.4388555,51.1311912],[71.4388652,51.1312137],[71.4391069,51.131173],[71.4391221,51.1312086],[71.4392454,51.1311879],[71.4392135,51.1311135],[71.43917,51.1311208],[71.4390928,51.1309407],[71.4393273,51.1309012],[71.4392362,51.1306884],[71.4390018,51.130728],[71.4389175,51.1305311],[71.4389833,51.13052],[71.4389514,51.1304456],[71.4388282,51.1304664],[71.4388435,51.130502],[71.4386018,51.1305428],[71.4386114,51.1305653],[71.4385343,51.1305783],[71.4385761,51.1306761],[71.4386533,51.1306631],[71.4386648,51.13069],[71.4387989,51.1306674],[71.4389585,51.1310401],[71.4388021,51.1310665],[71.4388136,51.1310934],[71.4386593,51.1311194],[71.4386478,51.1310925],[71.4384458,51.1311266]]]}},{"type":"Feature","id":"way/230403270","properties":{"osm_id":"230403270","name":"Нұрсая","kind":"building","building":"office","height_m":39.0,"height_source":"osm:building:levels×3m","levels":13.0},"geometry":{"type":"Polygon","coordinates":[[[71.4357715,51.1294023],[71.4362603,51.1293271],[71.4361995,51.1291717],[71.4357108,51.1292469],[71.4357715,51.1294023]]]}},{"type":"Feature","id":"way/230403274","properties":{"osm_id":"230403274","name":null,"kind":"building","building":"apartments","height_m":39.0,"height_source":"osm:building:levels×3m","levels":13.0},"geometry":{"type":"Polygon","coordinates":[[[71.4340269,51.1257904],[71.4340877,51.1259458],[71.4333601,51.1260578],[71.4325527,51.1261821],[71.4324625,51.126196],[71.4324444,51.1261499],[71.4324017,51.1260406],[71.4340269,51.1257904]]]}},{"type":"Feature","id":"way/230403276","properties":{"osm_id":"230403276","name":null,"kind":"building","building":"apartments","height_m":36.0,"height_source":"osm:building:levels×3m","levels":12.0},"geometry":{"type":"Polygon","coordinates":[[[71.4355338,51.1294389],[71.435473,51.1292835],[71.4338478,51.1295336],[71.4339085,51.129689],[71.4355338,51.1294389]]]}},{"type":"Feature","id":"way/230403277","properties":{"osm_id":"230403277","name":"Beijing Palace Soluxe Hotel Astana","kind":"building","building":"hotel","height_m":9.0,"height_source":"osm:building:levels×3m","levels":3.0},"geometry":{"type":"Polygon","coordinates":[[[71.4326011,51.1237416],[71.4333728,51.1236191],[71.433173,51.123123],[71.4330426,51.1231437],[71.4328993,51.1231664],[71.4327779,51.1231857],[71.4324012,51.1232454],[71.4326011,51.1237416]]]}},{"type":"Feature","id":"way/230403278","properties":{"osm_id":"230403278","name":null,"kind":"building","building":"apartments","height_m":39.0,"height_source":"osm:building:levels×3m","levels":13.0},"geometry":{"type":"Polygon","coordinates":[[[71.4349929,51.1256872],[71.4366074,51.1254387],[71.4366681,51.1255941],[71.4350537,51.1258426],[71.4349929,51.1256872]]]}},{"type":"Feature","id":"way/230403279","properties":{"osm_id":"230403279","name":null,"kind":"building","building":"yes","height_m":39.0,"height_source":"osm:building:levels×3m","levels":13.0},"geometry":{"type":"Polygon","coordinates":[[[71.4365051,51.1292894],[71.4381195,51.1290409],[71.4380588,51.1288855],[71.4364443,51.129134],[71.4365051,51.1292894]]]}},{"type":"Feature","id":"way/230403286","properties":{"osm_id":"230403286","name":null,"kind":"building","building":"yes","height_m":24.0,"height_source":"osm:building:levels×3m","levels":8.0},"geometry":{"type":"Polygon","coordinates":[[[71.4347274,51.123978],[71.4347994,51.1239671],[71.4347407,51.1238141],[71.4347558,51.123797],[71.4347628,51.1237695],[71.4347544,51.1237422],[71.4347316,51.1237183],[71.4346971,51.1237006],[71.4341815,51.1237785],[71.4342838,51.1240451],[71.4346287,51.1239929],[71.4346333,51.1240049],[71.434732,51.12399],[71.4347274,51.123978]]]}},{"type":"Feature","id":"way/230403287","properties":{"osm_id":"230403287","name":"Астаналық БО","kind":"building","building":"retail","height_m":6.0,"height_source":"osm:building:levels×3m","levels":2.0},"geometry":{"type":"Polygon","coordinates":[[[71.4341467,51.1311409],[71.4353655,51.1309405],[71.4351253,51.1303672],[71.4345627,51.1304573],[71.4345567,51.1305249],[71.434446,51.1305249],[71.4343472,51.1305381],[71.4342504,51.1305723],[71.4343116,51.1306151],[71.434264,51.1306422],[71.4342111,51.1306913],[71.4341822,51.1307469],[71.4340839,51.1307409],[71.4340839,51.1308291],[71.4341497,51.1309287],[71.4340629,51.130955],[71.4341467,51.1311409]]]}},{"type":"Feature","id":"way/230403288","properties":{"osm_id":"230403288","name":null,"kind":"building","building":"yes","height_m":15.0,"height_source":"osm:building:levels×3m","levels":5.0},"geometry":{"type":"Polygon","coordinates":[[[71.4331571,51.1205633],[71.4332708,51.1205471],[71.4332598,51.1205166],[71.4338668,51.1204302],[71.4338784,51.1204624],[71.4341964,51.1204171],[71.4342397,51.120537],[71.4341974,51.120543],[71.4342073,51.1205705],[71.4341671,51.1205762],[71.434176,51.120601],[71.4341198,51.120609],[71.4341305,51.1206386],[71.4340919,51.1206441],[71.4341054,51.1206814],[71.4341782,51.120671],[71.4343106,51.1210375],[71.4342378,51.1210478],[71.4342503,51.1210823],[71.4342909,51.1210765],[71.4342965,51.1210921],[71.4343539,51.1210839],[71.434362,51.1211064],[71.4343966,51.1211014],[71.4344053,51.1211257],[71.4344746,51.1211158],[71.4345234,51.1212509],[71.4341772,51.1213002],[71.4341913,51.1213394],[71.4335941,51.1214244],[71.4335841,51.1213966],[71.4334745,51.1214122],[71.4334183,51.1212566],[71.4339939,51.1211746],[71.4339117,51.1209471],[71.4338733,51.1209526],[71.4338325,51.1208398],[71.433871,51.1208344],[71.4338,51.1206378],[71.4332141,51.1207212],[71.4331571,51.1205633]]]}},{"type":"Feature","id":"way/230403289","properties":{"osm_id":"230403289","name":null,"kind":"building","building":"school","height_m":9.0,"height_source":"osm:building:levels×3m","levels":3.0},"geometry":{"type":"Polygon","coordinates":[[[71.4366424,51.1317669],[71.4365197,51.1314458],[71.4358964,51.1315413],[71.4359312,51.1316226],[71.4350166,51.1317766],[71.4349398,51.1315971],[71.4363162,51.1313143],[71.4362357,51.1311197],[71.434904,51.131392],[71.4349458,51.1314915],[71.4347772,51.1315201],[71.4347417,51.131437],[71.4345693,51.131466],[71.4347847,51.1319695],[71.4351023,51.131916],[71.4351204,51.1319582],[71.4360174,51.1318071],[71.4360405,51.1318612],[71.4366424,51.1317669]]]}},{"type":"Feature","id":"way/230406681","properties":{"osm_id":"230406681","name":null,"kind":"building","building":"apartments","height_m":30.0,"height_source":"osm:building:levels×3m","levels":10.0},"geometry":{"type":"Polygon","coordinates":[[[71.43063,51.1205999],[71.430673,51.1207101],[71.430174,51.1207868],[71.4303812,51.1213178],[71.4321162,51.1210511],[71.4319129,51.12053],[71.4311246,51.1206511],[71.4310715,51.1205151],[71.4320455,51.1203654],[71.4323566,51.1211631],[71.43024,51.1214884],[71.4299351,51.1207067],[71.43063,51.1205999]]]}},{"type":"Feature","id":"way/230406683","properties":{"osm_id":"230406683","name":null,"kind":"building","building":"commercial","height_m":12.0,"height_source":"osm:building:levels×3m","levels":4.0},"geometry":{"type":"Polygon","coordinates":[[[71.4299472,51.1197698],[71.4301194,51.1197442],[71.4299959,51.1194227],[71.4298517,51.1194447],[71.4297455,51.1191713],[71.4298952,51.1191484],[71.4297651,51.11881],[71.4296102,51.1188334],[71.429513,51.1185798],[71.4296398,51.1185607],[71.4295672,51.1183717],[71.4290321,51.1184526],[71.4292972,51.1191427],[71.429254,51.1192056],[71.4292121,51.1192627],[71.4291867,51.1193361],[71.4291977,51.1193989],[71.4292321,51.119471],[71.4292903,51.1195386],[71.4293838,51.1195906],[71.4294773,51.1196116],[71.4297274,51.1202627],[71.4303101,51.1201745],[71.4302394,51.1199907],[71.4300414,51.12002],[71.4299472,51.1197698]]]}},{"type":"Feature","id":"way/230408969","properties":{"osm_id":"230408969","name":null,"kind":"building","building":"yes","height_m":12.0,"height_source":"visual-fallback:12m","levels":null},"geometry":{"type":"Polygon","coordinates":[[[71.4223471,51.1200863],[71.4226133,51.1201027],[71.4226309,51.1199898],[71.4223648,51.1199734],[71.4223471,51.1200863]]]}},{"type":"Feature","id":"way/230408985","properties":{"osm_id":"230408985","name":"Левобережная","kind":"building","building":"yes","height_m":9.0,"height_source":"osm:building:levels×3m","levels":3.0},"geometry":{"type":"Polygon","coordinates":[[[71.4235066,51.1230306],[71.4236594,51.123442],[71.4240827,51.1233801],[71.4239298,51.1229686],[71.4235066,51.1230306]]]}},{"type":"Feature","id":"way/230409002","properties":{"osm_id":"230409002","name":null,"kind":"building","building":"yes","height_m":12.0,"height_source":"visual-fallback:12m","levels":null},"geometry":{"type":"Polygon","coordinates":[[[71.4226017,51.1215308],[71.4227116,51.1216174],[71.4228578,51.1215443],[71.422748,51.1214577],[71.4226017,51.1215308]]]}},{"type":"Feature","id":"way/230409006","properties":{"osm_id":"230409006","name":null,"kind":"building","building":"yes","height_m":12.0,"height_source":"visual-fallback:12m","levels":null},"geometry":{"type":"Polygon","coordinates":[[[71.4222814,51.1210258],[71.4224536,51.1210367],[71.4224726,51.1209177],[71.4223004,51.1209068],[71.4222814,51.1210258]]]}},{"type":"Feature","id":"way/230409040","properties":{"osm_id":"230409040","name":null,"kind":"building","building":"yes","height_m":12.0,"height_source":"visual-fallback:12m","levels":null},"geometry":{"type":"Polygon","coordinates":[[[71.4223282,51.120737],[71.4225039,51.12075],[71.422524,51.1206435],[71.4223482,51.1206305],[71.4223282,51.120737]]]}},{"type":"Feature","id":"way/230409041","properties":{"osm_id":"230409041","name":null,"kind":"building","building":"yes","height_m":12.0,"height_source":"visual-fallback:12m","levels":null},"geometry":{"type":"Polygon","coordinates":[[[71.4223777,51.1204384],[71.4225569,51.1204508],[71.4225757,51.1203433],[71.4223965,51.120331],[71.4223777,51.1204384]]]}},{"type":"Feature","id":"way/230409042","properties":{"osm_id":"230409042","name":null,"kind":"building","building":"yes","height_m":12.0,"height_source":"visual-fallback:12m","levels":null},"geometry":{"type":"Polygon","coordinates":[[[71.4235797,51.1218747],[71.4236914,51.1218786],[71.4236976,51.12181],[71.4237505,51.1218119],[71.4237535,51.1217796],[71.4237989,51.1217812],[71.4238023,51.1217432],[71.4237571,51.1217416],[71.4237595,51.1217151],[71.4235547,51.1217079],[71.4235527,51.1217306],[71.4235144,51.1217292],[71.4235107,51.1217704],[71.4235483,51.1217717],[71.4235453,51.121805],[71.4235859,51.1218065],[71.4235797,51.1218747]]]}},{"type":"Feature","id":"way/230409071","properties":{"osm_id":"230409071","name":null,"kind":"building","building":"yes","height_m":6.0,"height_source":"osm:building:levels×3m","levels":2.0},"geometry":{"type":"Polygon","coordinates":[[[71.4331547,51.121595],[71.4334095,51.1215581],[71.4330008,51.1205012],[71.432763,51.1205386],[71.4328661,51.1206075],[71.4330089,51.1209768],[71.4329334,51.1209883],[71.4329973,51.1211533],[71.433073,51.1211418],[71.433217,51.1215142],[71.4331547,51.121595]]]}},{"type":"Feature","id":"way/230409073","properties":{"osm_id":"230409073","name":null,"kind":"building","building":"yes","height_m":12.0,"height_source":"visual-fallback:12m","levels":null},"geometry":{"type":"Polygon","coordinates":[[[71.4230936,51.1218077],[71.4232704,51.1218143],[71.4232812,51.1217011],[71.4231043,51.1216944],[71.4230936,51.1218077]]]}},{"type":"Feature","id":"way/230409078","properties":{"osm_id":"230409078","name":null,"kind":"building","building":"yes","height_m":12.0,"height_source":"visual-fallback:12m","levels":null},"geometry":{"type":"Polygon","coordinates":[[[71.4221674,51.1212851],[71.4223911,51.1213014],[71.422414,51.1211782],[71.4221903,51.1211619],[71.4221674,51.1212851]]]}},{"type":"Feature","id":"way/230409097/road","properties":{"osm_id":"230409097","name":"70 лет Октября көшесі","kind":"road","highway":"residential","surface":null,"lanes":null},"geometry":{"type":"LineString","coordinates":[[71.4227572,51.120607],[71.4227049,51.1207861],[71.4226566,51.1209457],[71.4226572,51.121096],[71.4227219,51.1212004],[71.4231668,51.1215345],[71.4239832,51.1215814],[71.4240898,51.1217767]]}},{"type":"Feature","id":"way/230409108/road","properties":{"osm_id":"230409108","name":null,"kind":"road","highway":"service","surface":null,"lanes":null},"geometry":{"type":"LineString","coordinates":[[71.4312767,51.1214516],[71.4314596,51.1218916],[71.4316523,51.1223549]]}},{"type":"Feature","id":"way/230409109/road","properties":{"osm_id":"230409109","name":null,"kind":"road","highway":"service","surface":null,"lanes":null},"geometry":{"type":"LineString","coordinates":[[71.4328655,51.1221637],[71.432918,51.1220722],[71.4325774,51.1212219]]}},{"type":"Feature","id":"way/230412469","properties":{"osm_id":"230412469","name":null,"kind":"building","building":"yes","height_m":9.0,"height_source":"osm:building:levels×3m","levels":3.0},"geometry":{"type":"Polygon","coordinates":[[[71.4199314,51.123509],[71.4207847,51.1233658],[71.4206494,51.1230483],[71.4197961,51.1231915],[71.4199314,51.123509]]]}},{"type":"Feature","id":"way/230412475","properties":{"osm_id":"230412475","name":null,"kind":"building","building":"apartments","height_m":36.0,"height_source":"osm:building:levels×3m","levels":12.0},"geometry":{"type":"Polygon","coordinates":[[[71.4187886,51.1229788],[71.4187193,51.1227997],[71.4185718,51.1228222],[71.4185794,51.1228421],[71.4184912,51.1228555],[71.4185072,51.1228968],[71.4174901,51.123052],[71.4173465,51.1225572],[71.4172454,51.1224201],[71.4207564,51.1218844],[71.4209897,51.1224869],[71.4203939,51.1225778],[71.4204567,51.1227399],[71.4212675,51.1226163],[71.4209221,51.1217234],[71.4170827,51.1223087],[71.4169619,51.1223271],[71.4171127,51.1225929],[71.4173017,51.1232054],[71.4187886,51.1229788]]]}},{"type":"Feature","id":"way/230412480","properties":{"osm_id":"230412480","name":null,"kind":"building","building":"apartments","height_m":27.0,"height_source":"osm:building:levels×3m","levels":9.0},"geometry":{"type":"Polygon","coordinates":[[[71.4196033,51.1204623],[71.4195853,51.1203327],[71.4197455,51.1203233],[71.4198742,51.1203496],[71.4199626,51.1204708],[71.420012,51.1206324],[71.4200584,51.1207452],[71.4200823,51.120903],[71.4201422,51.1210496],[71.4201617,51.1211502],[71.4201734,51.1212018],[71.4199641,51.1212282],[71.4198728,51.1210083],[71.4198653,51.1208617],[71.4198024,51.1207085],[71.4197889,51.1206023],[71.4197635,51.1205168],[71.419738,51.1204774],[71.4196871,51.1204501],[71.4196033,51.1204623]]]}},{"type":"Feature","id":"way/230412481","properties":{"osm_id":"230412481","name":null,"kind":"building","building":"apartments","height_m":27.0,"height_source":"osm:building:levels×3m","levels":9.0},"geometry":{"type":"Polygon","coordinates":[[[71.4200438,51.1212552],[71.4202489,51.1212467],[71.4202384,51.1213783],[71.4201381,51.1214309],[71.419942,51.1214685],[71.4197339,51.1214873],[71.4195124,51.121522],[71.4192579,51.1215484],[71.4190483,51.1215653],[71.4188507,51.1215812],[71.4188552,51.1214694],[71.4189719,51.1214243],[71.4191082,51.12143],[71.4192369,51.1214027],[71.4193657,51.1213924],[71.4194899,51.1213745],[71.4195109,51.1213529],[71.4197264,51.121351],[71.4197923,51.1213304],[71.4199345,51.1213304],[71.4200214,51.1212853],[71.4200214,51.121258],[71.4200438,51.1212552]]]}},{"type":"Feature","id":"way/230412499/road","properties":{"osm_id":"230412499","name":null,"kind":"road","highway":"living_street","surface":null,"lanes":null},"geometry":{"type":"LineString","coordinates":[[71.421213,51.1215634],[71.4209567,51.1216144]]}},{"type":"Feature","id":"way/236447963","properties":{"osm_id":"236447963","name":null,"kind":"building","building":"apartments","height_m":30.0,"height_source":"osm:building:levels×3m","levels":10.0},"geometry":{"type":"Polygon","coordinates":[[[71.4395908,51.1190872],[71.4384813,51.1192367],[71.4387585,51.1200477],[71.4409787,51.1197487],[71.4407015,51.1189377],[71.4400023,51.1190318],[71.4400498,51.1191708],[71.4405172,51.1191079],[71.4406934,51.1196234],[71.4389717,51.1198553],[71.4387955,51.1193397],[71.4396383,51.1192263],[71.4395908,51.1190872]]]}},{"type":"Feature","id":"way/239156482/road","properties":{"osm_id":"239156482","name":null,"kind":"road","highway":"service","surface":"asphalt","lanes":null},"geometry":{"type":"LineString","coordinates":[[71.4310204,51.1202913],[71.4309212,51.1200253],[71.430884,51.1199303],[71.4307568,51.1196053],[71.4306892,51.1194327],[71.4306586,51.1193545],[71.4305246,51.119012],[71.4304701,51.1188729],[71.4304162,51.1187352],[71.4301886,51.1183318],[71.4301358,51.1181875],[71.4296475,51.1182711],[71.429282,51.1183327],[71.4289975,51.1183637],[71.4287817,51.1183981],[71.4285395,51.1184511]]}},{"type":"Feature","id":"way/240909211","properties":{"osm_id":"240909211","name":null,"kind":"building","building":"apartments","height_m":60.0,"height_source":"osm:building:levels×3m","levels":20.0},"geometry":{"type":"Polygon","coordinates":[[[71.4281849,51.136038],[71.4283816,51.1364767],[71.4285563,51.1364459],[71.4284279,51.1361598],[71.4285565,51.136137],[71.4285238,51.1360643],[71.4292148,51.1359422],[71.4292503,51.1360213],[71.4294191,51.1359915],[71.4294683,51.136101],[71.42962,51.1360742],[71.4294996,51.1358059],[71.4281849,51.136038]]]}},{"type":"Feature","id":"way/240909213","properties":{"osm_id":"240909213","name":null,"kind":"building","building":"apartments","height_m":12.0,"height_source":"visual-fallback:12m","levels":null},"geometry":{"type":"Polygon","coordinates":[[[71.4295742,51.1347194],[71.4298821,51.1354094],[71.4298736,51.1354109],[71.4300023,51.1356973],[71.4304711,51.1356143],[71.4303424,51.1353279],[71.4301014,51.1353706],[71.4298435,51.134811],[71.4298992,51.1347431],[71.4303632,51.1346602],[71.4304792,51.1346992],[71.4306414,51.1350748],[71.4304999,51.1350989],[71.430579,51.1352821],[71.4304727,51.1353002],[71.4303897,51.1353844],[71.4304474,51.1355166],[71.4307256,51.1354645],[71.43065,51.1352869],[71.4307924,51.1352631],[71.4307145,51.1350801],[71.4308553,51.1350565],[71.4306373,51.1345444],[71.430516,51.1344944],[71.429647,51.1346471],[71.4295742,51.1347194]]]}},{"type":"Feature","id":"way/240909218","properties":{"osm_id":"240909218","name":"Rixos President Astana","kind":"building","building":"yes","height_m":12.0,"height_source":"visual-fallback:12m","levels":null},"geometry":{"type":"Polygon","coordinates":[[[71.4211841,51.1334457],[71.421133,51.1334538],[71.4210521,51.1334666],[71.4208023,51.1335063],[71.4210195,51.1340454],[71.4209068,51.1340633],[71.4210822,51.1344987],[71.421777,51.1343884],[71.4217422,51.134302],[71.422043,51.1342543],[71.421716,51.1334428],[71.4216166,51.1334586],[71.4215857,51.133382],[71.4215519,51.1333873],[71.4213212,51.133424],[71.421229,51.1334386],[71.4211841,51.1334457]]]}},{"type":"Feature","id":"way/240909222","properties":{"osm_id":"240909222","name":null,"kind":"building","building":"apartments","height_m":24.0,"height_source":"osm:building:levels×3m","levels":8.0},"geometry":{"type":"Polygon","coordinates":[[[71.4320406,51.1346703],[71.4329172,51.1345251],[71.4328712,51.1344055],[71.4329746,51.1343881],[71.4330263,51.1345116],[71.4339944,51.1343381],[71.4338701,51.1340006],[71.4337828,51.1339694],[71.4337311,51.1340081],[71.4336881,51.1339842],[71.4336364,51.1339699],[71.4335854,51.1339696],[71.4335351,51.1339964],[71.4335145,51.1340153],[71.4334971,51.1340481],[71.4334943,51.1340679],[71.4334206,51.1340944],[71.4333308,51.134123],[71.433135,51.1341768],[71.4329271,51.1342214],[71.4329593,51.1342963],[71.4328507,51.1343191],[71.4328171,51.1342416],[71.4324228,51.1342812],[71.4322834,51.1342871],[71.4322069,51.1342862],[71.4321788,51.134261],[71.4321265,51.1342433],[71.432046,51.1342357],[71.4320071,51.1342509],[71.4319682,51.1342719],[71.4319569,51.1343049],[71.4318719,51.1342933],[71.4318364,51.1343434],[71.4319485,51.1346836],[71.4320406,51.1346703]]]}},{"type":"Feature","id":"way/240909236","properties":{"osm_id":"240909236","name":"Дом экономики","kind":"building","building":"apartments","height_m":9.0,"height_source":"osm:building:levels×3m","levels":3.0},"geometry":{"type":"Polygon","coordinates":[[[71.4258531,51.1373738],[71.4260844,51.1373167],[71.425549,51.1364629],[71.4253177,51.13652],[71.4258531,51.1373738]]]}},{"type":"Feature","id":"way/240909245","properties":{"osm_id":"240909245","name":"Lavash Food","kind":"building","building":"yes","height_m":9.0,"height_source":"osm:building:levels×3m","levels":3.0},"geometry":{"type":"Polygon","coordinates":[[[71.4314972,51.1345599],[71.4316241,51.1349375],[71.4318382,51.1349092],[71.4317113,51.1345316],[71.4314972,51.1345599]]]}},{"type":"Feature","id":"way/240909247","properties":{"osm_id":"240909247","name":null,"kind":"building","building":"yes","height_m":12.0,"height_source":"visual-fallback:12m","levels":null},"geometry":{"type":"Polygon","coordinates":[[[71.4321502,51.1348421],[71.432357,51.1348082],[71.4323216,51.1347231],[71.4321148,51.134757],[71.4321502,51.1348421]]]}},{"type":"Feature","id":"way/240909278","properties":{"osm_id":"240909278","name":null,"kind":"building","building":"detached","height_m":9.0,"height_source":"osm:building:levels×3m","levels":3.0},"geometry":{"type":"Polygon","coordinates":[[[71.4275281,51.1341248],[71.4276877,51.134101],[71.4276475,51.1339947],[71.4274879,51.1340185],[71.4275281,51.1341248]]]}},{"type":"Feature","id":"way/240909286","properties":{"osm_id":"240909286","name":"БЦ Миссон","kind":"building","building":"commercial","height_m":12.0,"height_source":"osm:building:levels×3m","levels":4.0},"geometry":{"type":"Polygon","coordinates":[[[71.4265586,51.1364853],[71.4273299,51.1363517],[71.42725,51.1361699],[71.4264786,51.1363035],[71.4265586,51.1364853]]]}},{"type":"Feature","id":"way/240931376","properties":{"osm_id":"240931376","name":null,"kind":"building","building":"apartments","height_m":12.0,"height_source":"osm:building:levels×3m","levels":4.0},"geometry":{"type":"Polygon","coordinates":[[[71.4358066,51.1380766],[71.4359918,51.1381119],[71.4360027,51.1380893],[71.4361483,51.1381171],[71.4361377,51.138139],[71.4363099,51.1381718],[71.4363194,51.1381521],[71.4363572,51.1381593],[71.4364347,51.1379995],[71.4360598,51.137928],[71.436073,51.1379008],[71.4359071,51.1378691],[71.4358066,51.1380766]]]}},{"type":"Feature","id":"way/240931382","properties":{"osm_id":"240931382","name":null,"kind":"building","building":"apartments","height_m":27.0,"height_source":"osm:building:levels×3m","levels":9.0},"geometry":{"type":"Polygon","coordinates":[[[71.4353837,51.137825],[71.4356384,51.1378761],[71.4360704,51.137029],[71.435813,51.1369773],[71.4357494,51.1371019],[71.4357854,51.1371091],[71.4357428,51.1371926],[71.4357088,51.1371858],[71.4356194,51.1373611],[71.4356568,51.1373686],[71.4356159,51.1374487],[71.4355785,51.1374412],[71.4354837,51.1376271],[71.4355257,51.1376355],[71.4354877,51.13771],[71.4354465,51.1377018],[71.4353837,51.137825]]]}},{"type":"Feature","id":"way/240931387","properties":{"osm_id":"240931387","name":"Карлыгаш № 2","kind":"building","building":"kindergarten","height_m":9.0,"height_source":"osm:building:levels×3m","levels":3.0},"geometry":{"type":"Polygon","coordinates":[[[71.4395095,51.1389],[71.4396764,51.1389246],[71.4396959,51.1388727],[71.4398574,51.1388965],[71.4399056,51.1387683],[71.4398231,51.1387561],[71.4398792,51.1386065],[71.439961,51.1386186],[71.4400086,51.1384918],[71.4398458,51.1384677],[71.4398622,51.1384239],[71.4396882,51.1383982],[71.439663,51.1384654],[71.4395778,51.1384528],[71.4395395,51.1385548],[71.4394303,51.1385386],[71.4393618,51.138721],[71.4395137,51.1387435],[71.4394754,51.1388456],[71.439527,51.1388532],[71.4395095,51.1389]]]}},{"type":"Feature","id":"way/240931405","properties":{"osm_id":"240931405","name":null,"kind":"building","building":"commercial","height_m":6.0,"height_source":"osm:building:levels×3m","levels":2.0},"geometry":{"type":"Polygon","coordinates":[[[71.4341638,51.136524],[71.4347001,51.1366282],[71.4350361,51.1359474],[71.4344999,51.1358432],[71.4341638,51.136524]]]}},{"type":"Feature","id":"way/241619841/road","properties":{"osm_id":"241619841","name":null,"kind":"road","highway":"residential","surface":null,"lanes":null},"geometry":{"type":"LineString","coordinates":[[71.4252344,51.1333399],[71.4254341,51.1338885],[71.4256342,51.1344382]]}},{"type":"Feature","id":"way/241619842/road","properties":{"osm_id":"241619842","name":null,"kind":"road","highway":"residential","surface":null,"lanes":null},"geometry":{"type":"LineString","coordinates":[[71.4231837,51.1323115],[71.423551,51.1332463]]}},{"type":"Feature","id":"way/241619846/road","properties":{"osm_id":"241619846","name":null,"kind":"road","highway":"residential","surface":null,"lanes":null},"geometry":{"type":"LineString","coordinates":[[71.4236883,51.1335852],[71.4241301,51.1346927]]}},{"type":"Feature","id":"way/241619849/road","properties":{"osm_id":"241619849","name":null,"kind":"road","highway":"residential","surface":null,"lanes":null},"geometry":{"type":"LineString","coordinates":[[71.4247391,51.1320659],[71.4251072,51.1330059]]}},{"type":"Feature","id":"way/241619855/road","properties":{"osm_id":"241619855","name":"Қарашаш көшесі","kind":"road","highway":"residential","surface":"asphalt","lanes":null},"geometry":{"type":"LineString","coordinates":[[71.4210184,51.1373229],[71.4220575,51.1370951],[71.423022,51.136865],[71.4238948,51.1366484],[71.4240277,51.1366261],[71.4248224,51.1364577],[71.4251634,51.1363895],[71.4253528,51.1363534],[71.425565,51.1363186]]}},{"type":"Feature","id":"way/241619860/road","properties":{"osm_id":"241619860","name":null,"kind":"road","highway":"residential","surface":null,"lanes":null},"geometry":{"type":"LineString","coordinates":[[71.42167,51.1325505],[71.4231837,51.1323115],[71.4247391,51.1320659],[71.4254834,51.1319457],[71.4261641,51.1318358]]}},{"type":"Feature","id":"way/241619861/road","properties":{"osm_id":"241619861","name":null,"kind":"road","highway":"service","surface":null,"lanes":null},"geometry":{"type":"LineString","coordinates":[[71.4177086,51.1345223],[71.4185893,51.1343917],[71.4191673,51.1343059],[71.4196621,51.1342325],[71.4199363,51.1341919],[71.4199631,51.1341879],[71.4202538,51.1341375]]}},{"type":"Feature","id":"way/241619862/road","properties":{"osm_id":"241619862","name":null,"kind":"road","highway":"residential","surface":null,"lanes":null},"geometry":{"type":"LineString","coordinates":[[71.4227336,51.135247],[71.4226805,51.1351102],[71.4226193,51.1349482],[71.422333,51.1342253],[71.4221747,51.1338254],[71.4221114,51.1336654],[71.422095,51.133624],[71.4220397,51.1334843],[71.42167,51.1325505],[71.4215511,51.1322564],[71.4215055,51.1321567]]}},{"type":"Feature","id":"way/241619863/road","properties":{"osm_id":"241619863","name":null,"kind":"road","highway":"residential","surface":null,"lanes":null},"geometry":{"type":"LineString","coordinates":[[71.4220397,51.1334843],[71.4227443,51.1333744],[71.422852,51.1333576],[71.4231318,51.1333137],[71.423551,51.1332463],[71.424265,51.1331373],[71.4243812,51.1331191],[71.4250018,51.1330223],[71.4251072,51.1330059],[71.4251624,51.1329966],[71.4257894,51.1328928],[71.4259103,51.1328723],[71.4266081,51.1327543]]}},{"type":"Feature","id":"way/241619864/road","properties":{"osm_id":"241619864","name":null,"kind":"road","highway":"residential","surface":null,"lanes":null},"geometry":{"type":"LineString","coordinates":[[71.4270875,51.134178],[71.4256342,51.1344382],[71.4241301,51.1346927],[71.4226193,51.1349482],[71.4207897,51.1352574],[71.418171,51.1357]]}},{"type":"Feature","id":"way/241619868","properties":{"osm_id":"241619868","name":null,"kind":"building","building":"yes","height_m":3.0,"height_source":"osm:building:levels×3m","levels":1.0},"geometry":{"type":"Polygon","coordinates":[[[71.4246549,51.1392031],[71.4246852,51.1392504],[71.4247137,51.1392432],[71.4247686,51.1393288],[71.4249058,51.1392942],[71.4248932,51.1392744],[71.4249791,51.1392527],[71.4249445,51.1391988],[71.424859,51.1392204],[71.424821,51.1391612],[71.4246549,51.1392031]]]}},{"type":"Feature","id":"way/241619874","properties":{"osm_id":"241619874","name":null,"kind":"building","building":"yes","height_m":12.0,"height_source":"visual-fallback:12m","levels":null},"geometry":{"type":"Polygon","coordinates":[[[71.4246537,51.1395763],[71.4242632,51.1396667],[71.4243573,51.1398266],[71.4244746,51.1397994],[71.4244045,51.1396802],[71.4244668,51.1396658],[71.4245256,51.1397658],[71.4245936,51.13975],[71.424601,51.1397625],[71.4246576,51.1397494],[71.4246387,51.1397173],[71.4247249,51.1396973],[71.4246537,51.1395763]]]}},{"type":"Feature","id":"way/241619880","properties":{"osm_id":"241619880","name":null,"kind":"building","building":"yes","height_m":3.0,"height_source":"osm:building:levels×3m","levels":1.0},"geometry":{"type":"Polygon","coordinates":[[[71.4245887,51.1390439],[71.4246676,51.1391655],[71.4247352,51.1391482],[71.424746,51.1391648],[71.4248016,51.1391506],[71.4247914,51.1391349],[71.424865,51.1391161],[71.4247856,51.1389936],[71.4245887,51.1390439]]]}},{"type":"Feature","id":"way/241619888","properties":{"osm_id":"241619888","name":null,"kind":"building","building":"yes","height_m":3.0,"height_source":"osm:building:levels×3m","levels":1.0},"geometry":{"type":"Polygon","coordinates":[[[71.4250221,51.1397205],[71.4250846,51.1398278],[71.425254,51.1397889],[71.4251914,51.1396817],[71.4250221,51.1397205]]]}},{"type":"Feature","id":"way/241619892","properties":{"osm_id":"241619892","name":null,"kind":"building","building":"yes","height_m":12.0,"height_source":"visual-fallback:12m","levels":null},"geometry":{"type":"Polygon","coordinates":[[[71.4235948,51.1396821],[71.4234414,51.1397211],[71.4235208,51.1398442],[71.4236742,51.1398052],[71.4235948,51.1396821]]]}},{"type":"Feature","id":"way/241619894","properties":{"osm_id":"241619894","name":null,"kind":"building","building":"yes","height_m":3.0,"height_source":"osm:building:levels×3m","levels":1.0},"geometry":{"type":"Polygon","coordinates":[[[71.4249151,51.139542],[71.4249882,51.1396606],[71.4251493,51.1396215],[71.4250762,51.1395029],[71.4249151,51.139542]]]}},{"type":"Feature","id":"way/241619903","properties":{"osm_id":"241619903","name":null,"kind":"building","building":"yes","height_m":12.0,"height_source":"visual-fallback:12m","levels":null},"geometry":{"type":"Polygon","coordinates":[[[71.4243553,51.139067],[71.4241865,51.1391087],[71.4242628,51.1392304],[71.4244317,51.1391887],[71.4243553,51.139067]]]}},{"type":"Feature","id":"way/241619907","properties":{"osm_id":"241619907","name":null,"kind":"building","building":"yes","height_m":3.0,"height_source":"osm:building:levels×3m","levels":1.0},"geometry":{"type":"Polygon","coordinates":[[[71.4251045,51.1398467],[71.425185,51.1399899],[71.4253584,51.1399515],[71.425278,51.1398083],[71.4251045,51.1398467]]]}},{"type":"Feature","id":"way/241619915","properties":{"osm_id":"241619915","name":null,"kind":"building","building":"yes","height_m":12.0,"height_source":"visual-fallback:12m","levels":null},"geometry":{"type":"Polygon","coordinates":[[[71.4248599,51.1399306],[71.424703,51.1399644],[71.4247453,51.1400416],[71.4249022,51.1400078],[71.4248599,51.1399306]]]}},{"type":"Feature","id":"way/241619927","properties":{"osm_id":"241619927","name":null,"kind":"building","building":"yes","height_m":12.0,"height_source":"visual-fallback:12m","levels":null},"geometry":{"type":"Polygon","coordinates":[[[71.4235101,51.1395314],[71.4233349,51.1395705],[71.4233535,51.1396032],[71.4233177,51.1396111],[71.423355,51.1396768],[71.4235658,51.1396297],[71.4235101,51.1395314]]]}},{"type":"Feature","id":"way/241619928","properties":{"osm_id":"241619928","name":null,"kind":"building","building":"yes","height_m":12.0,"height_source":"visual-fallback:12m","levels":null},"geometry":{"type":"Polygon","coordinates":[[[71.4233507,51.1393021],[71.4231652,51.1393493],[71.4232017,51.1394057],[71.4231474,51.1394195],[71.423199,51.1394993],[71.4234387,51.1394383],[71.4233507,51.1393021]]]}},{"type":"Feature","id":"way/241619932","properties":{"osm_id":"241619932","name":null,"kind":"building","building":"yes","height_m":12.0,"height_source":"visual-fallback:12m","levels":null},"geometry":{"type":"Polygon","coordinates":[[[71.4235199,51.1398919],[71.4235557,51.1399566],[71.4235278,51.1399627],[71.4235617,51.1400239],[71.4237881,51.1399746],[71.4237185,51.1398487],[71.4235199,51.1398919]]]}},{"type":"Feature","id":"way/241619944","properties":{"osm_id":"241619944","name":null,"kind":"building","building":"yes","height_m":12.0,"height_source":"visual-fallback:12m","levels":null},"geometry":{"type":"Polygon","coordinates":[[[71.4242575,51.1392937],[71.4243141,51.1393812],[71.4244319,51.1393513],[71.4244209,51.1393342],[71.4244795,51.1393193],[71.4244498,51.1392733],[71.4243898,51.1392886],[71.4243739,51.1392641],[71.4242575,51.1392937]]]}},{"type":"Feature","id":"way/241619958","properties":{"osm_id":"241619958","name":null,"kind":"building","building":"yes","height_m":12.0,"height_source":"visual-fallback:12m","levels":null},"geometry":{"type":"Polygon","coordinates":[[[71.4247811,51.1397824],[71.4246479,51.1398146],[71.4246727,51.1398549],[71.4246183,51.139868],[71.4246438,51.1399096],[71.4245855,51.1399237],[71.4246083,51.1399608],[71.4248541,51.1399014],[71.4247811,51.1397824]]]}},{"type":"Feature","id":"way/241660423","properties":{"osm_id":"241660423","name":null,"kind":"building","building":"yes","height_m":12.0,"height_source":"visual-fallback:12m","levels":null},"geometry":{"type":"Polygon","coordinates":[[[71.428504,51.1398582],[71.428548,51.1399224],[71.4285233,51.1399291],[71.4285618,51.1399854],[71.4285905,51.1399776],[71.4286246,51.1400274],[71.4287989,51.1399804],[71.4287697,51.1399378],[71.4287987,51.13993],[71.4287705,51.1398887],[71.4287351,51.1398983],[71.4286759,51.1398118],[71.428504,51.1398582]]]}},{"type":"Feature","id":"way/241660438","properties":{"osm_id":"241660438","name":null,"kind":"building","building":"yes","height_m":12.0,"height_source":"visual-fallback:12m","levels":null},"geometry":{"type":"Polygon","coordinates":[[[71.4331852,51.1386529],[71.4333309,51.1386803],[71.4333069,51.1387305],[71.4333497,51.1387386],[71.4333416,51.1387556],[71.4334542,51.1387768],[71.4335805,51.1385125],[71.4334286,51.1384839],[71.4334143,51.1385137],[71.4333309,51.138498],[71.4333009,51.1385607],[71.4332743,51.1385557],[71.4332503,51.1386058],[71.4332112,51.1385985],[71.4331852,51.1386529]]]}},{"type":"Feature","id":"way/241660457","properties":{"osm_id":"241660457","name":null,"kind":"building","building":"yes","height_m":12.0,"height_source":"visual-fallback:12m","levels":null},"geometry":{"type":"Polygon","coordinates":[[[71.4270178,51.1378719],[71.4271228,51.1379717],[71.4273988,51.1378574],[71.4272939,51.1377576],[71.4270178,51.1378719]]]}},{"type":"Feature","id":"way/241660476","properties":{"osm_id":"241660476","name":null,"kind":"building","building":"yes","height_m":12.0,"height_source":"visual-fallback:12m","levels":null},"geometry":{"type":"Polygon","coordinates":[[[71.4330007,51.1392682],[71.4329518,51.139359],[71.4331019,51.1393909],[71.4331508,51.1393001],[71.4330007,51.1392682]]]}},{"type":"Feature","id":"way/241660486","properties":{"osm_id":"241660486","name":null,"kind":"building","building":"yes","height_m":12.0,"height_source":"visual-fallback:12m","levels":null},"geometry":{"type":"Polygon","coordinates":[[[71.4299685,51.1375181],[71.4300338,51.1376167],[71.4302062,51.1375718],[71.4301409,51.1374732],[71.4299685,51.1375181]]]}},{"type":"Feature","id":"way/241660494","properties":{"osm_id":"241660494","name":null,"kind":"building","building":"kindergarten","height_m":12.0,"height_source":"visual-fallback:12m","levels":null},"geometry":{"type":"Polygon","coordinates":[[[71.4211374,51.1378633],[71.4208027,51.1379425],[71.4208747,51.1380623],[71.4212094,51.1379831],[71.4211374,51.1378633]]]}},{"type":"Feature","id":"way/241660507","properties":{"osm_id":"241660507","name":null,"kind":"building","building":"yes","height_m":12.0,"height_source":"visual-fallback:12m","levels":null},"geometry":{"type":"Polygon","coordinates":[[[71.4208345,51.1380891],[71.4209563,51.138258],[71.421375,51.1381392],[71.4212859,51.1380157],[71.4209813,51.1381021],[71.4209486,51.1380567],[71.4208345,51.1380891]]]}},{"type":"Feature","id":"way/241660519","properties":{"osm_id":"241660519","name":null,"kind":"building","building":"yes","height_m":12.0,"height_source":"visual-fallback:12m","levels":null},"geometry":{"type":"Polygon","coordinates":[[[71.4275249,51.1376795],[71.4276055,51.1377557],[71.4276395,51.1377415],[71.4276568,51.1377579],[71.4278504,51.1376773],[71.4277525,51.1375847],[71.4275249,51.1376795]]]}},{"type":"Feature","id":"way/241660525","properties":{"osm_id":"241660525","name":null,"kind":"building","building":"yes","height_m":12.0,"height_source":"visual-fallback:12m","levels":null},"geometry":{"type":"Polygon","coordinates":[[[71.4303393,51.1377804],[71.4301993,51.1378176],[71.4302819,51.1379397],[71.4303659,51.1379174],[71.4303807,51.1379394],[71.4304367,51.1379245],[71.4303393,51.1377804]]]}},{"type":"Feature","id":"way/241660528","properties":{"osm_id":"241660528","name":null,"kind":"building","building":"yes","height_m":12.0,"height_source":"visual-fallback:12m","levels":null},"geometry":{"type":"Polygon","coordinates":[[[71.4291055,51.140033],[71.4291615,51.1401246],[71.4293275,51.1400847],[71.429355,51.1401297],[71.4295317,51.1400871],[71.4294481,51.1399505],[71.4291055,51.140033]]]}},{"type":"Feature","id":"way/241660548","properties":{"osm_id":"241660548","name":null,"kind":"building","building":"yes","height_m":12.0,"height_source":"visual-fallback:12m","levels":null},"geometry":{"type":"Polygon","coordinates":[[[71.4279977,51.1400117],[71.4280764,51.1401335],[71.4282804,51.1400816],[71.4282498,51.1400342],[71.4283014,51.1400211],[71.4282709,51.139974],[71.4282143,51.1399884],[71.4281967,51.1399611],[71.4279977,51.1400117]]]}},{"type":"Feature","id":"way/241660560","properties":{"osm_id":"241660560","name":null,"kind":"building","building":"yes","height_m":12.0,"height_source":"visual-fallback:12m","levels":null},"geometry":{"type":"Polygon","coordinates":[[[71.4294941,51.1368787],[71.429585,51.1369627],[71.429631,51.1369431],[71.4296564,51.1369666],[71.4298017,51.1369047],[71.4297792,51.1368839],[71.4298379,51.1368589],[71.4297442,51.1367722],[71.4294941,51.1368787]]]}},{"type":"Feature","id":"way/241660566","properties":{"osm_id":"241660566","name":null,"kind":"building","building":"yes","height_m":12.0,"height_source":"visual-fallback:12m","levels":null},"geometry":{"type":"Polygon","coordinates":[[[71.4303257,51.1380006],[71.4304246,51.1381381],[71.4305428,51.1381047],[71.4305309,51.1380882],[71.4306116,51.1380654],[71.4305399,51.1379657],[71.4304629,51.1379874],[71.4304476,51.1379661],[71.4303257,51.1380006]]]}},{"type":"Feature","id":"way/241660569","properties":{"osm_id":"241660569","name":null,"kind":"building","building":"yes","height_m":12.0,"height_source":"visual-fallback:12m","levels":null},"geometry":{"type":"Polygon","coordinates":[[[71.4327857,51.1396883],[71.4327368,51.1397786],[71.4328843,51.13981],[71.4328957,51.1397889],[71.4329213,51.1397944],[71.4329372,51.139765],[71.4329172,51.1397608],[71.4329388,51.1397209],[71.4327857,51.1396883]]]}},{"type":"Feature","id":"way/241660573","properties":{"osm_id":"241660573","name":null,"kind":"building","building":"yes","height_m":12.0,"height_source":"visual-fallback:12m","levels":null},"geometry":{"type":"Polygon","coordinates":[[[71.429925,51.137255],[71.4298191,51.1372866],[71.4298405,51.1373148],[71.4298008,51.1373267],[71.4298939,51.1374494],[71.4300794,51.1373939],[71.4299894,51.1372754],[71.4299496,51.1372873],[71.429925,51.137255]]]}},{"type":"Feature","id":"way/241660575","properties":{"osm_id":"241660575","name":null,"kind":"building","building":"yes","height_m":12.0,"height_source":"visual-fallback:12m","levels":null},"geometry":{"type":"Polygon","coordinates":[[[71.4284813,51.1372749],[71.4285739,51.1373595],[71.4288416,51.1372442],[71.4287473,51.137158],[71.4287238,51.1371681],[71.4286993,51.1371457],[71.428639,51.1371716],[71.4286653,51.1371956],[71.4284813,51.1372749]]]}},{"type":"Feature","id":"way/241660578","properties":{"osm_id":"241660578","name":null,"kind":"building","building":"yes","height_m":12.0,"height_source":"visual-fallback:12m","levels":null},"geometry":{"type":"Polygon","coordinates":[[[71.4300723,51.1376362],[71.4301653,51.137785],[71.4303069,51.1377501],[71.4302798,51.1377067],[71.4303165,51.1376977],[71.4302708,51.1376246],[71.4302123,51.137639],[71.4301921,51.1376067],[71.4300723,51.1376362]]]}},{"type":"Feature","id":"way/241660582","properties":{"osm_id":"241660582","name":null,"kind":"building","building":"yes","height_m":12.0,"height_source":"visual-fallback:12m","levels":null},"geometry":{"type":"Polygon","coordinates":[[[71.4280396,51.1376195],[71.4283206,51.1375012],[71.4282267,51.1374134],[71.4279457,51.1375317],[71.4280396,51.1376195]]]}},{"type":"Feature","id":"way/241660592","properties":{"osm_id":"241660592","name":null,"kind":"building","building":"yes","height_m":12.0,"height_source":"visual-fallback:12m","levels":null},"geometry":{"type":"Polygon","coordinates":[[[71.4302545,51.1369582],[71.4301527,51.1369856],[71.4301929,51.1370462],[71.4301638,51.1370535],[71.4302016,51.1371071],[71.4303813,51.1370582],[71.4303226,51.1369732],[71.4302754,51.1369845],[71.4302545,51.1369582]]]}},{"type":"Feature","id":"way/242598855/road","properties":{"osm_id":"242598855","name":"Достық көшесі","kind":"road","highway":"tertiary","surface":"asphalt","lanes":null},"geometry":{"type":"LineString","coordinates":[[71.4374385,51.1246986],[71.4375585,51.1246798]]}},{"type":"Feature","id":"way/242609228/road","properties":{"osm_id":"242609228","name":"Қараөткел көшесі","kind":"road","highway":"residential","surface":"asphalt","lanes":1.0},"geometry":{"type":"LineString","coordinates":[[71.425565,51.1363186],[71.4259233,51.1369171],[71.4261987,51.1373772]]}},{"type":"Feature","id":"way/243041605/road","properties":{"osm_id":"243041605","name":"Темірқазық көшесі","kind":"road","highway":"residential","surface":"asphalt","lanes":null},"geometry":{"type":"LineString","coordinates":[[71.427626,51.1406108],[71.4263034,51.1385198]]}},{"type":"Feature","id":"way/243053538","properties":{"osm_id":"243053538","name":null,"kind":"building","building":"yes","height_m":12.0,"height_source":"visual-fallback:12m","levels":null},"geometry":{"type":"Polygon","coordinates":[[[71.4228266,51.1370365],[71.4228907,51.1371413],[71.423067,51.1370988],[71.423003,51.1369941],[71.4228266,51.1370365]]]}},{"type":"Feature","id":"way/243053542","properties":{"osm_id":"243053542","name":null,"kind":"building","building":"yes","height_m":12.0,"height_source":"visual-fallback:12m","levels":null},"geometry":{"type":"Polygon","coordinates":[[[71.4281005,51.1384047],[71.4281767,51.1385118],[71.4283588,51.1384608],[71.4282826,51.1383537],[71.4281005,51.1384047]]]}},{"type":"Feature","id":"way/243053543","properties":{"osm_id":"243053543","name":null,"kind":"building","building":"yes","height_m":12.0,"height_source":"visual-fallback:12m","levels":null},"geometry":{"type":"Polygon","coordinates":[[[71.4240675,51.1373244],[71.4241315,51.1374292],[71.4243078,51.1373868],[71.4242438,51.137282],[71.4240675,51.1373244]]]}},{"type":"Feature","id":"way/243053545","properties":{"osm_id":"243053545","name":null,"kind":"building","building":"yes","height_m":12.0,"height_source":"visual-fallback:12m","levels":null},"geometry":{"type":"Polygon","coordinates":[[[71.4207376,51.1385233],[71.4208017,51.1386281],[71.420978,51.1385857],[71.420914,51.1384809],[71.4207376,51.1385233]]]}},{"type":"Feature","id":"way/243053549","properties":{"osm_id":"243053549","name":null,"kind":"building","building":"yes","height_m":12.0,"height_source":"visual-fallback:12m","levels":null},"geometry":{"type":"Polygon","coordinates":[[[71.4220645,51.1376065],[71.4221285,51.1377113],[71.4223049,51.1376689],[71.4222408,51.1375641],[71.4220645,51.1376065]]]}},{"type":"Feature","id":"way/243053557","properties":{"osm_id":"243053557","name":null,"kind":"building","building":"yes","height_m":12.0,"height_source":"visual-fallback:12m","levels":null},"geometry":{"type":"Polygon","coordinates":[[[71.4344598,51.1398201],[71.4344004,51.1399231],[71.4345615,51.1399597],[71.4346209,51.1398567],[71.4344598,51.1398201]]]}},{"type":"Feature","id":"way/243053559","properties":{"osm_id":"243053559","name":null,"kind":"building","building":"yes","height_m":12.0,"height_source":"visual-fallback:12m","levels":null},"geometry":{"type":"Polygon","coordinates":[[[71.4275326,51.1385246],[71.4276088,51.1386316],[71.4277909,51.1385806],[71.4277147,51.1384736],[71.4275326,51.1385246]]]}},{"type":"Feature","id":"way/243053561","properties":{"osm_id":"243053561","name":null,"kind":"building","building":"house","height_m":9.0,"height_source":"osm:building:levels×3m","levels":3.0},"geometry":{"type":"Polygon","coordinates":[[[71.4226835,51.1395994],[71.4226153,51.1394749],[71.4227995,51.1394352],[71.4228677,51.1395596],[71.4226835,51.1395994]]]}},{"type":"Feature","id":"way/243053564","properties":{"osm_id":"243053564","name":null,"kind":"building","building":"yes","height_m":12.0,"height_source":"visual-fallback:12m","levels":null},"geometry":{"type":"Polygon","coordinates":[[[71.423219,51.1369393],[71.4232831,51.1370441],[71.4234594,51.1370017],[71.4233954,51.1368969],[71.423219,51.1369393]]]}},{"type":"Feature","id":"way/243053569","properties":{"osm_id":"243053569","name":null,"kind":"building","building":"yes","height_m":12.0,"height_source":"visual-fallback:12m","levels":null},"geometry":{"type":"Polygon","coordinates":[[[71.4239572,51.13714],[71.4240213,51.1372448],[71.4241976,51.1372024],[71.4241336,51.1370976],[71.4239572,51.13714]]]}},{"type":"Feature","id":"way/243053576","properties":{"osm_id":"243053576","name":null,"kind":"building","building":"yes","height_m":12.0,"height_source":"visual-fallback:12m","levels":null},"geometry":{"type":"Polygon","coordinates":[[[71.4212543,51.1394225],[71.4213152,51.1395206],[71.4213623,51.1395091],[71.4214172,51.1395977],[71.4215809,51.1395577],[71.4214629,51.1393674],[71.4215186,51.1393538],[71.4215849,51.1394606],[71.4216432,51.1394464],[71.4215577,51.1393086],[71.4212937,51.139373],[71.4213152,51.1394076],[71.4212543,51.1394225]]]}},{"type":"Feature","id":"way/243053578","properties":{"osm_id":"243053578","name":null,"kind":"building","building":"detached","height_m":6.0,"height_source":"osm:building:levels×3m","levels":2.0},"geometry":{"type":"Polygon","coordinates":[[[71.4265144,51.139363],[71.4264462,51.1392385],[71.4266304,51.1391988],[71.4266986,51.1393232],[71.4265144,51.139363]]]}},{"type":"Feature","id":"way/243053583","properties":{"osm_id":"243053583","name":null,"kind":"building","building":"yes","height_m":12.0,"height_source":"visual-fallback:12m","levels":null},"geometry":{"type":"Polygon","coordinates":[[[71.4297772,51.1380722],[71.4298429,51.1381648],[71.4299871,51.1381244],[71.4299212,51.1380318],[71.4297772,51.1380722]]]}},{"type":"Feature","id":"way/243053585","properties":{"osm_id":"243053585","name":null,"kind":"building","building":"yes","height_m":12.0,"height_source":"visual-fallback:12m","levels":null},"geometry":{"type":"Polygon","coordinates":[[[71.4257036,51.1380903],[71.4257677,51.138195],[71.425944,51.1381526],[71.42588,51.1380478],[71.4257036,51.1380903]]]}},{"type":"Feature","id":"way/243053593","properties":{"osm_id":"243053593","name":null,"kind":"building","building":"yes","height_m":12.0,"height_source":"visual-fallback:12m","levels":null},"geometry":{"type":"Polygon","coordinates":[[[71.4202884,51.1396701],[71.4203525,51.1397749],[71.42064,51.1397056],[71.4205759,51.1396009],[71.4202884,51.1396701]]]}},{"type":"Feature","id":"way/243053597","properties":{"osm_id":"243053597","name":null,"kind":"building","building":"yes","height_m":12.0,"height_source":"visual-fallback:12m","levels":null},"geometry":{"type":"Polygon","coordinates":[[[71.4276513,51.1387157],[71.4277275,51.1388227],[71.4279096,51.1387717],[71.4278334,51.1386647],[71.4276513,51.1387157]]]}},{"type":"Feature","id":"way/243053599","properties":{"osm_id":"243053599","name":null,"kind":"building","building":"residential","height_m":12.0,"height_source":"visual-fallback:12m","levels":null},"geometry":{"type":"Polygon","coordinates":[[[71.4375222,51.1393302],[71.4374765,51.1394632],[71.4376649,51.1394886],[71.4377106,51.1393557],[71.4375222,51.1393302]]]}},{"type":"Feature","id":"way/243053602","properties":{"osm_id":"243053602","name":null,"kind":"building","building":"detached","height_m":12.0,"height_source":"visual-fallback:12m","levels":null},"geometry":{"type":"Polygon","coordinates":[[[71.421749,51.1390973],[71.421813,51.1392021],[71.4219893,51.1391597],[71.4219253,51.1390549],[71.421749,51.1390973]]]}},{"type":"Feature","id":"way/243053604","properties":{"osm_id":"243053604","name":null,"kind":"building","building":"detached","height_m":9.0,"height_source":"osm:building:levels×3m","levels":3.0},"geometry":{"type":"Polygon","coordinates":[[[71.4218562,51.1393077],[71.4219203,51.1394125],[71.4220967,51.1393701],[71.4220326,51.1392653],[71.4218562,51.1393077]]]}},{"type":"Feature","id":"way/243053605","properties":{"osm_id":"243053605","name":null,"kind":"building","building":"detached","height_m":9.0,"height_source":"osm:building:levels×3m","levels":3.0},"geometry":{"type":"Polygon","coordinates":[[[71.4263905,51.1391135],[71.4263223,51.138989],[71.4265065,51.1389493],[71.4265747,51.1390737],[71.4263905,51.1391135]]]}},{"type":"Feature","id":"way/243053608","properties":{"osm_id":"243053608","name":null,"kind":"building","building":"yes","height_m":12.0,"height_source":"visual-fallback:12m","levels":null},"geometry":{"type":"Polygon","coordinates":[[[71.4279681,51.1382254],[71.4280442,51.1383325],[71.4282263,51.1382816],[71.4281502,51.1381745],[71.4279681,51.1382254]]]}},{"type":"Feature","id":"way/243053609","properties":{"osm_id":"243053609","name":null,"kind":"building","building":"yes","height_m":12.0,"height_source":"visual-fallback:12m","levels":null},"geometry":{"type":"Polygon","coordinates":[[[71.4258014,51.1382643],[71.4258655,51.1383691],[71.4260419,51.1383266],[71.4259778,51.1382218],[71.4258014,51.1382643]]]}},{"type":"Feature","id":"way/243053612","properties":{"osm_id":"243053612","name":null,"kind":"building","building":"yes","height_m":12.0,"height_source":"visual-fallback:12m","levels":null},"geometry":{"type":"Polygon","coordinates":[[[71.4240864,51.138274],[71.4241504,51.1383788],[71.4243268,51.1383363],[71.4242627,51.1382316],[71.4240864,51.138274]]]}},{"type":"Feature","id":"way/243053617","properties":{"osm_id":"243053617","name":null,"kind":"building","building":"residential","height_m":12.0,"height_source":"visual-fallback:12m","levels":null},"geometry":{"type":"Polygon","coordinates":[[[71.4380066,51.1394239],[71.437965,51.1395452],[71.4381534,51.1395706],[71.438195,51.1394494],[71.4380066,51.1394239]]]}},{"type":"Feature","id":"way/243053618","properties":{"osm_id":"243053618","name":null,"kind":"building","building":"detached","height_m":6.0,"height_source":"osm:building:levels×3m","levels":2.0},"geometry":{"type":"Polygon","coordinates":[[[71.4214843,51.1387584],[71.4215484,51.1388632],[71.4217247,51.1388208],[71.4216607,51.138716],[71.4214843,51.1387584]]]}},{"type":"Feature","id":"way/243053619","properties":{"osm_id":"243053619","name":null,"kind":"building","building":"yes","height_m":12.0,"height_source":"visual-fallback:12m","levels":null},"geometry":{"type":"Polygon","coordinates":[[[71.4230093,51.1383611],[71.4230733,51.1384659],[71.4232497,51.1384234],[71.4231857,51.1383186],[71.4230093,51.1383611]]]}},{"type":"Feature","id":"way/243053627","properties":{"osm_id":"243053627","name":null,"kind":"building","building":"yes","height_m":12.0,"height_source":"visual-fallback:12m","levels":null},"geometry":{"type":"Polygon","coordinates":[[[71.4277919,51.1379872],[71.4278681,51.1380942],[71.4280502,51.1380433],[71.427974,51.1379362],[71.4277919,51.1379872]]]}},{"type":"Feature","id":"way/243053629","properties":{"osm_id":"243053629","name":null,"kind":"building","building":"yes","height_m":12.0,"height_source":"visual-fallback:12m","levels":null},"geometry":{"type":"Polygon","coordinates":[[[71.4286735,51.1382709],[71.4287497,51.1383779],[71.4289318,51.1383269],[71.4288556,51.1382199],[71.4286735,51.1382709]]]}},{"type":"Feature","id":"way/243053630","properties":{"osm_id":"243053630","name":null,"kind":"building","building":"yes","height_m":12.0,"height_source":"visual-fallback:12m","levels":null},"geometry":{"type":"Polygon","coordinates":[[[71.4241845,51.1384522],[71.4242485,51.138557],[71.4244249,51.1385145],[71.4243608,51.1384098],[71.4241845,51.1384522]]]}},{"type":"Feature","id":"way/243053633","properties":{"osm_id":"243053633","name":null,"kind":"building","building":"detached","height_m":9.0,"height_source":"osm:building:levels×3m","levels":3.0},"geometry":{"type":"Polygon","coordinates":[[[71.4268759,51.1400044],[71.4268077,51.1398799],[71.4269919,51.1398402],[71.4270601,51.1399646],[71.4268759,51.1400044]]]}},{"type":"Feature","id":"way/243053636","properties":{"osm_id":"243053636","name":null,"kind":"building","building":"detached","height_m":6.0,"height_source":"osm:building:levels×3m","levels":2.0},"geometry":{"type":"Polygon","coordinates":[[[71.4206659,51.1375393],[71.4207299,51.137644],[71.4209063,51.1376016],[71.4208422,51.1374968],[71.4206659,51.1375393]]]}},{"type":"Feature","id":"way/243053642","properties":{"osm_id":"243053642","name":null,"kind":"building","building":"yes","height_m":12.0,"height_source":"visual-fallback:12m","levels":null},"geometry":{"type":"Polygon","coordinates":[[[71.4293608,51.1374904],[71.4294256,51.1375816],[71.4295719,51.1375407],[71.429507,51.1374495],[71.4293608,51.1374904]]]}},{"type":"Feature","id":"way/243053643","properties":{"osm_id":"243053643","name":null,"kind":"building","building":"yes","height_m":12.0,"height_source":"visual-fallback:12m","levels":null},"geometry":{"type":"Polygon","coordinates":[[[71.4219276,51.1384143],[71.4219916,51.1385191],[71.422168,51.1384766],[71.422104,51.1383719],[71.4219276,51.1384143]]]}},{"type":"Feature","id":"way/243053644","properties":{"osm_id":"243053644","name":null,"kind":"building","building":"yes","height_m":12.0,"height_source":"visual-fallback:12m","levels":null},"geometry":{"type":"Polygon","coordinates":[[[71.4287995,51.1384188],[71.4288756,51.1385259],[71.4290577,51.1384749],[71.4289815,51.1383678],[71.4287995,51.1384188]]]}},{"type":"Feature","id":"way/243053645","properties":{"osm_id":"243053645","name":null,"kind":"building","building":"detached","height_m":9.0,"height_source":"osm:building:levels×3m","levels":3.0},"geometry":{"type":"Polygon","coordinates":[[[71.4259696,51.1389058],[71.4258603,51.1387266],[71.4262204,51.1386402],[71.4263296,51.1388193],[71.4259696,51.1389058]]]}},{"type":"Feature","id":"way/243053646","properties":{"osm_id":"243053646","name":null,"kind":"building","building":"yes","height_m":12.0,"height_source":"visual-fallback:12m","levels":null},"geometry":{"type":"Polygon","coordinates":[[[71.4225039,51.1375067],[71.4225679,51.1376115],[71.4227443,51.1375691],[71.4226802,51.1374643],[71.4225039,51.1375067]]]}},{"type":"Feature","id":"way/243053647","properties":{"osm_id":"243053647","name":null,"kind":"building","building":"yes","height_m":12.0,"height_source":"visual-fallback:12m","levels":null},"geometry":{"type":"Polygon","coordinates":[[[71.4284385,51.1379481],[71.4285146,51.1380551],[71.4286967,51.1380041],[71.4286205,51.1378971],[71.4284385,51.1379481]]]}},{"type":"Feature","id":"way/243053656","properties":{"osm_id":"243053656","name":null,"kind":"building","building":"yes","height_m":12.0,"height_source":"visual-fallback:12m","levels":null},"geometry":{"type":"Polygon","coordinates":[[[71.4294901,51.1376585],[71.4295662,51.1377655],[71.4297123,51.1377246],[71.4296362,51.1376176],[71.4294901,51.1376585]]]}},{"type":"Feature","id":"way/243053657","properties":{"osm_id":"243053657","name":null,"kind":"building","building":"yes","height_m":12.0,"height_source":"visual-fallback:12m","levels":null},"geometry":{"type":"Polygon","coordinates":[[[71.4220438,51.1385881],[71.4221079,51.1386929],[71.4222842,51.1386504],[71.4222202,51.1385457],[71.4220438,51.1385881]]]}},{"type":"Feature","id":"way/243053658","properties":{"osm_id":"243053658","name":null,"kind":"building","building":"yes","height_m":12.0,"height_source":"visual-fallback:12m","levels":null},"geometry":{"type":"Polygon","coordinates":[[[71.425654,51.1390696],[71.4255858,51.1389451],[71.42577,51.1389054],[71.4258382,51.1390298],[71.425654,51.1390696]]]}},{"type":"Feature","id":"way/243053660","properties":{"osm_id":"243053660","name":null,"kind":"building","building":"yes","height_m":12.0,"height_source":"visual-fallback:12m","levels":null},"geometry":{"type":"Polygon","coordinates":[[[71.4282142,51.1395579],[71.4282903,51.139665],[71.4284724,51.139614],[71.4283962,51.1395069],[71.4282142,51.1395579]]]}},{"type":"Feature","id":"way/243053664","properties":{"osm_id":"243053664","name":null,"kind":"building","building":"yes","height_m":12.0,"height_source":"visual-fallback:12m","levels":null},"geometry":{"type":"Polygon","coordinates":[[[71.4227823,51.1388027],[71.4228464,51.1389075],[71.4230228,51.138865],[71.4229587,51.1387602],[71.4227823,51.1388027]]]}},{"type":"Feature","id":"way/243053665","properties":{"osm_id":"243053665","name":null,"kind":"building","building":"yes","height_m":12.0,"height_source":"visual-fallback:12m","levels":null},"geometry":{"type":"Polygon","coordinates":[[[71.421237,51.1383937],[71.421301,51.1384985],[71.4214773,51.1384561],[71.4214133,51.1383513],[71.421237,51.1383937]]]}},{"type":"Feature","id":"way/243053666","properties":{"osm_id":"243053666","name":null,"kind":"building","building":"residential","height_m":12.0,"height_source":"visual-fallback:12m","levels":null},"geometry":{"type":"Polygon","coordinates":[[[71.4357431,51.1394511],[71.4357003,51.1395755],[71.4358887,51.1396009],[71.4359315,51.1394766],[71.4357431,51.1394511]]]}},{"type":"Feature","id":"way/243053669","properties":{"osm_id":"243053669","name":null,"kind":"building","building":"detached","height_m":6.0,"height_source":"osm:building:levels×3m","levels":2.0},"geometry":{"type":"Polygon","coordinates":[[[71.4262466,51.1382065],[71.4262664,51.1382386],[71.4261845,51.1382585],[71.4262462,51.1383586],[71.4266097,51.1382703],[71.4265282,51.1381381],[71.4262466,51.1382065]]]}},{"type":"Feature","id":"way/243053673","properties":{"osm_id":"243053673","name":null,"kind":"building","building":"yes","height_m":12.0,"height_source":"visual-fallback:12m","levels":null},"geometry":{"type":"Polygon","coordinates":[[[71.4238747,51.13795],[71.4239388,51.1380548],[71.4241151,51.1380124],[71.4240511,51.1379076],[71.4238747,51.13795]]]}},{"type":"Feature","id":"way/243053674","properties":{"osm_id":"243053674","name":null,"kind":"building","building":"yes","height_m":12.0,"height_source":"visual-fallback:12m","levels":null},"geometry":{"type":"Polygon","coordinates":[[[71.4226686,51.1386172],[71.4227326,51.138722],[71.422909,51.1386796],[71.4228449,51.1385748],[71.4226686,51.1386172]]]}},{"type":"Feature","id":"way/243053675","properties":{"osm_id":"243053675","name":null,"kind":"building","building":"yes","height_m":12.0,"height_source":"visual-fallback:12m","levels":null},"geometry":{"type":"Polygon","coordinates":[[[71.429206,51.1381182],[71.4292691,51.1382067],[71.429423,51.1381636],[71.4293599,51.138075],[71.429206,51.1381182]]]}},{"type":"Feature","id":"way/243053678","properties":{"osm_id":"243053678","name":null,"kind":"building","building":"residential","height_m":12.0,"height_source":"visual-fallback:12m","levels":null},"geometry":{"type":"Polygon","coordinates":[[[71.4369992,51.1392437],[71.4369486,51.1393912],[71.4371369,51.1394167],[71.4371875,51.1392692],[71.4369992,51.1392437]]]}},{"type":"Feature","id":"way/243053683","properties":{"osm_id":"243053683","name":null,"kind":"building","building":"yes","height_m":12.0,"height_source":"visual-fallback:12m","levels":null},"geometry":{"type":"Polygon","coordinates":[[[71.4291175,51.1388949],[71.4292616,51.1391197],[71.4295448,51.1390483],[71.4294822,51.1389506],[71.4295157,51.1389421],[71.429457,51.1388505],[71.4294235,51.1388589],[71.4294008,51.1388235],[71.4291175,51.1388949]]]}},{"type":"Feature","id":"way/243053684","properties":{"osm_id":"243053684","name":null,"kind":"building","building":"yes","height_m":12.0,"height_source":"visual-fallback:12m","levels":null},"geometry":{"type":"Polygon","coordinates":[[[71.4311001,51.1383662],[71.4311641,51.1384711],[71.4313405,51.1384286],[71.4312764,51.1383238],[71.4311001,51.1383662]]]}},{"type":"Feature","id":"way/243053685","properties":{"osm_id":"243053685","name":null,"kind":"building","building":"yes","height_m":12.0,"height_source":"visual-fallback:12m","levels":null},"geometry":{"type":"Polygon","coordinates":[[[71.4295865,51.1378177],[71.4296626,51.1379248],[71.4298105,51.1378834],[71.4297343,51.1377763],[71.4295865,51.1378177]]]}},{"type":"Feature","id":"way/243053687","properties":{"osm_id":"243053687","name":null,"kind":"building","building":"detached","height_m":12.0,"height_source":"visual-fallback:12m","levels":null},"geometry":{"type":"Polygon","coordinates":[[[71.422129,51.1387347],[71.422193,51.1388395],[71.4223693,51.1387971],[71.4223053,51.1386923],[71.422129,51.1387347]]]}},{"type":"Feature","id":"way/243053688","properties":{"osm_id":"243053688","name":null,"kind":"building","building":"yes","height_m":12.0,"height_source":"visual-fallback:12m","levels":null},"geometry":{"type":"Polygon","coordinates":[[[71.423978,51.138112],[71.424042,51.1382168],[71.4242184,51.1381744],[71.4241543,51.1380696],[71.423978,51.138112]]]}},{"type":"Feature","id":"way/243053689","properties":{"osm_id":"243053689","name":null,"kind":"building","building":"yes","height_m":12.0,"height_source":"visual-fallback:12m","levels":null},"geometry":{"type":"Polygon","coordinates":[[[71.4202317,51.1386597],[71.4202957,51.1387645],[71.420472,51.1387221],[71.420408,51.1386173],[71.4202317,51.1386597]]]}},{"type":"Feature","id":"way/243053690","properties":{"osm_id":"243053690","name":null,"kind":"building","building":"yes","height_m":12.0,"height_source":"visual-fallback:12m","levels":null},"geometry":{"type":"Polygon","coordinates":[[[71.4255343,51.1398794],[71.4254716,51.1397691],[71.4257966,51.1396964],[71.4258593,51.1398067],[71.4255343,51.1398794]]]}},{"type":"Feature","id":"way/243053691","properties":{"osm_id":"243053691","name":null,"kind":"building","building":"yes","height_m":12.0,"height_source":"visual-fallback:12m","levels":null},"geometry":{"type":"Polygon","coordinates":[[[71.4246337,51.1373831],[71.4246977,51.1374879],[71.4248741,51.1374455],[71.42481,51.1373407],[71.4246337,51.1373831]]]}},{"type":"Feature","id":"way/243053700","properties":{"osm_id":"243053700","name":null,"kind":"building","building":"yes","height_m":12.0,"height_source":"visual-fallback:12m","levels":null},"geometry":{"type":"Polygon","coordinates":[[[71.432163,51.1393335],[71.4321099,51.1394382],[71.4322944,51.1394751],[71.4323475,51.1393703],[71.432163,51.1393335]]]}},{"type":"Feature","id":"way/243053702","properties":{"osm_id":"243053702","name":null,"kind":"building","building":"detached","height_m":6.0,"height_source":"osm:building:levels×3m","levels":2.0},"geometry":{"type":"Polygon","coordinates":[[[71.4222238,51.1389083],[71.4222878,51.1390131],[71.4224642,51.1389707],[71.4224002,51.1388659],[71.4222238,51.1389083]]]}},{"type":"Feature","id":"way/243053703","properties":{"osm_id":"243053703","name":null,"kind":"building","building":"yes","height_m":12.0,"height_source":"visual-fallback:12m","levels":null},"geometry":{"type":"Polygon","coordinates":[[[71.4200716,51.1383192],[71.4201356,51.138424],[71.420312,51.1383816],[71.4202479,51.1382768],[71.4200716,51.1383192]]]}},{"type":"Feature","id":"way/243053708","properties":{"osm_id":"243053708","name":null,"kind":"building","building":"yes","height_m":12.0,"height_source":"visual-fallback:12m","levels":null},"geometry":{"type":"Polygon","coordinates":[[[71.4322208,51.13826],[71.4323103,51.1383747],[71.4324785,51.138323],[71.4323889,51.1382084],[71.4322208,51.13826]]]}},{"type":"Feature","id":"way/243053712","properties":{"osm_id":"243053712","name":null,"kind":"building","building":"yes","height_m":3.0,"height_source":"osm:building:levels×3m","levels":1.0},"geometry":{"type":"Polygon","coordinates":[[[71.4255489,51.1396391],[71.4254807,51.1395146],[71.4256649,51.1394749],[71.4257331,51.1395993],[71.4255489,51.1396391]]]}},{"type":"Feature","id":"way/243053714","properties":{"osm_id":"243053714","name":null,"kind":"building","building":"yes","height_m":12.0,"height_source":"visual-fallback:12m","levels":null},"geometry":{"type":"Polygon","coordinates":[[[71.4245046,51.1372082],[71.4245686,51.137313],[71.424745,51.1372705],[71.4246809,51.1371658],[71.4245046,51.1372082]]]}},{"type":"Feature","id":"way/243053715","properties":{"osm_id":"243053715","name":null,"kind":"building","building":"yes","height_m":12.0,"height_source":"visual-fallback:12m","levels":null},"geometry":{"type":"Polygon","coordinates":[[[71.4232322,51.1377231],[71.4232963,51.1378279],[71.4234726,51.1377855],[71.4234086,51.1376807],[71.4232322,51.1377231]]]}},{"type":"Feature","id":"way/243053717","properties":{"osm_id":"243053717","name":null,"kind":"building","building":"yes","height_m":12.0,"height_source":"visual-fallback:12m","levels":null},"geometry":{"type":"Polygon","coordinates":[[[71.4278115,51.1388841],[71.4278876,51.1389912],[71.4280697,51.1389402],[71.4279935,51.1388331],[71.4278115,51.1388841]]]}},{"type":"Feature","id":"way/243053724","properties":{"osm_id":"243053724","name":null,"kind":"building","building":"yes","height_m":12.0,"height_source":"visual-fallback:12m","levels":null},"geometry":{"type":"Polygon","coordinates":[[[71.4309197,51.1397406],[71.4308669,51.1398449],[71.4310455,51.1398805],[71.4310983,51.1397761],[71.4309197,51.1397406]]]}},{"type":"Feature","id":"way/243053726","properties":{"osm_id":"243053726","name":null,"kind":"building","building":"yes","height_m":12.0,"height_source":"visual-fallback:12m","levels":null},"geometry":{"type":"Polygon","coordinates":[[[71.4199528,51.1381281],[71.4200169,51.1382329],[71.4201932,51.1381904],[71.4201292,51.1380857],[71.4199528,51.1381281]]]}},{"type":"Feature","id":"way/243053728","properties":{"osm_id":"243053728","name":null,"kind":"building","building":"yes","height_m":12.0,"height_source":"visual-fallback:12m","levels":null},"geometry":{"type":"Polygon","coordinates":[[[71.4295595,51.1388214],[71.4296235,51.1389262],[71.4297934,51.1388853],[71.4297294,51.1387805],[71.4295595,51.1388214]]]}},{"type":"Feature","id":"way/243053730","properties":{"osm_id":"243053730","name":null,"kind":"building","building":"yes","height_m":12.0,"height_source":"visual-fallback:12m","levels":null},"geometry":{"type":"Polygon","coordinates":[[[71.4259502,51.1376974],[71.4260143,51.1378022],[71.4261907,51.1377597],[71.4261266,51.1376549],[71.4259502,51.1376974]]]}},{"type":"Feature","id":"way/243053734","properties":{"osm_id":"243053734","name":null,"kind":"building","building":"yes","height_m":12.0,"height_source":"visual-fallback:12m","levels":null},"geometry":{"type":"Polygon","coordinates":[[[71.4202007,51.1377523],[71.4202647,51.1378571],[71.420441,51.1378147],[71.420377,51.1377099],[71.4202007,51.1377523]]]}},{"type":"Feature","id":"way/243053735","properties":{"osm_id":"243053735","name":null,"kind":"building","building":"yes","height_m":12.0,"height_source":"visual-fallback:12m","levels":null},"geometry":{"type":"Polygon","coordinates":[[[71.423132,51.1375628],[71.4231961,51.1376676],[71.4233724,51.1376252],[71.4233084,51.1375204],[71.423132,51.1375628]]]}},{"type":"Feature","id":"way/243053737","properties":{"osm_id":"243053737","name":null,"kind":"building","building":"yes","height_m":12.0,"height_source":"visual-fallback:12m","levels":null},"geometry":{"type":"Polygon","coordinates":[[[71.4279818,51.1391822],[71.4280579,51.1392892],[71.42824,51.1392382],[71.4281639,51.1391312],[71.4279818,51.1391822]]]}},{"type":"Feature","id":"way/243053740","properties":{"osm_id":"243053740","name":null,"kind":"building","building":"yes","height_m":12.0,"height_source":"visual-fallback:12m","levels":null},"geometry":{"type":"Polygon","coordinates":[[[71.4243887,51.1378384],[71.4244528,51.1379432],[71.4246291,51.1379008],[71.4245651,51.137796],[71.4243887,51.1378384]]]}},{"type":"Feature","id":"way/243053741","properties":{"osm_id":"243053741","name":null,"kind":"building","building":"yes","height_m":12.0,"height_source":"visual-fallback:12m","levels":null},"geometry":{"type":"Polygon","coordinates":[[[71.4208151,51.138695],[71.4208791,51.1387998],[71.4210554,51.1387573],[71.4209914,51.1386526],[71.4208151,51.138695]]]}},{"type":"Feature","id":"way/243053742","properties":{"osm_id":"243053742","name":null,"kind":"building","building":"garage","height_m":3.0,"height_source":"osm:building:levels×3m","levels":1.0},"geometry":{"type":"Polygon","coordinates":[[[71.425846,51.1401609],[71.4257778,51.1400364],[71.425962,51.1399967],[71.4260302,51.1401211],[71.425846,51.1401609]]]}},{"type":"Feature","id":"way/243053743","properties":{"osm_id":"243053743","name":null,"kind":"building","building":"yes","height_m":12.0,"height_source":"visual-fallback:12m","levels":null},"geometry":{"type":"Polygon","coordinates":[[[71.4252481,51.1374155],[71.4253121,51.1375203],[71.4254885,51.1374779],[71.4254244,51.1373731],[71.4252481,51.1374155]]]}},{"type":"Feature","id":"way/243053744","properties":{"osm_id":"243053744","name":null,"kind":"building","building":"yes","height_m":12.0,"height_source":"visual-fallback:12m","levels":null},"geometry":{"type":"Polygon","coordinates":[[[71.4215454,51.1399172],[71.4214772,51.1397927],[71.4216614,51.139753],[71.4217296,51.1398774],[71.4215454,51.1399172]]]}},{"type":"Feature","id":"way/243053748","properties":{"osm_id":"243053748","name":null,"kind":"building","building":"yes","height_m":12.0,"height_source":"visual-fallback:12m","levels":null},"geometry":{"type":"Polygon","coordinates":[[[71.42515,51.1372438],[71.425214,51.1373486],[71.4253904,51.1373062],[71.4253263,51.1372014],[71.42515,51.1372438]]]}},{"type":"Feature","id":"way/243053756","properties":{"osm_id":"243053756","name":null,"kind":"building","building":"yes","height_m":12.0,"height_source":"visual-fallback:12m","levels":null},"geometry":{"type":"Polygon","coordinates":[[[71.4209604,51.1389122],[71.4210245,51.1390169],[71.4212008,51.1389745],[71.4211368,51.1388697],[71.4209604,51.1389122]]]}},{"type":"Feature","id":"way/243053757","properties":{"osm_id":"243053757","name":null,"kind":"building","building":"yes","height_m":12.0,"height_source":"visual-fallback:12m","levels":null},"geometry":{"type":"Polygon","coordinates":[[[71.4231355,51.1385424],[71.4231995,51.1386472],[71.4233759,51.1386048],[71.4233118,51.1385],[71.4231355,51.1385424]]]}},{"type":"Feature","id":"way/243053758","properties":{"osm_id":"243053758","name":null,"kind":"building","building":"yes","height_m":12.0,"height_source":"visual-fallback:12m","levels":null},"geometry":{"type":"Polygon","coordinates":[[[71.428544,51.1390292],[71.4286201,51.1391363],[71.4288022,51.1390853],[71.4287261,51.1389782],[71.428544,51.1390292]]]}},{"type":"Feature","id":"way/243053760","properties":{"osm_id":"243053760","name":null,"kind":"building","building":"yes","height_m":12.0,"height_source":"visual-fallback:12m","levels":null},"geometry":{"type":"Polygon","coordinates":[[[71.4253513,51.1375743],[71.4254154,51.1376791],[71.4255918,51.1376366],[71.4255277,51.1375318],[71.4253513,51.1375743]]]}},{"type":"Feature","id":"way/243053761","properties":{"osm_id":"243053761","name":null,"kind":"building","building":"kindergarten","height_m":9.0,"height_source":"osm:building:levels×3m","levels":3.0},"geometry":{"type":"Polygon","coordinates":[[[71.4219833,51.1398323],[71.4219158,51.1397156],[71.4220936,51.1396751],[71.4221611,51.1397918],[71.4219833,51.1398323]]]}},{"type":"Feature","id":"way/243053765","properties":{"osm_id":"243053765","name":null,"kind":"building","building":"residential","height_m":12.0,"height_source":"visual-fallback:12m","levels":null},"geometry":{"type":"Polygon","coordinates":[[[71.4368724,51.1396083],[71.4368278,51.139738],[71.4370162,51.1397634],[71.4370608,51.1396338],[71.4368724,51.1396083]]]}},{"type":"Feature","id":"way/243053766","properties":{"osm_id":"243053766","name":null,"kind":"building","building":"yes","height_m":12.0,"height_source":"visual-fallback:12m","levels":null},"geometry":{"type":"Polygon","coordinates":[[[71.4204226,51.1380277],[71.4204867,51.1381325],[71.4206631,51.13809],[71.420599,51.1379852],[71.4204226,51.1380277]]]}},{"type":"Feature","id":"way/243053770","properties":{"osm_id":"243053770","name":null,"kind":"building","building":"yes","height_m":3.0,"height_source":"osm:building:levels×3m","levels":1.0},"geometry":{"type":"Polygon","coordinates":[[[71.4253153,51.1394909],[71.4252698,51.1394167],[71.4255909,51.1393393],[71.4256364,51.1394134],[71.4253153,51.1394909]]]}},{"type":"Feature","id":"way/243053772","properties":{"osm_id":"243053772","name":null,"kind":"building","building":"yes","height_m":12.0,"height_source":"visual-fallback:12m","levels":null},"geometry":{"type":"Polygon","coordinates":[[[71.4200819,51.1375288],[71.420146,51.1376336],[71.4203223,51.1375911],[71.4202583,51.1374864],[71.4200819,51.1375288]]]}},{"type":"Feature","id":"way/243053775","properties":{"osm_id":"243053775","name":null,"kind":"building","building":"yes","height_m":12.0,"height_source":"visual-fallback:12m","levels":null},"geometry":{"type":"Polygon","coordinates":[[[71.4232317,51.1386941],[71.4232958,51.1387989],[71.4234721,51.1387565],[71.4234081,51.1386517],[71.4232317,51.1386941]]]}},{"type":"Feature","id":"way/243053779","properties":{"osm_id":"243053779","name":null,"kind":"building","building":"yes","height_m":12.0,"height_source":"visual-fallback:12m","levels":null},"geometry":{"type":"Polygon","coordinates":[[[71.4283238,51.138715],[71.4283999,51.1388221],[71.4285819,51.1387711],[71.4285058,51.138664],[71.4283238,51.138715]]]}},{"type":"Feature","id":"way/243053782","properties":{"osm_id":"243053782","name":null,"kind":"building","building":"yes","height_m":12.0,"height_source":"visual-fallback:12m","levels":null},"geometry":{"type":"Polygon","coordinates":[[[71.4221626,51.1377944],[71.4222266,51.1378992],[71.422403,51.1378568],[71.4223389,51.137752],[71.4221626,51.1377944]]]}},{"type":"Feature","id":"way/243053783","properties":{"osm_id":"243053783","name":null,"kind":"building","building":"yes","height_m":12.0,"height_source":"visual-fallback:12m","levels":null},"geometry":{"type":"Polygon","coordinates":[[[71.4205259,51.1381864],[71.42059,51.1382912],[71.4207663,51.1382487],[71.4207023,51.138144],[71.4205259,51.1381864]]]}},{"type":"Feature","id":"way/243053785","properties":{"osm_id":"243053785","name":null,"kind":"building","building":"yes","height_m":12.0,"height_source":"visual-fallback:12m","levels":null},"geometry":{"type":"Polygon","coordinates":[[[71.4201748,51.1395113],[71.4202389,51.1396161],[71.4204152,51.1395737],[71.4203512,51.1394689],[71.4201748,51.1395113]]]}},{"type":"Feature","id":"way/243053786","properties":{"osm_id":"243053786","name":null,"kind":"building","building":"yes","height_m":3.0,"height_source":"osm:building:levels×3m","levels":1.0},"geometry":{"type":"Polygon","coordinates":[[[71.4252392,51.1391654],[71.425171,51.1390409],[71.4253552,51.1390012],[71.4254234,51.1391256],[71.4252392,51.1391654]]]}},{"type":"Feature","id":"way/243053787","properties":{"osm_id":"243053787","name":null,"kind":"building","building":"yes","height_m":12.0,"height_source":"visual-fallback:12m","levels":null},"geometry":{"type":"Polygon","coordinates":[[[71.4330474,51.1365681],[71.4331961,51.1365307],[71.4331336,51.136433],[71.4329849,51.1364704],[71.4330474,51.1365681]]]}},{"type":"Feature","id":"way/243053800","properties":{"osm_id":"243053800","name":null,"kind":"building","building":"yes","height_m":12.0,"height_source":"visual-fallback:12m","levels":null},"geometry":{"type":"Polygon","coordinates":[[[71.4289002,51.1385906],[71.4289763,51.1386977],[71.4291584,51.1386467],[71.4290822,51.1385396],[71.4289002,51.1385906]]]}},{"type":"Feature","id":"way/243053802","properties":{"osm_id":"243053802","name":null,"kind":"building","building":"yes","height_m":12.0,"height_source":"visual-fallback:12m","levels":null},"geometry":{"type":"Polygon","coordinates":[[[71.4320929,51.1395386],[71.432039,51.1396449],[71.4321988,51.1396768],[71.4322528,51.1395705],[71.4320929,51.1395386]]]}},{"type":"Feature","id":"way/243053806","properties":{"osm_id":"243053806","name":null,"kind":"building","building":"yes","height_m":12.0,"height_source":"visual-fallback:12m","levels":null},"geometry":{"type":"Polygon","coordinates":[[[71.4225682,51.1384774],[71.4226322,51.1385822],[71.4228086,51.1385397],[71.4227445,51.138435],[71.4225682,51.1384774]]]}},{"type":"Feature","id":"way/243053807","properties":{"osm_id":"243053807","name":null,"kind":"building","building":"yes","height_m":12.0,"height_source":"visual-fallback:12m","levels":null},"geometry":{"type":"Polygon","coordinates":[[[71.4269946,51.1393273],[71.4269264,51.1392028],[71.4271106,51.1391631],[71.4271788,51.1392875],[71.4269946,51.1393273]]]}},{"type":"Feature","id":"way/243053808","properties":{"osm_id":"243053808","name":null,"kind":"building","building":"yes","height_m":12.0,"height_source":"visual-fallback:12m","levels":null},"geometry":{"type":"Polygon","coordinates":[[[71.4234081,51.1379546],[71.4234721,51.1380594],[71.4236485,51.138017],[71.4235845,51.1379122],[71.4234081,51.1379546]]]}},{"type":"Feature","id":"way/243053810","properties":{"osm_id":"243053810","name":null,"kind":"building","building":"yes","height_m":12.0,"height_source":"visual-fallback:12m","levels":null},"geometry":{"type":"Polygon","coordinates":[[[71.4266229,51.1395476],[71.4265547,51.1394231],[71.4267389,51.1393834],[71.4268071,51.1395078],[71.4266229,51.1395476]]]}},{"type":"Feature","id":"way/243053811","properties":{"osm_id":"243053811","name":null,"kind":"building","building":"yes","height_m":12.0,"height_source":"visual-fallback:12m","levels":null},"geometry":{"type":"Polygon","coordinates":[[[71.4255837,51.1379241],[71.4256477,51.1380289],[71.4258241,51.1379865],[71.42576,51.1378817],[71.4255837,51.1379241]]]}},{"type":"Feature","id":"way/243053813","properties":{"osm_id":"243053813","name":null,"kind":"building","building":"yes","height_m":12.0,"height_source":"visual-fallback:12m","levels":null},"geometry":{"type":"Polygon","coordinates":[[[71.4244894,51.1379904],[71.4245534,51.1380952],[71.4247297,51.1380528],[71.4246657,51.137948],[71.4244894,51.1379904]]]}},{"type":"Feature","id":"way/243053820","properties":{"osm_id":"243053820","name":null,"kind":"building","building":"yes","height_m":12.0,"height_source":"visual-fallback:12m","levels":null},"geometry":{"type":"Polygon","coordinates":[[[71.4214811,51.1377393],[71.4215451,51.1378441],[71.4217215,51.1378017],[71.4216574,51.1376969],[71.4214811,51.1377393]]]}},{"type":"Feature","id":"way/243053821","properties":{"osm_id":"243053821","name":null,"kind":"building","building":"yes","height_m":12.0,"height_source":"visual-fallback:12m","levels":null},"geometry":{"type":"Polygon","coordinates":[[[71.4266215,51.1387505],[71.4265425,51.1386286],[71.426723,51.1385826],[71.426802,51.1387045],[71.4266215,51.1387505]]]}},{"type":"Feature","id":"way/243053824","properties":{"osm_id":"243053824","name":null,"kind":"building","building":"yes","height_m":12.0,"height_source":"visual-fallback:12m","levels":null},"geometry":{"type":"Polygon","coordinates":[[[71.4224663,51.1383137],[71.4225304,51.1384185],[71.4227067,51.1383761],[71.4226427,51.1382713],[71.4224663,51.1383137]]]}},{"type":"Feature","id":"way/243053825","properties":{"osm_id":"243053825","name":null,"kind":"building","building":"yes","height_m":12.0,"height_source":"visual-fallback:12m","levels":null},"geometry":{"type":"Polygon","coordinates":[[[71.423312,51.1388441],[71.423376,51.1389489],[71.4235523,51.1389065],[71.4234883,51.1388017],[71.423312,51.1388441]]]}},{"type":"Feature","id":"way/243053826","properties":{"osm_id":"243053826","name":null,"kind":"building","building":"yes","height_m":12.0,"height_source":"visual-fallback:12m","levels":null},"geometry":{"type":"Polygon","coordinates":[[[71.4285801,51.1380926],[71.4286563,51.1381997],[71.4288384,51.1381487],[71.4287622,51.1380416],[71.4285801,51.1380926]]]}},{"type":"Feature","id":"way/243053832","properties":{"osm_id":"243053832","name":null,"kind":"building","building":"yes","height_m":12.0,"height_source":"visual-fallback:12m","levels":null},"geometry":{"type":"Polygon","coordinates":[[[71.4289863,51.1378144],[71.4290537,51.1379091],[71.4292085,51.1378657],[71.4291411,51.1377711],[71.4289863,51.1378144]]]}},{"type":"Feature","id":"way/243053834","properties":{"osm_id":"243053834","name":null,"kind":"building","building":"yes","height_m":12.0,"height_source":"visual-fallback:12m","levels":null},"geometry":{"type":"Polygon","coordinates":[[[71.4216343,51.1400979],[71.4215661,51.1399735],[71.4217503,51.1399338],[71.4218185,51.1400582],[71.4216343,51.1400979]]]}},{"type":"Feature","id":"way/243053836","properties":{"osm_id":"243053836","name":null,"kind":"building","building":"detached","height_m":6.0,"height_source":"osm:building:levels×3m","levels":2.0},"geometry":{"type":"Polygon","coordinates":[[[71.4234049,51.1372309],[71.4234689,51.1373357],[71.4236453,51.1372932],[71.4235812,51.1371885],[71.4234049,51.1372309]]]}},{"type":"Feature","id":"way/243053838","properties":{"osm_id":"243053838","name":null,"kind":"building","building":"yes","height_m":12.0,"height_source":"visual-fallback:12m","levels":null},"geometry":{"type":"Polygon","coordinates":[[[71.4238722,51.1397096],[71.423804,51.1395851],[71.4239882,51.1395454],[71.4240564,51.1396698],[71.4238722,51.1397096]]]}},{"type":"Feature","id":"way/243053842","properties":{"osm_id":"243053842","name":null,"kind":"building","building":"yes","height_m":12.0,"height_source":"visual-fallback:12m","levels":null},"geometry":{"type":"Polygon","coordinates":[[[71.4293294,51.1382943],[71.429393,51.1383838],[71.4295512,51.1383395],[71.4294875,51.13825],[71.4293294,51.1382943]]]}},{"type":"Feature","id":"way/243053846","properties":{"osm_id":"243053846","name":null,"kind":"building","building":"residential","height_m":12.0,"height_source":"visual-fallback:12m","levels":null},"geometry":{"type":"Polygon","coordinates":[[[71.4373984,51.1396963],[71.4373549,51.1398232],[71.4375433,51.1398486],[71.4375868,51.1397218],[71.4373984,51.1396963]]]}},{"type":"Feature","id":"way/243053848","properties":{"osm_id":"243053848","name":null,"kind":"building","building":"yes","height_m":12.0,"height_source":"visual-fallback:12m","levels":null},"geometry":{"type":"Polygon","coordinates":[[[71.429451,51.1384597],[71.4295148,51.1385492],[71.4296627,51.1385078],[71.429599,51.1384183],[71.429451,51.1384597]]]}},{"type":"Feature","id":"way/243053849","properties":{"osm_id":"243053849","name":null,"kind":"building","building":"yes","height_m":12.0,"height_source":"visual-fallback:12m","levels":null},"geometry":{"type":"Polygon","coordinates":[[[71.4252842,51.1383906],[71.4253483,51.1384954],[71.4255246,51.138453],[71.4254606,51.1383482],[71.4252842,51.1383906]]]}},{"type":"Feature","id":"way/243053850","properties":{"osm_id":"243053850","name":null,"kind":"building","building":"yes","height_m":12.0,"height_source":"visual-fallback:12m","levels":null},"geometry":{"type":"Polygon","coordinates":[[[71.4224017,51.1373648],[71.4224657,51.1374696],[71.422642,51.1374271],[71.422578,51.1373224],[71.4224017,51.1373648]]]}},{"type":"Feature","id":"way/243053853","properties":{"osm_id":"243053853","name":null,"kind":"building","building":"yes","height_m":12.0,"height_source":"visual-fallback:12m","levels":null},"geometry":{"type":"Polygon","coordinates":[[[71.4299062,51.1382439],[71.4299676,51.1383302],[71.430111,51.1382901],[71.4300496,51.1382037],[71.4299062,51.1382439]]]}},{"type":"Feature","id":"way/243053854","properties":{"osm_id":"243053854","name":null,"kind":"building","building":"yes","height_m":12.0,"height_source":"visual-fallback:12m","levels":null},"geometry":{"type":"Polygon","coordinates":[[[71.4220681,51.1381811],[71.4221321,51.1382859],[71.4223084,51.1382435],[71.4222444,51.1381387],[71.4220681,51.1381811]]]}},{"type":"Feature","id":"way/243053858","properties":{"osm_id":"243053858","name":null,"kind":"building","building":"yes","height_m":12.0,"height_source":"visual-fallback:12m","levels":null},"geometry":{"type":"Polygon","coordinates":[[[71.4286696,51.1392124],[71.4287458,51.1393195],[71.4289279,51.1392685],[71.4288517,51.1391615],[71.4286696,51.1392124]]]}},{"type":"Feature","id":"way/243053860","properties":{"osm_id":"243053860","name":null,"kind":"building","building":"yes","height_m":12.0,"height_source":"visual-fallback:12m","levels":null},"geometry":{"type":"Polygon","coordinates":[[[71.42357,51.137435],[71.4236341,51.1375398],[71.4238105,51.1374973],[71.4237464,51.1373925],[71.42357,51.137435]]]}},{"type":"Feature","id":"way/243053862","properties":{"osm_id":"243053862","name":null,"kind":"building","building":"yes","height_m":12.0,"height_source":"visual-fallback:12m","levels":null},"geometry":{"type":"Polygon","coordinates":[[[71.4208059,51.1394653],[71.42087,51.1395701],[71.4210462,51.1395277],[71.4209822,51.1394229],[71.4208059,51.1394653]]]}},{"type":"Feature","id":"way/243053865","properties":{"osm_id":"243053865","name":null,"kind":"building","building":"yes","height_m":12.0,"height_source":"visual-fallback:12m","levels":null},"geometry":{"type":"Polygon","coordinates":[[[71.4271984,51.1388338],[71.4272745,51.1389409],[71.4274566,51.13889],[71.4273804,51.1387829],[71.4271984,51.1388338]]]}},{"type":"Feature","id":"way/243053866","properties":{"osm_id":"243053866","name":null,"kind":"building","building":"yes","height_m":12.0,"height_source":"visual-fallback:12m","levels":null},"geometry":{"type":"Polygon","coordinates":[[[71.4250467,51.1380634],[71.4251108,51.1381682],[71.4252871,51.1381258],[71.4252231,51.138021],[71.4250467,51.1380634]]]}},{"type":"Feature","id":"way/243053871","properties":{"osm_id":"243053871","name":null,"kind":"building","building":"yes","height_m":12.0,"height_source":"visual-fallback:12m","levels":null},"geometry":{"type":"Polygon","coordinates":[[[71.4288538,51.1376356],[71.4289196,51.1377281],[71.4290768,51.1376841],[71.429011,51.1375916],[71.4288538,51.1376356]]]}},{"type":"Feature","id":"way/243053874","properties":{"osm_id":"243053874","name":null,"kind":"building","building":"yes","height_m":12.0,"height_source":"visual-fallback:12m","levels":null},"geometry":{"type":"Polygon","coordinates":[[[71.4323442,51.1389797],[71.4322985,51.1390699],[71.4324769,51.1391054],[71.4325226,51.1390153],[71.4323442,51.1389797]]]}},{"type":"Feature","id":"way/243053876","properties":{"osm_id":"243053876","name":null,"kind":"building","building":"yes","height_m":12.0,"height_source":"visual-fallback:12m","levels":null},"geometry":{"type":"Polygon","coordinates":[[[71.4207045,51.1393054],[71.4207685,51.1394102],[71.4209448,51.1393678],[71.4208808,51.139263],[71.4207045,51.1393054]]]}},{"type":"Feature","id":"way/243053878","properties":{"osm_id":"243053878","name":null,"kind":"building","building":"yes","height_m":12.0,"height_source":"visual-fallback:12m","levels":null},"geometry":{"type":"Polygon","coordinates":[[[71.4201487,51.1365129],[71.4202127,51.1366177],[71.420389,51.1365752],[71.420325,51.1364705],[71.4201487,51.1365129]]]}},{"type":"Feature","id":"way/243053879","properties":{"osm_id":"243053879","name":null,"kind":"building","building":"yes","height_m":12.0,"height_source":"visual-fallback:12m","levels":null},"geometry":{"type":"Polygon","coordinates":[[[71.4269973,51.1384796],[71.4271874,51.1387694],[71.4274551,51.1387003],[71.4273765,51.1385805],[71.4272932,51.138602],[71.4271817,51.138432],[71.4269973,51.1384796]]]}},{"type":"Feature","id":"way/243053881","properties":{"osm_id":"243053881","name":null,"kind":"building","building":"yes","height_m":12.0,"height_source":"visual-fallback:12m","levels":null},"geometry":{"type":"Polygon","coordinates":[[[71.4249486,51.1378853],[71.4250127,51.1379901],[71.4251891,51.1379476],[71.425125,51.1378428],[71.4249486,51.1378853]]]}},{"type":"Feature","id":"way/243053882","properties":{"osm_id":"243053882","name":null,"kind":"building","building":"yes","height_m":12.0,"height_source":"visual-fallback:12m","levels":null},"geometry":{"type":"Polygon","coordinates":[[[71.4213492,51.1385825],[71.4214133,51.1386872],[71.4215896,51.1386448],[71.4215256,51.13854],[71.4213492,51.1385825]]]}},{"type":"Feature","id":"way/243053884","properties":{"osm_id":"243053884","name":null,"kind":"building","building":"detached","height_m":6.0,"height_source":"osm:building:levels×3m","levels":2.0},"geometry":{"type":"Polygon","coordinates":[[[71.4230638,51.1401315],[71.4229956,51.140007],[71.4231798,51.1399673],[71.423248,51.1400917],[71.4230638,51.1401315]]]}},{"type":"Feature","id":"way/243053887","properties":{"osm_id":"243053887","name":null,"kind":"building","building":"yes","height_m":12.0,"height_source":"visual-fallback:12m","levels":null},"geometry":{"type":"Polygon","coordinates":[[[71.42946,51.1393398],[71.4295234,51.1394291],[71.4296773,51.139386],[71.4296139,51.1392968],[71.42946,51.1393398]]]}},{"type":"Feature","id":"way/243053889","properties":{"osm_id":"243053889","name":null,"kind":"building","building":"yes","height_m":12.0,"height_source":"visual-fallback:12m","levels":null},"geometry":{"type":"Polygon","coordinates":[[[71.4229041,51.137192],[71.4229681,51.1372968],[71.4231445,51.1372543],[71.4230804,51.1371496],[71.4229041,51.137192]]]}},{"type":"Feature","id":"way/243053892","properties":{"osm_id":"243053892","name":null,"kind":"building","building":"residential","height_m":12.0,"height_source":"visual-fallback:12m","levels":null},"geometry":{"type":"Polygon","coordinates":[[[71.4378832,51.1397668],[71.4378395,51.1398941],[71.4380279,51.1399196],[71.4380716,51.1397923],[71.4378832,51.1397668]]]}},{"type":"Feature","id":"way/243053893","properties":{"osm_id":"243053893","name":null,"kind":"building","building":"yes","height_m":12.0,"height_source":"visual-fallback:12m","levels":null},"geometry":{"type":"Polygon","coordinates":[[[71.4317592,51.1371949],[71.4318233,51.1372998],[71.4319774,51.1372627],[71.4319133,51.1371579],[71.4317592,51.1371949]]]}},{"type":"Feature","id":"way/243053894","properties":{"osm_id":"243053894","name":null,"kind":"building","building":"yes","height_m":12.0,"height_source":"visual-fallback:12m","levels":null},"geometry":{"type":"Polygon","coordinates":[[[71.4245922,51.1370347],[71.4246562,51.1371395],[71.4248326,51.137097],[71.4247685,51.1369922],[71.4245922,51.1370347]]]}},{"type":"Feature","id":"way/243053897","properties":{"osm_id":"243053897","name":null,"kind":"building","building":"detached","height_m":9.0,"height_source":"osm:building:levels×3m","levels":3.0},"geometry":{"type":"Polygon","coordinates":[[[71.4267829,51.139823],[71.4267147,51.1396985],[71.4268989,51.1396588],[71.4269671,51.1397832],[71.4267829,51.139823]]]}},{"type":"Feature","id":"way/243053898","properties":{"osm_id":"243053898","name":null,"kind":"building","building":"detached","height_m":3.0,"height_source":"osm:building:levels×3m","levels":1.0},"geometry":{"type":"Polygon","coordinates":[[[71.4200013,51.1362661],[71.4200653,51.1363709],[71.4202417,51.1363285],[71.4201777,51.1362237],[71.4200013,51.1362661]]]}},{"type":"Feature","id":"way/243053901","properties":{"osm_id":"243053901","name":null,"kind":"building","building":"yes","height_m":12.0,"height_source":"visual-fallback:12m","levels":null},"geometry":{"type":"Polygon","coordinates":[[[71.4206011,51.1373851],[71.4206651,51.1374899],[71.4208414,51.1374475],[71.4207774,51.1373427],[71.4206011,51.1373851]]]}},{"type":"Feature","id":"way/243053904","properties":{"osm_id":"243053904","name":null,"kind":"building","building":"yes","height_m":12.0,"height_source":"visual-fallback:12m","levels":null},"geometry":{"type":"Polygon","coordinates":[[[71.4274345,51.1383529],[71.4275107,51.1384599],[71.4276928,51.1384089],[71.4276166,51.1383019],[71.4274345,51.1383529]]]}},{"type":"Feature","id":"way/243053910","properties":{"osm_id":"243053910","name":null,"kind":"building","building":"residential","height_m":12.0,"height_source":"visual-fallback:12m","levels":null},"geometry":{"type":"Polygon","coordinates":[[[71.4363035,51.1395287],[71.4362599,51.1396554],[71.4364483,51.1396809],[71.4364919,51.1395541],[71.4363035,51.1395287]]]}},{"type":"Feature","id":"way/243053912","properties":{"osm_id":"243053912","name":null,"kind":"building","building":"yes","height_m":12.0,"height_source":"visual-fallback:12m","levels":null},"geometry":{"type":"Polygon","coordinates":[[[71.4211779,51.1392322],[71.4212419,51.139337],[71.4214183,51.1392945],[71.4213542,51.1391898],[71.4211779,51.1392322]]]}},{"type":"Feature","id":"way/243053913","properties":{"osm_id":"243053913","name":null,"kind":"building","building":"yes","height_m":12.0,"height_source":"visual-fallback:12m","levels":null},"geometry":{"type":"Polygon","coordinates":[[[71.4226078,51.1376815],[71.4226719,51.1377862],[71.4228482,51.1377438],[71.4227842,51.137639],[71.4226078,51.1376815]]]}},{"type":"Feature","id":"way/243053916","properties":{"osm_id":"243053916","name":null,"kind":"building","building":"yes","height_m":12.0,"height_source":"visual-fallback:12m","levels":null},"geometry":{"type":"Polygon","coordinates":[[[71.4316585,51.1370426],[71.4317225,51.1371474],[71.4318651,51.137113],[71.431801,51.1370083],[71.4316585,51.1370426]]]}},{"type":"Feature","id":"way/243053917","properties":{"osm_id":"243053917","name":null,"kind":"building","building":"yes","height_m":12.0,"height_source":"visual-fallback:12m","levels":null},"geometry":{"type":"Polygon","coordinates":[[[71.4244375,51.1368194],[71.4245015,51.1369242],[71.4246779,51.1368818],[71.4246138,51.136777],[71.4244375,51.1368194]]]}},{"type":"Feature","id":"way/243053918","properties":{"osm_id":"243053918","name":null,"kind":"building","building":"detached","height_m":12.0,"height_source":"visual-fallback:12m","levels":null},"geometry":{"type":"Polygon","coordinates":[[[71.4222854,51.1401441],[71.4222172,51.1400196],[71.4224014,51.1399799],[71.4224696,51.1401043],[71.4222854,51.1401441]]]}},{"type":"Feature","id":"way/243053925","properties":{"osm_id":"243053925","name":null,"kind":"building","building":"yes","height_m":12.0,"height_source":"visual-fallback:12m","levels":null},"geometry":{"type":"Polygon","coordinates":[[[71.4205768,51.1372467],[71.4206408,51.1373515],[71.4208172,51.137309],[71.4207532,51.1372043],[71.4205768,51.1372467]]]}},{"type":"Feature","id":"way/243053926","properties":{"osm_id":"243053926","name":null,"kind":"building","building":"yes","height_m":12.0,"height_source":"visual-fallback:12m","levels":null},"geometry":{"type":"Polygon","coordinates":[[[71.4237456,51.1377654],[71.4238097,51.1378702],[71.423986,51.1378277],[71.423922,51.137723],[71.4237456,51.1377654]]]}},{"type":"Feature","id":"way/243053934","properties":{"osm_id":"243053934","name":null,"kind":"building","building":"yes","height_m":12.0,"height_source":"visual-fallback:12m","levels":null},"geometry":{"type":"Polygon","coordinates":[[[71.4248299,51.1376941],[71.4248939,51.1377989],[71.4250703,51.1377565],[71.4250062,51.1376517],[71.4248299,51.1376941]]]}},{"type":"Feature","id":"way/243053937","properties":{"osm_id":"243053937","name":null,"kind":"building","building":"yes","height_m":12.0,"height_source":"visual-fallback:12m","levels":null},"geometry":{"type":"Polygon","coordinates":[[[71.4228052,51.1380416],[71.4228692,51.1381463],[71.4230456,51.1381039],[71.4229815,51.1379991],[71.4228052,51.1380416]]]}},{"type":"Feature","id":"way/243053938","properties":{"osm_id":"243053938","name":null,"kind":"building","building":"yes","height_m":12.0,"height_source":"visual-fallback:12m","levels":null},"geometry":{"type":"Polygon","coordinates":[[[71.4296516,51.1395754],[71.4297182,51.1396691],[71.4298619,51.1396288],[71.4297953,51.1395352],[71.4296516,51.1395754]]]}},{"type":"Feature","id":"way/243053939","properties":{"osm_id":"243053939","name":null,"kind":"building","building":"yes","height_m":12.0,"height_source":"visual-fallback:12m","levels":null},"geometry":{"type":"Polygon","coordinates":[[[71.4227095,51.1378857],[71.4227736,51.1379906],[71.4229499,51.1379481],[71.4228859,51.1378433],[71.4227095,51.1378857]]]}},{"type":"Feature","id":"way/243053942","properties":{"osm_id":"243053942","name":null,"kind":"building","building":"detached","height_m":3.0,"height_source":"osm:building:levels×3m","levels":1.0},"geometry":{"type":"Polygon","coordinates":[[[71.4218735,51.1372793],[71.4219375,51.1373841],[71.4221139,51.1373417],[71.4220498,51.1372369],[71.4218735,51.1372793]]]}},{"type":"Feature","id":"way/243053943","properties":{"osm_id":"243053943","name":null,"kind":"building","building":"detached","height_m":6.0,"height_source":"osm:building:levels×3m","levels":2.0},"geometry":{"type":"Polygon","coordinates":[[[71.4257485,51.1399972],[71.4256803,51.1398728],[71.4258645,51.1398331],[71.4259327,51.1399575],[71.4257485,51.1399972]]]}},{"type":"Feature","id":"way/243053944","properties":{"osm_id":"243053944","name":null,"kind":"building","building":"yes","height_m":12.0,"height_source":"visual-fallback:12m","levels":null},"geometry":{"type":"Polygon","coordinates":[[[71.4247008,51.1375289],[71.4247648,51.1376337],[71.4249412,51.1375913],[71.4248771,51.1374865],[71.4247008,51.1375289]]]}},{"type":"Feature","id":"way/243053946","properties":{"osm_id":"243053946","name":null,"kind":"building","building":"yes","height_m":12.0,"height_source":"visual-fallback:12m","levels":null},"geometry":{"type":"Polygon","coordinates":[[[71.4260745,51.1396808],[71.4260063,51.1395563],[71.4261905,51.1395166],[71.4262587,51.139641],[71.4260745,51.1396808]]]}},{"type":"Feature","id":"way/243053947","properties":{"osm_id":"243053947","name":null,"kind":"building","building":"yes","height_m":12.0,"height_source":"visual-fallback:12m","levels":null},"geometry":{"type":"Polygon","coordinates":[[[71.4228917,51.1382043],[71.4229557,51.1383091],[71.4231321,51.1382666],[71.4230681,51.1381619],[71.4228917,51.1382043]]]}},{"type":"Feature","id":"way/243053954","properties":{"osm_id":"243053954","name":null,"kind":"building","building":"yes","height_m":12.0,"height_source":"visual-fallback:12m","levels":null},"geometry":{"type":"Polygon","coordinates":[[[71.4201301,51.138474],[71.4201942,51.1385788],[71.4203705,51.1385364],[71.4203065,51.1384316],[71.4201301,51.138474]]]}},{"type":"Feature","id":"way/243053960","properties":{"osm_id":"243053960","name":null,"kind":"building","building":"yes","height_m":12.0,"height_source":"visual-fallback:12m","levels":null},"geometry":{"type":"Polygon","coordinates":[[[71.4214285,51.1374757],[71.4214925,51.1375805],[71.4216689,51.1375381],[71.4216049,51.1374333],[71.4214285,51.1374757]]]}},{"type":"Feature","id":"way/243053965","properties":{"osm_id":"243053965","name":null,"kind":"building","building":"yes","height_m":12.0,"height_source":"visual-fallback:12m","levels":null},"geometry":{"type":"Polygon","coordinates":[[[71.426291,51.1399603],[71.4262227,51.1398359],[71.4264069,51.1397962],[71.4264752,51.1399206],[71.426291,51.1399603]]]}},{"type":"Feature","id":"way/243053968","properties":{"osm_id":"243053968","name":null,"kind":"building","building":"yes","height_m":12.0,"height_source":"visual-fallback:12m","levels":null},"geometry":{"type":"Polygon","coordinates":[[[71.4238902,51.1387178],[71.4239543,51.1388226],[71.4241306,51.1387802],[71.4240666,51.1386754],[71.4238902,51.1387178]]]}},{"type":"Feature","id":"way/243053971","properties":{"osm_id":"243053971","name":null,"kind":"building","building":"yes","height_m":12.0,"height_source":"visual-fallback:12m","levels":null},"geometry":{"type":"Polygon","coordinates":[[[71.4198547,51.1389444],[71.4199188,51.1390492],[71.4200951,51.1390068],[71.4200311,51.138902],[71.4198547,51.1389444]]]}},{"type":"Feature","id":"way/243053976","properties":{"osm_id":"243053976","name":null,"kind":"building","building":"residential","height_m":12.0,"height_source":"visual-fallback:12m","levels":null},"geometry":{"type":"Polygon","coordinates":[[[71.4392937,51.1393672],[71.4392677,51.1394349],[71.4393694,51.1394503],[71.4393954,51.1393825],[71.4392937,51.1393672]]]}},{"type":"Feature","id":"way/243053982","properties":{"osm_id":"243053982","name":null,"kind":"building","building":"yes","height_m":12.0,"height_source":"visual-fallback:12m","levels":null},"geometry":{"type":"Polygon","coordinates":[[[71.4237405,51.1385396],[71.4238045,51.1386444],[71.4239809,51.138602],[71.4239168,51.1384972],[71.4237405,51.1385396]]]}},{"type":"Feature","id":"way/243053984","properties":{"osm_id":"243053984","name":null,"kind":"building","building":"yes","height_m":12.0,"height_source":"visual-fallback:12m","levels":null},"geometry":{"type":"Polygon","coordinates":[[[71.4273209,51.1381974],[71.4273971,51.1383044],[71.4275792,51.1382534],[71.427503,51.1381464],[71.4273209,51.1381974]]]}},{"type":"Feature","id":"way/243053987","properties":{"osm_id":"243053987","name":null,"kind":"building","building":"yes","height_m":12.0,"height_source":"visual-fallback:12m","levels":null},"geometry":{"type":"Polygon","coordinates":[[[71.4243494,51.138647],[71.4244164,51.1387562],[71.4246913,51.1386898],[71.4246243,51.1385806],[71.4243494,51.138647]]]}},{"type":"Feature","id":"way/243053990","properties":{"osm_id":"243053990","name":null,"kind":"building","building":"yes","height_m":12.0,"height_source":"visual-fallback:12m","levels":null},"geometry":{"type":"Polygon","coordinates":[[[71.432399,51.1385004],[71.4324764,51.1385997],[71.4326185,51.138556],[71.432541,51.1384567],[71.432399,51.1385004]]]}},{"type":"Feature","id":"way/243053997","properties":{"osm_id":"243053997","name":null,"kind":"building","building":"yes","height_m":12.0,"height_source":"visual-fallback:12m","levels":null},"geometry":{"type":"Polygon","coordinates":[[[71.4228957,51.1389509],[71.4229598,51.1390557],[71.4231361,51.1390133],[71.4230721,51.1389085],[71.4228957,51.1389509]]]}},{"type":"Feature","id":"way/243053999","properties":{"osm_id":"243053999","name":null,"kind":"building","building":"yes","height_m":12.0,"height_source":"visual-fallback:12m","levels":null},"geometry":{"type":"Polygon","coordinates":[[[71.4275006,51.1400789],[71.4274324,51.1399544],[71.4276166,51.1399147],[71.4276848,51.1400391],[71.4275006,51.1400789]]]}},{"type":"Feature","id":"way/243054005","properties":{"osm_id":"243054005","name":null,"kind":"building","building":"yes","height_m":12.0,"height_source":"visual-fallback:12m","levels":null},"geometry":{"type":"Polygon","coordinates":[[[71.4247837,51.138462],[71.4248478,51.1385668],[71.4250242,51.1385243],[71.42496,51.1384195],[71.4247837,51.138462]]]}},{"type":"Feature","id":"way/243054008","properties":{"osm_id":"243054008","name":null,"kind":"building","building":"yes","height_m":12.0,"height_source":"visual-fallback:12m","levels":null},"geometry":{"type":"Polygon","coordinates":[[[71.419927,51.1391032],[71.4199911,51.139208],[71.4201674,51.1391655],[71.4201034,51.1390608],[71.419927,51.1391032]]]}},{"type":"Feature","id":"way/243054017","properties":{"osm_id":"243054017","name":null,"kind":"building","building":"yes","height_m":12.0,"height_source":"visual-fallback:12m","levels":null},"geometry":{"type":"Polygon","coordinates":[[[71.4205597,51.1390788],[71.4206158,51.1391645],[71.4207878,51.1391202],[71.4207317,51.1390345],[71.4205597,51.1390788]]]}},{"type":"Feature","id":"way/243054021","properties":{"osm_id":"243054021","name":null,"kind":"building","building":"yes","height_m":12.0,"height_source":"visual-fallback:12m","levels":null},"geometry":{"type":"Polygon","coordinates":[[[71.4281161,51.1393765],[71.4281922,51.1394836],[71.4283743,51.1394326],[71.4282981,51.1393255],[71.4281161,51.1393765]]]}},{"type":"Feature","id":"way/243054022","properties":{"osm_id":"243054022","name":null,"kind":"building","building":"yes","height_m":12.0,"height_source":"visual-fallback:12m","levels":null},"geometry":{"type":"Polygon","coordinates":[[[71.4242878,51.1376682],[71.4243518,51.1377729],[71.4245281,51.1377305],[71.4244641,51.1376258],[71.4242878,51.1376682]]]}},{"type":"Feature","id":"way/243054024","properties":{"osm_id":"243054024","name":null,"kind":"building","building":"yes","height_m":12.0,"height_source":"visual-fallback:12m","levels":null},"geometry":{"type":"Polygon","coordinates":[[[71.4236579,51.1383874],[71.4237219,51.1384922],[71.4238983,51.1384497],[71.4238342,51.138345],[71.4236579,51.1383874]]]}},{"type":"Feature","id":"way/243054025","properties":{"osm_id":"243054025","name":null,"kind":"building","building":"yes","height_m":12.0,"height_source":"visual-fallback:12m","levels":null},"geometry":{"type":"Polygon","coordinates":[[[71.425744,51.1392312],[71.4256758,51.1391068],[71.42586,51.139067],[71.4259282,51.1391915],[71.425744,51.1392312]]]}},{"type":"Feature","id":"way/243054029","properties":{"osm_id":"243054029","name":null,"kind":"building","building":"yes","height_m":12.0,"height_source":"visual-fallback:12m","levels":null},"geometry":{"type":"Polygon","coordinates":[[[71.429106,51.1379616],[71.4291741,51.1380575],[71.4293146,51.1380181],[71.4292465,51.1379223],[71.429106,51.1379616]]]}},{"type":"Feature","id":"way/243054030","properties":{"osm_id":"243054030","name":null,"kind":"building","building":"yes","height_m":12.0,"height_source":"visual-fallback:12m","levels":null},"geometry":{"type":"Polygon","coordinates":[[[71.4200354,51.1392911],[71.4200995,51.1393959],[71.4202759,51.1393534],[71.4202118,51.1392486],[71.4200354,51.1392911]]]}},{"type":"Feature","id":"way/243054032","properties":{"osm_id":"243054032","name":null,"kind":"building","building":"yes","height_m":12.0,"height_source":"visual-fallback:12m","levels":null},"geometry":{"type":"Polygon","coordinates":[[[71.4319282,51.1398619],[71.4318756,51.1399656],[71.4320406,51.1399985],[71.4320932,51.1398947],[71.4319282,51.1398619]]]}},{"type":"Feature","id":"way/243054033","properties":{"osm_id":"243054033","name":null,"kind":"building","building":"yes","height_m":12.0,"height_source":"visual-fallback:12m","levels":null},"geometry":{"type":"Polygon","coordinates":[[[71.4278321,51.1397491],[71.4279082,51.1398561],[71.4280903,51.1398051],[71.4280142,51.1396981],[71.4278321,51.1397491]]]}},{"type":"Feature","id":"way/243054039","properties":{"osm_id":"243054039","name":null,"kind":"building","building":"yes","height_m":12.0,"height_source":"visual-fallback:12m","levels":null},"geometry":{"type":"Polygon","coordinates":[[[71.4203831,51.1388706],[71.4204472,51.1389755],[71.4206235,51.138933],[71.4205594,51.1388282],[71.4203831,51.1388706]]]}},{"type":"Feature","id":"way/243054043","properties":{"osm_id":"243054043","name":null,"kind":"building","building":"residential","height_m":12.0,"height_source":"visual-fallback:12m","levels":null},"geometry":{"type":"Polygon","coordinates":[[[71.4353544,51.1390346],[71.4353102,51.1391631],[71.4354986,51.1391886],[71.4355428,51.1390601],[71.4353544,51.1390346]]]}},{"type":"Feature","id":"way/243054044","properties":{"osm_id":"243054044","name":null,"kind":"building","building":"yes","height_m":12.0,"height_source":"visual-fallback:12m","levels":null},"geometry":{"type":"Polygon","coordinates":[[[71.4241841,51.1375169],[71.4242481,51.1376217],[71.4244245,51.1375793],[71.4243605,51.1374745],[71.4241841,51.1375169]]]}},{"type":"Feature","id":"way/243054046","properties":{"osm_id":"243054046","name":null,"kind":"building","building":"yes","height_m":12.0,"height_source":"visual-fallback:12m","levels":null},"geometry":{"type":"Polygon","coordinates":[[[71.4211583,51.1382329],[71.4212223,51.1383377],[71.4213987,51.1382952],[71.4213347,51.1381905],[71.4211583,51.1382329]]]}},{"type":"Feature","id":"way/243054047","properties":{"osm_id":"243054047","name":null,"kind":"building","building":"yes","height_m":12.0,"height_source":"visual-fallback:12m","levels":null},"geometry":{"type":"Polygon","coordinates":[[[71.4254752,51.1377848],[71.4255393,51.1378896],[71.4257156,51.1378472],[71.4256516,51.1377424],[71.4254752,51.1377848]]]}},{"type":"Feature","id":"way/243054049","properties":{"osm_id":"243054049","name":null,"kind":"building","building":"yes","height_m":12.0,"height_source":"visual-fallback:12m","levels":null},"geometry":{"type":"Polygon","coordinates":[[[71.4235443,51.1381995],[71.4236083,51.1383043],[71.4237847,51.1382618],[71.4237206,51.1381571],[71.4235443,51.1381995]]]}},{"type":"Feature","id":"way/243054050","properties":{"osm_id":"243054050","name":null,"kind":"building","building":"yes","height_m":12.0,"height_source":"visual-fallback:12m","levels":null},"geometry":{"type":"Polygon","coordinates":[[[71.4259265,51.1394371],[71.4258583,51.1393126],[71.4260425,51.1392729],[71.4261107,51.1393973],[71.4259265,51.1394371]]]}},{"type":"Feature","id":"way/243054056","properties":{"osm_id":"243054056","name":null,"kind":"building","building":"yes","height_m":12.0,"height_source":"visual-fallback:12m","levels":null},"geometry":{"type":"Polygon","coordinates":[[[71.424713,51.1383218],[71.424777,51.1384265],[71.4249534,51.1383841],[71.4248893,51.1382793],[71.424713,51.1383218]]]}},{"type":"Feature","id":"way/243054060","properties":{"osm_id":"243054060","name":null,"kind":"building","building":"yes","height_m":12.0,"height_source":"visual-fallback:12m","levels":null},"geometry":{"type":"Polygon","coordinates":[[[71.4276978,51.1394802],[71.427774,51.1395872],[71.4279561,51.1395362],[71.4278799,51.1394292],[71.4276978,51.1394802]]]}},{"type":"Feature","id":"way/243054063","properties":{"osm_id":"243054063","name":null,"kind":"building","building":"yes","height_m":12.0,"height_source":"visual-fallback:12m","levels":null},"geometry":{"type":"Polygon","coordinates":[[[71.4204056,51.1370347],[71.4204697,51.1371395],[71.4206461,51.137097],[71.420582,51.1369922],[71.4204056,51.1370347]]]}},{"type":"Feature","id":"way/243054064","properties":{"osm_id":"243054064","name":null,"kind":"building","building":"yes","height_m":12.0,"height_source":"visual-fallback:12m","levels":null},"geometry":{"type":"Polygon","coordinates":[[[71.4297645,51.1397329],[71.4298406,51.1398399],[71.4299777,51.1398015],[71.4299016,51.1396945],[71.4297645,51.1397329]]]}},{"type":"Feature","id":"way/243054069","properties":{"osm_id":"243054069","name":null,"kind":"building","building":"yes","height_m":3.0,"height_source":"osm:building:levels×3m","levels":1.0},"geometry":{"type":"Polygon","coordinates":[[[71.4251463,51.1389937],[71.4250781,51.1388692],[71.4252623,51.1388295],[71.4253305,51.1389539],[71.4251463,51.1389937]]]}},{"type":"Feature","id":"way/243054072","properties":{"osm_id":"243054072","name":null,"kind":"building","building":"detached","height_m":6.0,"height_source":"osm:building:levels×3m","levels":2.0},"geometry":{"type":"Polygon","coordinates":[[[71.4261364,51.1380316],[71.4262004,51.1381364],[71.4263767,51.138094],[71.4263127,51.1379892],[71.4261364,51.1380316]]]}},{"type":"Feature","id":"way/243054076","properties":{"osm_id":"243054076","name":null,"kind":"building","building":"yes","height_m":12.0,"height_source":"visual-fallback:12m","levels":null},"geometry":{"type":"Polygon","coordinates":[[[71.4240787,51.140036],[71.4240105,51.1399116],[71.4241947,51.1398718],[71.4242629,51.1399963],[71.4240787,51.140036]]]}},{"type":"Feature","id":"way/243054080","properties":{"osm_id":"243054080","name":null,"kind":"building","building":"yes","height_m":12.0,"height_source":"visual-fallback:12m","levels":null},"geometry":{"type":"Polygon","coordinates":[[[71.42017,51.1368908],[71.4202534,51.1370206],[71.420493,51.1369601],[71.4204096,51.1368303],[71.42017,51.1368908]]]}},{"type":"Feature","id":"way/243054082","properties":{"osm_id":"243054082","name":null,"kind":"building","building":"yes","height_m":12.0,"height_source":"visual-fallback:12m","levels":null},"geometry":{"type":"Polygon","coordinates":[[[71.4267876,51.1390335],[71.4267229,51.1389278],[71.426882,51.1388895],[71.4269467,51.1389951],[71.4267876,51.1390335]]]}},{"type":"Feature","id":"way/243054083","properties":{"osm_id":"243054083","name":null,"kind":"building","building":"yes","height_m":12.0,"height_source":"visual-fallback:12m","levels":null},"geometry":{"type":"Polygon","coordinates":[[[71.4197773,51.139751],[71.4198413,51.1398558],[71.4200177,51.1398134],[71.4199536,51.1397086],[71.4197773,51.139751]]]}},{"type":"Feature","id":"way/243054092","properties":{"osm_id":"243054092","name":null,"kind":"building","building":"yes","height_m":12.0,"height_source":"visual-fallback:12m","levels":null},"geometry":{"type":"Polygon","coordinates":[[[71.4223296,51.1391593],[71.4224016,51.1392753],[71.4227126,51.1391992],[71.4226405,51.1390833],[71.4223296,51.1391593]]]}},{"type":"Feature","id":"way/243054096","properties":{"osm_id":"243054096","name":null,"kind":"building","building":"yes","height_m":12.0,"height_source":"visual-fallback:12m","levels":null},"geometry":{"type":"Polygon","coordinates":[[[71.4291221,51.1398404],[71.4291983,51.1399474],[71.4293804,51.1398963],[71.4293042,51.1397893],[71.4291221,51.1398404]]]}},{"type":"Feature","id":"way/243054101","properties":{"osm_id":"243054101","name":null,"kind":"building","building":"yes","height_m":12.0,"height_source":"visual-fallback:12m","levels":null},"geometry":{"type":"Polygon","coordinates":[[[71.431755,51.1384229],[71.4318278,51.1385161],[71.4319942,51.1384649],[71.4319213,51.1383717],[71.431755,51.1384229]]]}},{"type":"Feature","id":"way/243054103","properties":{"osm_id":"243054103","name":null,"kind":"building","building":"yes","height_m":12.0,"height_source":"visual-fallback:12m","levels":null},"geometry":{"type":"Polygon","coordinates":[[[71.4275508,51.1392824],[71.4276269,51.1393895],[71.427809,51.1393385],[71.4277329,51.1392314],[71.4275508,51.1392824]]]}},{"type":"Feature","id":"way/243054105","properties":{"osm_id":"243054105","name":null,"kind":"building","building":"yes","height_m":12.0,"height_source":"visual-fallback:12m","levels":null},"geometry":{"type":"Polygon","coordinates":[[[71.4239514,51.1398608],[71.4238805,51.1397373],[71.4241695,51.139672],[71.4242404,51.1397954],[71.4239514,51.1398608]]]}},{"type":"Feature","id":"way/243054109","properties":{"osm_id":"243054109","name":null,"kind":"building","building":"yes","height_m":12.0,"height_source":"visual-fallback:12m","levels":null},"geometry":{"type":"Polygon","coordinates":[[[71.4222611,51.1371621],[71.4223251,51.1372668],[71.4225014,51.1372244],[71.4224374,51.1371196],[71.4222611,51.1371621]]]}},{"type":"Feature","id":"way/243054110","properties":{"osm_id":"243054110","name":null,"kind":"building","building":"yes","height_m":12.0,"height_source":"visual-fallback:12m","levels":null},"geometry":{"type":"Polygon","coordinates":[[[71.432429,51.1388253],[71.4323725,51.1389366],[71.4325532,51.1389727],[71.4326097,51.1388613],[71.432429,51.1388253]]]}},{"type":"Feature","id":"way/243054115","properties":{"osm_id":"243054115","name":null,"kind":"building","building":"yes","height_m":12.0,"height_source":"visual-fallback:12m","levels":null},"geometry":{"type":"Polygon","coordinates":[[[71.4215998,51.1379305],[71.4216639,51.1380353],[71.4218402,51.1379928],[71.4217762,51.1378881],[71.4215998,51.1379305]]]}},{"type":"Feature","id":"way/243054116","properties":{"osm_id":"243054116","name":null,"kind":"building","building":"yes","height_m":12.0,"height_source":"visual-fallback:12m","levels":null},"geometry":{"type":"Polygon","coordinates":[[[71.4313603,51.137939],[71.4314403,51.1380416],[71.4315877,51.1379963],[71.4315077,51.1378937],[71.4313603,51.137939]]]}},{"type":"Feature","id":"way/243054120","properties":{"osm_id":"243054120","name":null,"kind":"building","building":"yes","height_m":12.0,"height_source":"visual-fallback:12m","levels":null},"geometry":{"type":"Polygon","coordinates":[[[71.4274322,51.1390638],[71.4275083,51.1391709],[71.4276904,51.1391199],[71.4276142,51.1390128],[71.4274322,51.1390638]]]}},{"type":"Feature","id":"way/243054122","properties":{"osm_id":"243054122","name":null,"kind":"building","building":"yes","height_m":12.0,"height_source":"visual-fallback:12m","levels":null},"geometry":{"type":"Polygon","coordinates":[[[71.4251551,51.1382124],[71.4252192,51.1383172],[71.4253955,51.1382748],[71.4253315,51.13817],[71.4251551,51.1382124]]]}},{"type":"Feature","id":"way/243054123","properties":{"osm_id":"243054123","name":null,"kind":"building","building":"yes","height_m":12.0,"height_source":"visual-fallback:12m","levels":null},"geometry":{"type":"Polygon","coordinates":[[[71.4229815,51.1373378],[71.4230456,51.1374426],[71.4232219,51.1374001],[71.4231579,51.1372954],[71.4229815,51.1373378]]]}},{"type":"Feature","id":"way/243054124","properties":{"osm_id":"243054124","name":null,"kind":"building","building":"yes","height_m":12.0,"height_source":"visual-fallback:12m","levels":null},"geometry":{"type":"Polygon","coordinates":[[[71.4223711,51.1381355],[71.4224352,51.1382403],[71.4226115,51.1381978],[71.4225475,51.1380931],[71.4223711,51.1381355]]]}},{"type":"Feature","id":"way/243054132","properties":{"osm_id":"243054132","name":null,"kind":"building","building":"yes","height_m":12.0,"height_source":"visual-fallback:12m","levels":null},"geometry":{"type":"Polygon","coordinates":[[[71.4222658,51.1379694],[71.42233,51.1380742],[71.4225063,51.1380317],[71.4224421,51.1379269],[71.4222658,51.1379694]]]}},{"type":"Feature","id":"way/243054137","properties":{"osm_id":"243054137","name":null,"kind":"building","building":"yes","height_m":12.0,"height_source":"visual-fallback:12m","levels":null},"geometry":{"type":"Polygon","coordinates":[[[71.4210938,51.1390271],[71.4211442,51.1391096],[71.4214608,51.1390334],[71.4214104,51.1389509],[71.4210938,51.1390271]]]}},{"type":"Feature","id":"way/243054138","properties":{"osm_id":"243054138","name":null,"kind":"building","building":"yes","height_m":12.0,"height_source":"visual-fallback:12m","levels":null},"geometry":{"type":"Polygon","coordinates":[[[71.4283142,51.1378002],[71.4283903,51.1379073],[71.4285724,51.1378563],[71.4284963,51.1377493],[71.4283142,51.1378002]]]}},{"type":"Feature","id":"way/243054141","properties":{"osm_id":"243054141","name":null,"kind":"building","building":"detached","height_m":6.0,"height_source":"osm:building:levels×3m","levels":2.0},"geometry":{"type":"Polygon","coordinates":[[[71.4222384,51.1399743],[71.4221702,51.1398498],[71.4223544,51.1398101],[71.4224226,51.1399346],[71.4222384,51.1399743]]]}},{"type":"Feature","id":"way/243054143","properties":{"osm_id":"243054143","name":null,"kind":"building","building":"yes","height_m":12.0,"height_source":"visual-fallback:12m","levels":null},"geometry":{"type":"Polygon","coordinates":[[[71.4273715,51.1398651],[71.4273033,51.1397406],[71.4274875,51.1397009],[71.4275557,51.1398253],[71.4273715,51.1398651]]]}},{"type":"Feature","id":"way/243054147","properties":{"osm_id":"243054147","name":null,"kind":"building","building":"yes","height_m":12.0,"height_source":"visual-fallback:12m","levels":null},"geometry":{"type":"Polygon","coordinates":[[[71.4236424,51.1376164],[71.4237064,51.1377212],[71.4238828,51.1376787],[71.4238187,51.137574],[71.4236424,51.1376164]]]}},{"type":"Feature","id":"way/243054150","properties":{"osm_id":"243054150","name":null,"kind":"building","building":"yes","height_m":3.0,"height_source":"osm:building:levels×3m","levels":1.0},"geometry":{"type":"Polygon","coordinates":[[[71.4253476,51.1393111],[71.4252794,51.1391866],[71.4254636,51.1391469],[71.4255318,51.1392713],[71.4253476,51.1393111]]]}},{"type":"Feature","id":"way/243054151","properties":{"osm_id":"243054151","name":null,"kind":"building","building":"yes","height_m":12.0,"height_source":"visual-fallback:12m","levels":null},"geometry":{"type":"Polygon","coordinates":[[[71.4199683,51.1373571],[71.4200324,51.1374619],[71.4202087,51.1374194],[71.4201447,51.1373147],[71.4199683,51.1373571]]]}},{"type":"Feature","id":"way/243054156","properties":{"osm_id":"243054156","name":null,"kind":"building","building":"yes","height_m":12.0,"height_source":"visual-fallback:12m","levels":null},"geometry":{"type":"Polygon","coordinates":[[[71.428216,51.1385623],[71.4282921,51.1386694],[71.4284741,51.1386185],[71.428398,51.1385114],[71.428216,51.1385623]]]}},{"type":"Feature","id":"way/243054158","properties":{"osm_id":"243054158","name":null,"kind":"building","building":"yes","height_m":12.0,"height_source":"visual-fallback:12m","levels":null},"geometry":{"type":"Polygon","coordinates":[[[71.4271185,51.1395023],[71.4270503,51.1393778],[71.4272345,51.1393381],[71.4273027,51.1394625],[71.4271185,51.1395023]]]}},{"type":"Feature","id":"way/243054162","properties":{"osm_id":"243054162","name":null,"kind":"building","building":"yes","height_m":12.0,"height_source":"visual-fallback:12m","levels":null},"geometry":{"type":"Polygon","coordinates":[[[71.4206653,51.1383775],[71.4207294,51.1384823],[71.4209057,51.1384399],[71.4208417,51.1383351],[71.4206653,51.1383775]]]}},{"type":"Feature","id":"way/243054167","properties":{"osm_id":"243054167","name":null,"kind":"building","building":"yes","height_m":12.0,"height_source":"visual-fallback:12m","levels":null},"geometry":{"type":"Polygon","coordinates":[[[71.4198547,51.1371919],[71.4199188,51.1372967],[71.4200952,51.1372542],[71.4200311,51.1371494],[71.4198547,51.1371919]]]}},{"type":"Feature","id":"way/243133935","properties":{"osm_id":"243133935","name":null,"kind":"building","building":"yes","height_m":12.0,"height_source":"visual-fallback:12m","levels":null},"geometry":{"type":"Polygon","coordinates":[[[71.4398817,51.1201408],[71.4399385,51.1203061],[71.4400883,51.1202867],[71.4400366,51.1201181],[71.4398817,51.1201408]]]}},{"type":"Feature","id":"way/243215792/road","properties":{"osm_id":"243215792","name":"Құмбел көшесі","kind":"road","highway":"residential","surface":null,"lanes":null},"geometry":{"type":"LineString","coordinates":[[71.4308774,51.1383066],[71.4303159,51.137537],[71.4298708,51.1370325]]}},{"type":"Feature","id":"way/243215794/road","properties":{"osm_id":"243215794","name":"Ай-Таңсық көшесі","kind":"road","highway":"residential","surface":null,"lanes":null},"geometry":{"type":"LineString","coordinates":[[71.4289501,51.1373766],[71.429641,51.1383045],[71.4297259,51.1384651],[71.4297969,51.1386553],[71.4298144,51.1388085],[71.4298426,51.1388329],[71.4298707,51.138843],[71.4299653,51.1388455]]}},{"type":"Feature","id":"way/243301706","properties":{"osm_id":"243301706","name":null,"kind":"building","building":"yes","height_m":3.0,"height_source":"osm:building:levels×3m","levels":1.0},"geometry":{"type":"Polygon","coordinates":[[[71.434507,51.1347859],[71.434651,51.1351472],[71.4348335,51.1351186],[71.4348063,51.1350503],[71.4346895,51.1347573],[71.434507,51.1347859]]]}},{"type":"Feature","id":"way/243301709","properties":{"osm_id":"243301709","name":null,"kind":"building","building":"apartments","height_m":69.0,"height_source":"osm:building:levels×3m","levels":23.0},"geometry":{"type":"Polygon","coordinates":[[[71.424761,51.1361715],[71.4248332,51.1363419],[71.4252125,51.1362787],[71.4251403,51.1361082],[71.424761,51.1361715]]]}},{"type":"Feature","id":"way/243301714","properties":{"osm_id":"243301714","name":null,"kind":"building","building":"yes","height_m":69.0,"height_source":"osm:building:levels×3m","levels":23.0},"geometry":{"type":"Polygon","coordinates":[[[71.420869,51.1365978],[71.4209694,51.1368463],[71.421219,51.1368066],[71.4211187,51.1365582],[71.420869,51.1365978]]]}},{"type":"Feature","id":"way/243301723","properties":{"osm_id":"243301723","name":null,"kind":"building","building":"public","height_m":6.0,"height_source":"osm:building:levels×3m","levels":2.0},"geometry":{"type":"Polygon","coordinates":[[[71.4354069,51.1343443],[71.4355529,51.1347053],[71.435883,51.1346527],[71.4358122,51.1344776],[71.435737,51.1342917],[71.4354069,51.1343443]]]}},{"type":"Feature","id":"way/243301727","properties":{"osm_id":"243301727","name":null,"kind":"building","building":"yes","height_m":66.0,"height_source":"osm:building:levels×3m","levels":22.0},"geometry":{"type":"Polygon","coordinates":[[[71.421224,51.1360514],[71.4211648,51.1360608],[71.4211558,51.1360386],[71.4210029,51.1360629],[71.4210121,51.1360858],[71.420637,51.1361454],[71.4206574,51.136196],[71.4207038,51.1361887],[71.420869,51.1365978],[71.4211187,51.1365582],[71.4211059,51.1365266],[71.4214824,51.1364667],[71.4213927,51.1362447],[71.4213075,51.1362582],[71.421224,51.1360514]]]}},{"type":"Feature","id":"way/243301728","properties":{"osm_id":"243301728","name":null,"kind":"building","building":"apartments","height_m":42.0,"height_source":"osm:building:levels×3m","levels":14.0},"geometry":{"type":"Polygon","coordinates":[[[71.4214415,51.1360925],[71.4215113,51.1362535],[71.424018,51.1358254],[71.4239481,51.1356644],[71.4214415,51.1360925]]]}},{"type":"Feature","id":"way/243301729","properties":{"osm_id":"243301729","name":null,"kind":"building","building":"yes","height_m":12.0,"height_source":"visual-fallback:12m","levels":null},"geometry":{"type":"Polygon","coordinates":[[[71.4345791,51.1390663],[71.4343853,51.1392206],[71.4346467,51.1393499],[71.4348405,51.1391956],[71.4345791,51.1390663]]]}},{"type":"Feature","id":"way/243301730","properties":{"osm_id":"243301730","name":null,"kind":"building","building":"apartments","height_m":21.0,"height_source":"osm:building:levels×3m","levels":7.0},"geometry":{"type":"Polygon","coordinates":[[[71.4346065,51.1353666],[71.4347013,51.1356106],[71.4349562,51.1355716],[71.4348614,51.1353276],[71.4346065,51.1353666]]]}},{"type":"Feature","id":"way/243301733","properties":{"osm_id":"243301733","name":null,"kind":"building","building":"commercial","height_m":12.0,"height_source":"osm:building:levels×3m","levels":4.0},"geometry":{"type":"Polygon","coordinates":[[[71.4342892,51.1339977],[71.43411,51.1341018],[71.4342687,51.1344718],[71.4344936,51.1344325],[71.4342892,51.1339977]]]}},{"type":"Feature","id":"way/243301734","properties":{"osm_id":"243301734","name":null,"kind":"building","building":"apartments","height_m":69.0,"height_source":"osm:building:levels×3m","levels":23.0},"geometry":{"type":"Polygon","coordinates":[[[71.4244225,51.1359127],[71.4244946,51.1361043],[71.4247753,51.1360627],[71.4247033,51.1358711],[71.4244225,51.1359127]]]}},{"type":"Feature","id":"way/243301736","properties":{"osm_id":"243301736","name":"1 Hub","kind":"building","building":"office","height_m":12.0,"height_source":"visual-fallback:12m","levels":null},"geometry":{"type":"Polygon","coordinates":[[[71.4312001,51.1360312],[71.4312801,51.1362195],[71.4316963,51.1361498],[71.4316163,51.1359616],[71.4312001,51.1360312]]]}},{"type":"Feature","id":"way/244139326/road","properties":{"osm_id":"244139326","name":"Құлагер көшесі","kind":"road","highway":"residential","surface":null,"lanes":null},"geometry":{"type":"LineString","coordinates":[[71.4318435,51.1380405],[71.4308774,51.1383066]]}},{"type":"Feature","id":"way/244139333/road","properties":{"osm_id":"244139333","name":"Адырна көшесі","kind":"road","highway":"residential","surface":null,"lanes":null},"geometry":{"type":"LineString","coordinates":[[71.4309053,51.1409714],[71.431312,51.1403689],[71.4314532,51.1401556],[71.4315459,51.1400926],[71.4316352,51.1400677],[71.4322284,51.1387588],[71.4322431,51.1386864],[71.4318435,51.1380405]]}},{"type":"Feature","id":"way/244168492/road","properties":{"osm_id":"244168492","name":"Арай көшесі","kind":"road","highway":"tertiary","surface":null,"lanes":null},"geometry":{"type":"LineString","coordinates":[[71.4306389,51.1445274],[71.4307305,51.1443476],[71.4308193,51.1441732],[71.4312594,51.143309],[71.4313177,51.1431945],[71.4316345,51.1425723],[71.431672,51.1424986],[71.431984,51.1418861],[71.4323147,51.1412366],[71.4330771,51.1397649],[71.4333219,51.1392826],[71.4333839,51.1392364]]}},{"type":"Feature","id":"way/244292560/road","properties":{"osm_id":"244292560","name":"Митченко көшесі","kind":"road","highway":"residential","surface":"asphalt","lanes":null},"geometry":{"type":"LineString","coordinates":[[71.423022,51.136865],[71.4243415,51.1389434],[71.4256988,51.1410929]]}},{"type":"Feature","id":"way/244831723/road","properties":{"osm_id":"244831723","name":"Жиембет Жырау көшесі","kind":"road","highway":"residential","surface":null,"lanes":null},"geometry":{"type":"LineString","coordinates":[[71.4296291,51.1357033],[71.4293572,51.1351047],[71.4291576,51.1346663],[71.4291331,51.1346125],[71.4290555,51.134451]]}},{"type":"Feature","id":"way/245598149/road","properties":{"osm_id":"245598149","name":"Алпамыс Батыр көшесі","kind":"road","highway":"residential","surface":"asphalt","lanes":null},"geometry":{"type":"LineString","coordinates":[[71.4251821,51.1415617],[71.4249156,51.14133],[71.4247915,51.1412597],[71.424591,51.1411177],[71.4233572,51.1391916],[71.4220575,51.1370951]]}},{"type":"Feature","id":"way/245616668","properties":{"osm_id":"245616668","name":null,"kind":"building","building":"yes","height_m":12.0,"height_source":"visual-fallback:12m","levels":null},"geometry":{"type":"Polygon","coordinates":[[[71.4237884,51.1395629],[71.4237139,51.1394409],[71.4239707,51.1393792],[71.4240452,51.1395012],[71.4237884,51.1395629]]]}},{"type":"Feature","id":"way/245625384","properties":{"osm_id":"245625384","name":null,"kind":"building","building":"yes","height_m":12.0,"height_source":"visual-fallback:12m","levels":null},"geometry":{"type":"Polygon","coordinates":[[[71.4250008,51.1368773],[71.4250401,51.1369437],[71.4249489,51.1369649],[71.4249967,51.1370457],[71.4252202,51.1369938],[71.4251332,51.1368465],[71.4250008,51.1368773]]]}},{"type":"Feature","id":"way/245625385","properties":{"osm_id":"245625385","name":null,"kind":"building","building":"yes","height_m":12.0,"height_source":"visual-fallback:12m","levels":null},"geometry":{"type":"Polygon","coordinates":[[[71.4248158,51.1367363],[71.4248889,51.1368552],[71.4250958,51.1368052],[71.4250228,51.1366862],[71.4248158,51.1367363]]]}},{"type":"Feature","id":"way/245803015","properties":{"osm_id":"245803015","name":null,"kind":"building","building":"yes","height_m":12.0,"height_source":"visual-fallback:12m","levels":null},"geometry":{"type":"Polygon","coordinates":[[[71.4275346,51.1372317],[71.4276395,51.1373315],[71.4279156,51.1372172],[71.4278106,51.1371174],[71.4275346,51.1372317]]]}},{"type":"Feature","id":"way/245803016","properties":{"osm_id":"245803016","name":null,"kind":"building","building":"yes","height_m":12.0,"height_source":"visual-fallback:12m","levels":null},"geometry":{"type":"Polygon","coordinates":[[[71.4271457,51.13737],[71.4272507,51.1374698],[71.4275267,51.1373555],[71.4274218,51.1372557],[71.4271457,51.13737]]]}},{"type":"Feature","id":"way/245803017","properties":{"osm_id":"245803017","name":null,"kind":"building","building":"yes","height_m":12.0,"height_source":"visual-fallback:12m","levels":null},"geometry":{"type":"Polygon","coordinates":[[[71.4266903,51.1376077],[71.4267714,51.1376848],[71.4270197,51.137582],[71.4269385,51.1375049],[71.4266903,51.1376077]]]}},{"type":"Feature","id":"way/245803018","properties":{"osm_id":"245803018","name":null,"kind":"building","building":"yes","height_m":12.0,"height_source":"visual-fallback:12m","levels":null},"geometry":{"type":"Polygon","coordinates":[[[71.4289159,51.1395802],[71.428992,51.1396872],[71.4291742,51.1396362],[71.429098,51.1395292],[71.4289159,51.1395802]]]}},{"type":"Feature","id":"way/245803020","properties":{"osm_id":"245803020","name":null,"kind":"building","building":"yes","height_m":12.0,"height_source":"visual-fallback:12m","levels":null},"geometry":{"type":"Polygon","coordinates":[[[71.4300831,51.135844],[71.4301753,51.1361076],[71.4305508,51.1360558],[71.4304586,51.1357923],[71.4300831,51.135844]]]}},{"type":"Feature","id":"way/245803024","properties":{"osm_id":"245803024","name":null,"kind":"building","building":"yes","height_m":12.0,"height_source":"visual-fallback:12m","levels":null},"geometry":{"type":"Polygon","coordinates":[[[71.4294696,51.1364469],[71.4295696,51.136541],[71.4296159,51.1365845],[71.4298716,51.1364775],[71.4298022,51.1364123],[71.4298542,51.1363905],[71.4298191,51.1363575],[71.4297671,51.1363793],[71.4297252,51.1363399],[71.4294696,51.1364469]]]}},{"type":"Feature","id":"way/245803025","properties":{"osm_id":"245803025","name":null,"kind":"building","building":"yes","height_m":12.0,"height_source":"visual-fallback:12m","levels":null},"geometry":{"type":"Polygon","coordinates":[[[71.428604,51.1367571],[71.4287089,51.1368569],[71.428985,51.1367426],[71.42888,51.1366428],[71.428604,51.1367571]]]}},{"type":"Feature","id":"way/245803026","properties":{"osm_id":"245803026","name":null,"kind":"building","building":"yes","height_m":12.0,"height_source":"visual-fallback:12m","levels":null},"geometry":{"type":"Polygon","coordinates":[[[71.4282283,51.1369226],[71.4283332,51.1370224],[71.4286093,51.1369081],[71.4285043,51.1368083],[71.4282283,51.1369226]]]}},{"type":"Feature","id":"way/245812333","properties":{"osm_id":"245812333","name":null,"kind":"building","building":"yes","height_m":12.0,"height_source":"visual-fallback:12m","levels":null},"geometry":{"type":"Polygon","coordinates":[[[71.4315424,51.1377147],[71.4316965,51.1376746],[71.4316337,51.1375797],[71.4314796,51.1376199],[71.4315424,51.1377147]]]}},{"type":"Feature","id":"way/245812334","properties":{"osm_id":"245812334","name":null,"kind":"building","building":"yes","height_m":12.0,"height_source":"visual-fallback:12m","levels":null},"geometry":{"type":"Polygon","coordinates":[[[71.4316198,51.1382298],[71.4316938,51.1383244],[71.4318446,51.1382779],[71.4317706,51.1381834],[71.4316198,51.1382298]]]}},{"type":"Feature","id":"way/245812335","properties":{"osm_id":"245812335","name":null,"kind":"building","building":"yes","height_m":12.0,"height_source":"visual-fallback:12m","levels":null},"geometry":{"type":"Polygon","coordinates":[[[71.4316436,51.1394156],[71.4315975,51.1395136],[71.4317629,51.1395442],[71.431809,51.1394462],[71.4316436,51.1394156]]]}},{"type":"Feature","id":"way/245812336","properties":{"osm_id":"245812336","name":null,"kind":"building","building":"yes","height_m":12.0,"height_source":"visual-fallback:12m","levels":null},"geometry":{"type":"Polygon","coordinates":[[[71.4317182,51.1392452],[71.4316688,51.1393501],[71.4318342,51.1393807],[71.4318835,51.1392758],[71.4317182,51.1392452]]]}},{"type":"Feature","id":"way/245812337","properties":{"osm_id":"245812337","name":null,"kind":"building","building":"yes","height_m":12.0,"height_source":"visual-fallback:12m","levels":null},"geometry":{"type":"Polygon","coordinates":[[[71.4315514,51.1396126],[71.4315044,51.1397123],[71.4316698,51.1397429],[71.4317167,51.1396432],[71.4315514,51.1396126]]]}},{"type":"Feature","id":"way/245812338","properties":{"osm_id":"245812338","name":null,"kind":"building","building":"yes","height_m":12.0,"height_source":"visual-fallback:12m","levels":null},"geometry":{"type":"Polygon","coordinates":[[[71.4314622,51.1397759],[71.43141,51.139887],[71.4315753,51.1399176],[71.4316275,51.1398065],[71.4314622,51.1397759]]]}},{"type":"Feature","id":"way/255969444/road","properties":{"osm_id":"255969444","name":null,"kind":"road","highway":"service","surface":null,"lanes":null},"geometry":{"type":"LineString","coordinates":[[71.4212561,51.1332923],[71.4211735,51.1333297],[71.4210743,51.1333444],[71.4209738,51.1333341]]}},{"type":"Feature","id":"way/255969461/road","properties":{"osm_id":"255969461","name":null,"kind":"road","highway":"service","surface":null,"lanes":null},"geometry":{"type":"LineString","coordinates":[[71.4208197,51.134116],[71.4207009,51.1337173],[71.4206219,51.1336127],[71.4205746,51.1335085],[71.4204092,51.1331503],[71.4204181,51.1330845],[71.420493,51.1330187],[71.4208426,51.1329617],[71.4210628,51.1329258],[71.4214277,51.1328664],[71.4215385,51.1328833],[71.4216254,51.1329585],[71.4217595,51.1333186],[71.4221107,51.1342612],[71.4219759,51.1343195],[71.4220238,51.1344511],[71.421215,51.1345845],[71.4211244,51.1346006],[71.421032,51.1345792],[71.4209397,51.1344546],[71.4208197,51.134116]]}},{"type":"Feature","id":"way/255969472/road","properties":{"osm_id":"255969472","name":null,"kind":"road","highway":"service","surface":null,"lanes":null},"geometry":{"type":"LineString","coordinates":[[71.4208741,51.133069],[71.4208426,51.1329617],[71.4207091,51.1326523]]}},{"type":"Feature","id":"way/255969473/road","properties":{"osm_id":"255969473","name":null,"kind":"road","highway":"service","surface":null,"lanes":null},"geometry":{"type":"LineString","coordinates":[[71.4208048,51.1322639],[71.4208387,51.1323643],[71.4208855,51.1324948]]}},{"type":"Feature","id":"way/258045967/road","properties":{"osm_id":"258045967","name":null,"kind":"road","highway":"residential","surface":null,"lanes":null},"geometry":{"type":"LineString","coordinates":[[71.4168554,51.1364953],[71.4169299,51.1364831],[71.4174036,51.1364057],[71.417939,51.1363182],[71.4180082,51.1363069],[71.4189719,51.1361659],[71.4201284,51.1359763]]}},{"type":"Feature","id":"way/258269764","properties":{"osm_id":"258269764","name":null,"kind":"building","building":"yes","height_m":12.0,"height_source":"visual-fallback:12m","levels":null},"geometry":{"type":"Polygon","coordinates":[[[71.4265447,51.1258049],[71.4266676,51.1257854],[71.4266286,51.1256883],[71.4265057,51.1257078],[71.4265447,51.1258049]]]}},{"type":"Feature","id":"way/258269765","properties":{"osm_id":"258269765","name":null,"kind":"building","building":"yes","height_m":12.0,"height_source":"visual-fallback:12m","levels":null},"geometry":{"type":"Polygon","coordinates":[[[71.424825,51.1258815],[71.4249795,51.125857],[71.4249538,51.1257931],[71.4247993,51.1258176],[71.424825,51.1258815]]]}},{"type":"Feature","id":"way/258269766","properties":{"osm_id":"258269766","name":null,"kind":"building","building":"yes","height_m":12.0,"height_source":"visual-fallback:12m","levels":null},"geometry":{"type":"Polygon","coordinates":[[[71.4254124,51.1251454],[71.4255191,51.1251285],[71.4254813,51.1250345],[71.4253746,51.1250514],[71.4254124,51.1251454]]]}},{"type":"Feature","id":"way/258269767","properties":{"osm_id":"258269767","name":null,"kind":"building","building":"yes","height_m":3.0,"height_source":"osm:building:levels×3m","levels":1.0},"geometry":{"type":"Polygon","coordinates":[[[71.4244183,51.1264216],[71.4244443,51.1264862],[71.4273018,51.1260368],[71.4272767,51.1259745],[71.4244183,51.1264216]]]}},{"type":"Feature","id":"way/258269768","properties":{"osm_id":"258269768","name":null,"kind":"building","building":"yes","height_m":12.0,"height_source":"visual-fallback:12m","levels":null},"geometry":{"type":"Polygon","coordinates":[[[71.4213054,51.1251432],[71.4213392,51.1252384],[71.4215425,51.1252064],[71.4215088,51.125114],[71.4213615,51.1251352],[71.4213054,51.1251432]]]}},{"type":"Feature","id":"way/258269771/road","properties":{"osm_id":"258269771","name":null,"kind":"road","highway":"service","surface":null,"lanes":null},"geometry":{"type":"LineString","coordinates":[[71.42126,51.1276017],[71.4212081,51.1274693],[71.4211809,51.1274021],[71.421143,51.1273085]]}},{"type":"Feature","id":"way/258269774/road","properties":{"osm_id":"258269774","name":null,"kind":"road","highway":"service","surface":null,"lanes":null},"geometry":{"type":"LineString","coordinates":[[71.424362,51.1261919],[71.4245212,51.1261667]]}},{"type":"Feature","id":"way/258269775/road","properties":{"osm_id":"258269775","name":null,"kind":"road","highway":"service","surface":null,"lanes":null},"geometry":{"type":"LineString","coordinates":[[71.4245212,51.1261667],[71.425874,51.1259528],[71.426993,51.1257758]]}},{"type":"Feature","id":"way/258269776/road","properties":{"osm_id":"258269776","name":null,"kind":"road","highway":"service","surface":null,"lanes":null},"geometry":{"type":"LineString","coordinates":[[71.4241511,51.1262269],[71.424362,51.1261919]]}},{"type":"Feature","id":"way/258269777/road","properties":{"osm_id":"258269777","name":null,"kind":"road","highway":"service","surface":null,"lanes":null},"geometry":{"type":"LineString","coordinates":[[71.426993,51.1257758],[71.4271521,51.1257507]]}},{"type":"Feature","id":"way/258269778/road","properties":{"osm_id":"258269778","name":null,"kind":"road","highway":"service","surface":null,"lanes":null},"geometry":{"type":"LineString","coordinates":[[71.4233592,51.1252319],[71.4231407,51.1252737],[71.4226012,51.1253653],[71.422407,51.1254292]]}},{"type":"Feature","id":"way/258269779/road","properties":{"osm_id":"258269779","name":null,"kind":"road","highway":"service","surface":null,"lanes":null},"geometry":{"type":"LineString","coordinates":[[71.4271521,51.1257507],[71.4272728,51.1257316]]}},{"type":"Feature","id":"way/258269780/road","properties":{"osm_id":"258269780","name":null,"kind":"road","highway":"service","surface":null,"lanes":null},"geometry":{"type":"LineString","coordinates":[[71.4216334,51.1252902],[71.422188,51.1251998],[71.4222901,51.1254458],[71.422407,51.1254292]]}},{"type":"Feature","id":"way/258269781/road","properties":{"osm_id":"258269781","name":null,"kind":"road","highway":"service","surface":null,"lanes":null},"geometry":{"type":"LineString","coordinates":[[71.423575,51.1257625],[71.4233564,51.1257996]]}},{"type":"Feature","id":"way/258269782/road","properties":{"osm_id":"258269782","name":null,"kind":"road","highway":"service","surface":null,"lanes":null},"geometry":{"type":"LineString","coordinates":[[71.4257471,51.1255314],[71.4258281,51.1257328],[71.426434,51.1256369]]}},{"type":"Feature","id":"way/258269783/road","properties":{"osm_id":"258269783","name":null,"kind":"road","highway":"service","surface":null,"lanes":null},"geometry":{"type":"LineString","coordinates":[[71.4219025,51.126248],[71.4225991,51.1261327],[71.4225144,51.1259312]]}},{"type":"Feature","id":"way/258269784/road","properties":{"osm_id":"258269784","name":null,"kind":"road","highway":"service","surface":null,"lanes":null},"geometry":{"type":"LineString","coordinates":[[71.4233045,51.1250879],[71.423587,51.1250446],[71.4236815,51.1250296],[71.423708,51.1250254],[71.4250175,51.1248181],[71.4251335,51.1247998],[71.425434,51.1247522],[71.425589,51.125138],[71.4256787,51.1253612],[71.4257352,51.1255018],[71.4257471,51.1255314]]}},{"type":"Feature","id":"way/258269785/road","properties":{"osm_id":"258269785","name":null,"kind":"road","highway":"service","surface":null,"lanes":null},"geometry":{"type":"LineString","coordinates":[[71.4273315,51.1252346],[71.4271241,51.1252666],[71.4270811,51.1252713],[71.4270167,51.1253256],[71.4257471,51.1255314],[71.4254236,51.1255838],[71.4252857,51.1256062],[71.4240045,51.1257957]]}},{"type":"Feature","id":"way/258269788/road","properties":{"osm_id":"258269788","name":null,"kind":"road","highway":"service","surface":null,"lanes":null},"geometry":{"type":"LineString","coordinates":[[71.4212881,51.1244799],[71.4213444,51.1246132],[71.4216334,51.1252902],[71.4215615,51.1253523],[71.4218869,51.1262071],[71.4219025,51.126248],[71.4221361,51.1269087],[71.4221683,51.1269999],[71.4221896,51.1270806]]}},{"type":"Feature","id":"way/258272924","properties":{"osm_id":"258272924","name":null,"kind":"building","building":"yes","height_m":12.0,"height_source":"visual-fallback:12m","levels":null},"geometry":{"type":"Polygon","coordinates":[[[71.4221125,51.1344162],[71.4222206,51.134399],[71.4221844,51.134309],[71.4220762,51.1343262],[71.4221125,51.1344162]]]}},{"type":"Feature","id":"way/258272925","properties":{"osm_id":"258272925","name":null,"kind":"building","building":"roof","height_m":12.0,"height_source":"visual-fallback:12m","levels":null},"geometry":{"type":"Polygon","coordinates":[[[71.4205116,51.1325914],[71.4205383,51.1326587],[71.4210698,51.1325757],[71.4210431,51.1325085],[71.4205116,51.1325914]]]}},{"type":"Feature","id":"way/258272926","properties":{"osm_id":"258272926","name":null,"kind":"building","building":"roof","height_m":12.0,"height_source":"visual-fallback:12m","levels":null},"geometry":{"type":"Polygon","coordinates":[[[71.421229,51.1334386],[71.4212242,51.1334266],[71.4212791,51.1334178],[71.4212291,51.1332937],[71.4210243,51.1333262],[71.421073,51.133447],[71.4211269,51.1334384],[71.421133,51.1334538],[71.4211841,51.1334457],[71.421229,51.1334386]]]}},{"type":"Feature","id":"way/258272927/road","properties":{"osm_id":"258272927","name":null,"kind":"road","highway":"service","surface":null,"lanes":null},"geometry":{"type":"LineString","coordinates":[[71.422333,51.1342253],[71.4221107,51.1342612]]}},{"type":"Feature","id":"way/258272928/road","properties":{"osm_id":"258272928","name":null,"kind":"road","highway":"service","surface":null,"lanes":null},"geometry":{"type":"LineString","coordinates":[[71.4205746,51.1335085],[71.4207584,51.133479]]}},{"type":"Feature","id":"way/258272929/road","properties":{"osm_id":"258272929","name":null,"kind":"road","highway":"service","surface":null,"lanes":null},"geometry":{"type":"LineString","coordinates":[[71.4217595,51.1333186],[71.4215547,51.1333514]]}},{"type":"Feature","id":"way/258272930/road","properties":{"osm_id":"258272930","name":null,"kind":"road","highway":"service","surface":null,"lanes":null},"geometry":{"type":"LineString","coordinates":[[71.4209397,51.1344546],[71.4207417,51.1343552],[71.4206728,51.1341597],[71.4208197,51.134116]]}},{"type":"Feature","id":"way/258275532/road","properties":{"osm_id":"258275532","name":null,"kind":"road","highway":"residential","surface":null,"lanes":null},"geometry":{"type":"LineString","coordinates":[[71.4267459,51.1331004],[71.4271365,51.1341102],[71.4271335,51.1341528],[71.4270875,51.134178]]}},{"type":"Feature","id":"way/258275533/road","properties":{"osm_id":"258275533","name":null,"kind":"road","highway":"residential","surface":null,"lanes":null},"geometry":{"type":"LineString","coordinates":[[71.4261641,51.1318358],[71.4262215,51.1318432],[71.4262545,51.1318692],[71.4266081,51.1327543]]}},{"type":"Feature","id":"way/258275536/road","properties":{"osm_id":"258275536","name":null,"kind":"road","highway":"service","surface":null,"lanes":null},"geometry":{"type":"LineString","coordinates":[[71.4270782,51.1319187],[71.428687,51.1319127],[71.4285789,51.1321585]]}},{"type":"Feature","id":"way/258275537/road","properties":{"osm_id":"258275537","name":null,"kind":"road","highway":"service","surface":null,"lanes":null},"geometry":{"type":"LineString","coordinates":[[71.4271176,51.1344984],[71.4272503,51.134333],[71.4273154,51.1343018],[71.4279865,51.1341916],[71.4295301,51.1339269],[71.4296374,51.1339454],[71.4297044,51.1339841],[71.4297801,51.1340437]]}},{"type":"Feature","id":"way/258279787/road","properties":{"osm_id":"258279787","name":null,"kind":"road","highway":"service","surface":null,"lanes":null},"geometry":{"type":"LineString","coordinates":[[71.4303238,51.1290937],[71.4302392,51.1290882],[71.4300948,51.1290789],[71.4299889,51.1290672],[71.4298791,51.1290472],[71.4297696,51.1290098],[71.4296401,51.1289598]]}},{"type":"Feature","id":"way/258279788/road","properties":{"osm_id":"258279788","name":null,"kind":"road","highway":"service","surface":null,"lanes":null},"geometry":{"type":"LineString","coordinates":[[71.4297479,51.1276256],[71.429678,51.1276668],[71.4294809,51.1277427],[71.4294485,51.1277622],[71.4293668,51.1278255],[71.4293018,51.1278978],[71.4292532,51.1279663]]}},{"type":"Feature","id":"way/258279789/road","properties":{"osm_id":"258279789","name":null,"kind":"road","highway":"service","surface":null,"lanes":null},"geometry":{"type":"LineString","coordinates":[[71.4311937,51.1289565],[71.4312798,51.12892],[71.4314267,51.128857],[71.4314953,51.1288158],[71.4315547,51.1287694],[71.4316248,51.1286891],[71.4316943,51.128581]]}},{"type":"Feature","id":"way/258279790/road","properties":{"osm_id":"258279790","name":null,"kind":"road","highway":"service","surface":null,"lanes":null},"geometry":{"type":"LineString","coordinates":[[71.430608,51.1274805],[71.4306781,51.1274881],[71.4307295,51.1274901],[71.4308949,51.1274918],[71.4309401,51.1274949],[71.4309906,51.1275054],[71.4310964,51.1275345],[71.431199,51.1275753],[71.4312756,51.1276111],[71.4313382,51.1276455]]}},{"type":"Feature","id":"way/258299533","properties":{"osm_id":"258299533","name":null,"kind":"building","building":"yes","height_m":12.0,"height_source":"visual-fallback:12m","levels":null},"geometry":{"type":"Polygon","coordinates":[[[71.4369536,51.1317116],[71.4369078,51.1315951],[71.436774,51.1316158],[71.4368198,51.1317323],[71.4369536,51.1317116]]]}},{"type":"Feature","id":"way/258299534","properties":{"osm_id":"258299534","name":null,"kind":"building","building":"yes","height_m":12.0,"height_source":"visual-fallback:12m","levels":null},"geometry":{"type":"Polygon","coordinates":[[[71.437874,51.1307557],[71.4381928,51.1307064],[71.4381613,51.1306261],[71.4378425,51.1306754],[71.437874,51.1307557]]]}},{"type":"Feature","id":"way/258299535","properties":{"osm_id":"258299535","name":null,"kind":"building","building":"yes","height_m":12.0,"height_source":"visual-fallback:12m","levels":null},"geometry":{"type":"Polygon","coordinates":[[[71.4381246,51.1308583],[71.4382344,51.1308413],[71.4382072,51.130772],[71.4380974,51.130789],[71.4381246,51.1308583]]]}},{"type":"Feature","id":"way/258299536","properties":{"osm_id":"258299536","name":null,"kind":"building","building":"yes","height_m":12.0,"height_source":"visual-fallback:12m","levels":null},"geometry":{"type":"Polygon","coordinates":[[[71.4353655,51.1309405],[71.4354391,51.1309284],[71.4351989,51.130355],[71.4351253,51.1303672],[71.4353655,51.1309405]]]}},{"type":"Feature","id":"way/258299537/road","properties":{"osm_id":"258299537","name":null,"kind":"road","highway":"service","surface":null,"lanes":null},"geometry":{"type":"LineString","coordinates":[[71.4360665,51.130116],[71.4353069,51.1302333]]}},{"type":"Feature","id":"way/258299538/road","properties":{"osm_id":"258299538","name":null,"kind":"road","highway":"service","surface":null,"lanes":null},"geometry":{"type":"LineString","coordinates":[[71.4381832,51.1304566],[71.4380362,51.1300784],[71.4371683,51.1302152],[71.4372157,51.1303316],[71.436791,51.1303974],[71.4367411,51.1302793],[71.4357925,51.1304217],[71.4359223,51.1307498]]}},{"type":"Feature","id":"way/258299539/road","properties":{"osm_id":"258299539","name":null,"kind":"road","highway":"service","surface":null,"lanes":null},"geometry":{"type":"LineString","coordinates":[[71.4349466,51.1303577],[71.434881,51.1302031],[71.4348365,51.1300611]]}},{"type":"Feature","id":"way/258299540/road","properties":{"osm_id":"258299540","name":null,"kind":"road","highway":"service","surface":null,"lanes":null},"geometry":{"type":"LineString","coordinates":[[71.4360808,51.1298677],[71.4361176,51.1300006],[71.4361279,51.1300173]]}},{"type":"Feature","id":"way/258299541/road","properties":{"osm_id":"258299541","name":null,"kind":"road","highway":"service","surface":null,"lanes":null},"geometry":{"type":"LineString","coordinates":[[71.4373625,51.1296684],[71.4373948,51.1298144],[71.4373979,51.1298276]]}},{"type":"Feature","id":"way/258299542/road","properties":{"osm_id":"258299542","name":null,"kind":"road","highway":"service","surface":null,"lanes":null},"geometry":{"type":"LineString","coordinates":[[71.4394398,51.1314111],[71.4393845,51.131401],[71.4393011,51.1313996],[71.4391986,51.1314151],[71.4390885,51.1314317],[71.4382361,51.1315605]]}},{"type":"Feature","id":"way/258299543/road","properties":{"osm_id":"258299543","name":null,"kind":"road","highway":"service","surface":null,"lanes":null},"geometry":{"type":"LineString","coordinates":[[71.4352485,51.1299971],[71.4352838,51.1301447],[71.4353069,51.1302333]]}},{"type":"Feature","id":"way/258299544/road","properties":{"osm_id":"258299544","name":null,"kind":"road","highway":"service","surface":null,"lanes":null},"geometry":{"type":"LineString","coordinates":[[71.4336015,51.1312436],[71.4338274,51.1312067],[71.4340075,51.1311777],[71.4354959,51.1309527],[71.4352233,51.1303174]]}},{"type":"Feature","id":"way/258299545/road","properties":{"osm_id":"258299545","name":null,"kind":"road","highway":"service","surface":null,"lanes":null},"geometry":{"type":"LineString","coordinates":[[71.4377215,51.1306516],[71.4377893,51.1308312],[71.4378342,51.1308568],[71.4378899,51.1308697],[71.4380166,51.1308842],[71.438034,51.1308905],[71.4380436,51.1308988],[71.4381835,51.1314306],[71.4382361,51.1315605]]}},{"type":"Feature","id":"way/258299546/road","properties":{"osm_id":"258299546","name":null,"kind":"road","highway":"service","surface":null,"lanes":null},"geometry":{"type":"LineString","coordinates":[[71.4352233,51.1303174],[71.4349466,51.1303577],[71.4343005,51.1304519],[71.4341,51.1305289],[71.4339564,51.1306547],[71.4338668,51.1307837],[71.4340075,51.1311777]]}},{"type":"Feature","id":"way/258299547/road","properties":{"osm_id":"258299547","name":null,"kind":"road","highway":"service","surface":null,"lanes":null},"geometry":{"type":"LineString","coordinates":[[71.4359223,51.1307498],[71.4367888,51.1306037],[71.4368234,51.1306885],[71.4373339,51.1306065],[71.4372993,51.1305218],[71.4379315,51.1304203],[71.4380649,51.1304745]]}},{"type":"Feature","id":"way/258299548/road","properties":{"osm_id":"258299548","name":null,"kind":"road","highway":"service","surface":null,"lanes":null},"geometry":{"type":"LineString","coordinates":[[71.4356386,51.1310472],[71.4372975,51.1307944],[71.4374463,51.1306936],[71.4377215,51.1306516],[71.4379661,51.1306142],[71.4380649,51.1304745],[71.4381832,51.1304566],[71.4391131,51.1303159],[71.4396153,51.1302387]]}},{"type":"Feature","id":"way/258306586","properties":{"osm_id":"258306586","name":null,"kind":"building","building":"yes","height_m":30.0,"height_source":"osm:building:levels×3m","levels":10.0},"geometry":{"type":"Polygon","coordinates":[[[71.433451,51.1292244],[71.4333268,51.1289055],[71.4330972,51.1289407],[71.4332214,51.1292596],[71.433451,51.1292244]]]}},{"type":"Feature","id":"way/258306587","properties":{"osm_id":"258306587","name":null,"kind":"building","building":"yes","height_m":30.0,"height_source":"osm:building:levels×3m","levels":10.0},"geometry":{"type":"Polygon","coordinates":[[[71.4334303,51.1297864],[71.4336523,51.1297525],[71.4334521,51.129236],[71.4332301,51.1292699],[71.4334303,51.1297864]]]}},{"type":"Feature","id":"way/258306589","properties":{"osm_id":"258306589","name":null,"kind":"building","building":"yes","height_m":30.0,"height_source":"osm:building:levels×3m","levels":10.0},"geometry":{"type":"Polygon","coordinates":[[[71.4382963,51.1289986],[71.4384983,51.1289682],[71.4383322,51.1285331],[71.4381303,51.1285635],[71.4382963,51.1289986]]]}},{"type":"Feature","id":"way/258306592","properties":{"osm_id":"258306592","name":null,"kind":"building","building":"yes","height_m":30.0,"height_source":"osm:building:levels×3m","levels":10.0},"geometry":{"type":"Polygon","coordinates":[[[71.4382105,51.128206],[71.4379837,51.1282409],[71.4381092,51.1285618],[71.4383359,51.1285269],[71.4382105,51.128206]]]}},{"type":"Feature","id":"way/258306594/road","properties":{"osm_id":"258306594","name":null,"kind":"road","highway":"service","surface":null,"lanes":null},"geometry":{"type":"LineString","coordinates":[[71.4365553,51.1297939],[71.4364842,51.1296095],[71.4364368,51.1295036]]}},{"type":"Feature","id":"way/258306597/road","properties":{"osm_id":"258306597","name":null,"kind":"road","highway":"service","surface":null,"lanes":null},"geometry":{"type":"LineString","coordinates":[[71.4379549,51.1295763],[71.4378874,51.1294116],[71.437877,51.1293859],[71.437837,51.1292841]]}},{"type":"Feature","id":"way/258306598/road","properties":{"osm_id":"258306598","name":null,"kind":"road","highway":"service","surface":null,"lanes":null},"geometry":{"type":"LineString","coordinates":[[71.4352485,51.1299971],[71.4352085,51.1298131],[71.435172,51.1297019]]}},{"type":"Feature","id":"way/258306599/road","properties":{"osm_id":"258306599","name":null,"kind":"road","highway":"service","surface":null,"lanes":null},"geometry":{"type":"LineString","coordinates":[[71.4339047,51.1299006],[71.435172,51.1297019],[71.4356378,51.1296289],[71.4364368,51.1295036],[71.437837,51.1292841],[71.4387487,51.1291412]]}},{"type":"Feature","id":"way/258308438","properties":{"osm_id":"258308438","name":"Nursaya Deluxe","kind":"building","building":"office","height_m":9.0,"height_source":"osm:building:levels×3m","levels":3.0},"geometry":{"type":"Polygon","coordinates":[[[71.4342245,51.125747],[71.4347132,51.1256718],[71.4348088,51.1259383],[71.43432,51.1260136],[71.4342245,51.125747]]]}},{"type":"Feature","id":"way/258346034","properties":{"osm_id":"258346034","name":null,"kind":"building","building":"yes","height_m":12.0,"height_source":"visual-fallback:12m","levels":null},"geometry":{"type":"Polygon","coordinates":[[[71.4334489,51.1231278],[71.4335457,51.1231125],[71.4334614,51.1229032],[71.4333646,51.1229185],[71.4334489,51.1231278]]]}},{"type":"Feature","id":"way/258346038","properties":{"osm_id":"258346038","name":null,"kind":"building","building":"yes","height_m":12.0,"height_source":"visual-fallback:12m","levels":null},"geometry":{"type":"Polygon","coordinates":[[[71.4321708,51.1230116],[71.4322253,51.1231467],[71.4323938,51.12312],[71.4323393,51.1229848],[71.4321708,51.1230116]]]}},{"type":"Feature","id":"way/258346041","properties":{"osm_id":"258346041","name":null,"kind":"building","building":"roof","height_m":12.0,"height_source":"visual-fallback:12m","levels":null},"geometry":{"type":"Polygon","coordinates":[[[71.4327433,51.1230822],[71.4327779,51.1231857],[71.4328993,51.1231664],[71.4330426,51.1231437],[71.4330044,51.123038],[71.4327433,51.1230822]]]}},{"type":"Feature","id":"way/258346044/road","properties":{"osm_id":"258346044","name":null,"kind":"road","highway":"service","surface":null,"lanes":null},"geometry":{"type":"LineString","coordinates":[[71.4324885,51.1230546],[71.4332577,51.1229319]]}},{"type":"Feature","id":"way/258346045/road","properties":{"osm_id":"258346045","name":null,"kind":"road","highway":"service","surface":null,"lanes":null},"geometry":{"type":"LineString","coordinates":[[71.4332711,51.1229723],[71.4330374,51.1230714],[71.432708,51.1231212],[71.432502,51.1230867]]}},{"type":"Feature","id":"way/258346047/road","properties":{"osm_id":"258346047","name":null,"kind":"road","highway":"service","surface":null,"lanes":null},"geometry":{"type":"LineString","coordinates":[[71.4331391,51.1226413],[71.4332075,51.1227846],[71.4332233,51.1228185],[71.4332577,51.1229319],[71.4332711,51.1229723],[71.4335289,51.1236053],[71.4326042,51.123752],[71.4323871,51.1232129],[71.432502,51.1230867],[71.4324885,51.1230546],[71.4324443,51.1229427],[71.4324283,51.1229077],[71.4323531,51.122759]]}},{"type":"Feature","id":"way/258436837/road","properties":{"osm_id":"258436837","name":null,"kind":"road","highway":"service","surface":null,"lanes":null},"geometry":{"type":"LineString","coordinates":[[71.4274563,51.125557],[71.4277045,51.12552],[71.4278222,51.1255018],[71.4278789,51.125493],[71.4280522,51.1254655],[71.4284906,51.1253958],[71.428658,51.1252634],[71.4287252,51.1252103],[71.4289347,51.125177],[71.4291918,51.1251362],[71.4293168,51.1251163],[71.429559,51.1250779],[71.4298081,51.1250383],[71.4298575,51.1250516],[71.4301546,51.1251315],[71.4305641,51.1250664],[71.4307324,51.1250397],[71.4307496,51.125037],[71.4308603,51.1250228],[71.4311146,51.1249832]]}},{"type":"Feature","id":"way/258436838/road","properties":{"osm_id":"258436838","name":null,"kind":"road","highway":"service","surface":null,"lanes":null},"geometry":{"type":"LineString","coordinates":[[71.4298635,51.124466],[71.4298241,51.1243655],[71.4300924,51.1243242],[71.4300318,51.1241695],[71.4299629,51.1239934],[71.4297825,51.1235328],[71.4286599,51.123706],[71.4276209,51.1238663],[71.4278006,51.1243253],[71.4278725,51.1245089],[71.4279307,51.1246576],[71.4282322,51.1246111],[71.4282684,51.1247036]]}},{"type":"Feature","id":"way/258436839/road","properties":{"osm_id":"258436839","name":null,"kind":"road","highway":"service","surface":null,"lanes":null},"geometry":{"type":"LineString","coordinates":[[71.4286599,51.123706],[71.428727,51.1238703]]}},{"type":"Feature","id":"way/258436841/road","properties":{"osm_id":"258436841","name":null,"kind":"road","highway":"service","surface":null,"lanes":null},"geometry":{"type":"LineString","coordinates":[[71.4277584,51.1247152],[71.4280522,51.1254655]]}},{"type":"Feature","id":"way/258436842/road","properties":{"osm_id":"258436842","name":null,"kind":"road","highway":"service","surface":null,"lanes":null},"geometry":{"type":"LineString","coordinates":[[71.4302755,51.124327],[71.4305641,51.1250664]]}},{"type":"Feature","id":"way/258436843/road","properties":{"osm_id":"258436843","name":null,"kind":"road","highway":"service","surface":null,"lanes":null},"geometry":{"type":"LineString","coordinates":[[71.4307437,51.1240313],[71.4306257,51.1240543],[71.4305834,51.1240625],[71.4304895,51.1240815],[71.4303703,51.1240957],[71.4301929,51.1241273],[71.4300783,51.1241618]]}},{"type":"Feature","id":"way/258436844/road","properties":{"osm_id":"258436844","name":null,"kind":"road","highway":"service","surface":null,"lanes":null},"geometry":{"type":"LineString","coordinates":[[71.4274109,51.1238281],[71.4276888,51.1245377],[71.4277584,51.1247152]]}},{"type":"Feature","id":"way/258436845/road","properties":{"osm_id":"258436845","name":null,"kind":"road","highway":"service","surface":null,"lanes":null},"geometry":{"type":"LineString","coordinates":[[71.4299856,51.1235841],[71.4301929,51.1241273],[71.4302755,51.124327]]}},{"type":"Feature","id":"way/258436846/road","properties":{"osm_id":"258436846","name":null,"kind":"road","highway":"service","surface":null,"lanes":null},"geometry":{"type":"LineString","coordinates":[[71.4300783,51.1241618],[71.4300318,51.1241695],[71.4295104,51.1242515],[71.4289484,51.1243382],[71.4288156,51.12436],[71.4283451,51.1244346],[71.4278725,51.1245089]]}},{"type":"Feature","id":"way/258441514/road","properties":{"osm_id":"258441514","name":null,"kind":"road","highway":"service","surface":null,"lanes":null},"geometry":{"type":"LineString","coordinates":[[71.4331654,51.1310449],[71.4332316,51.1310347],[71.4333309,51.1310195],[71.4334993,51.1309979]]}},{"type":"Feature","id":"way/258441515/road","properties":{"osm_id":"258441515","name":null,"kind":"road","highway":"service","surface":null,"lanes":null},"geometry":{"type":"LineString","coordinates":[[71.4298878,51.1316281],[71.4301145,51.1315933],[71.4302569,51.1315714]]}},{"type":"Feature","id":"way/258441516/road","properties":{"osm_id":"258441516","name":null,"kind":"road","highway":"service","surface":null,"lanes":null},"geometry":{"type":"LineString","coordinates":[[71.4334535,51.1317803],[71.433527,51.1317629],[71.4337961,51.131711]]}},{"type":"Feature","id":"way/258441517/road","properties":{"osm_id":"258441517","name":null,"kind":"road","highway":"service","surface":null,"lanes":null},"geometry":{"type":"LineString","coordinates":[[71.4329879,51.1310751],[71.4332485,51.1318098]]}},{"type":"Feature","id":"way/258441518/road","properties":{"osm_id":"258441518","name":null,"kind":"road","highway":"service","surface":null,"lanes":null},"geometry":{"type":"LineString","coordinates":[[71.4303753,51.1315532],[71.4306669,51.1322144],[71.4332485,51.1318098],[71.4334535,51.1317803]]}},{"type":"Feature","id":"way/258441519/road","properties":{"osm_id":"258441519","name":null,"kind":"road","highway":"service","surface":null,"lanes":null},"geometry":{"type":"LineString","coordinates":[[71.4304124,51.1313782],[71.4313705,51.1312358],[71.4315354,51.131204],[71.431741,51.1311702],[71.4319123,51.1311434],[71.4328455,51.1309977]]}},{"type":"Feature","id":"way/258630559","properties":{"osm_id":"258630559","name":null,"kind":"building","building":"yes","height_m":6.0,"height_source":"osm:building:levels×3m","levels":2.0},"geometry":{"type":"Polygon","coordinates":[[[71.4284539,51.1315593],[71.4284224,51.1314957],[71.4282001,51.1315398],[71.4279616,51.1315769],[71.4277239,51.1316024],[71.4274903,51.1316195],[71.4271387,51.1316252],[71.4271434,51.1316981],[71.4275108,51.1316825],[71.4278124,51.131654],[71.4279802,51.1316341],[71.4282297,51.1315999],[71.4284539,51.1315593]]]}},{"type":"Feature","id":"way/258630564","properties":{"osm_id":"258630564","name":null,"kind":"building","building":"yes","height_m":12.0,"height_source":"visual-fallback:12m","levels":null},"geometry":{"type":"Polygon","coordinates":[[[71.4282195,51.1321441],[71.4282391,51.1322425],[71.4284061,51.1322294],[71.4283866,51.1321311],[71.4282195,51.1321441]]]}},{"type":"Feature","id":"way/258630566/road","properties":{"osm_id":"258630566","name":null,"kind":"road","highway":"service","surface":null,"lanes":null},"geometry":{"type":"LineString","coordinates":[[71.4289655,51.1321468],[71.4285789,51.1321585],[71.4283645,51.1323101]]}},{"type":"Feature","id":"way/258630567/road","properties":{"osm_id":"258630567","name":null,"kind":"road","highway":"service","surface":null,"lanes":null},"geometry":{"type":"LineString","coordinates":[[71.4269192,51.1315207],[71.4269887,51.1315118],[71.428495,51.1313178],[71.4292914,51.1311884],[71.429397,51.1313326],[71.4294084,51.1313445],[71.429454,51.1314354],[71.4294899,51.1315297],[71.4295227,51.1315512],[71.4295492,51.1315556],[71.4295639,51.1315572],[71.4298607,51.1315584]]}},{"type":"Feature","id":"way/258630568/road","properties":{"osm_id":"258630568","name":null,"kind":"road","highway":"service","surface":null,"lanes":null},"geometry":{"type":"LineString","coordinates":[[71.428495,51.1313178],[71.4285207,51.131376],[71.4286227,51.1314215],[71.4287588,51.1314016]]}},{"type":"Feature","id":"way/258630570/road","properties":{"osm_id":"258630570","name":null,"kind":"road","highway":"service","surface":null,"lanes":null},"geometry":{"type":"LineString","coordinates":[[71.4283645,51.1323101],[71.4281592,51.1326243],[71.4281419,51.1326692],[71.4281426,51.1327184],[71.4284054,51.1334695],[71.4284557,51.1336131],[71.4284958,51.133641],[71.4285694,51.1336463],[71.4292241,51.1335354],[71.4296644,51.1334608],[71.4297039,51.1334391],[71.429709,51.1334007],[71.429662,51.13328],[71.429639,51.1332211],[71.4293656,51.1325205],[71.429252,51.1322451],[71.4291928,51.1321974],[71.4289655,51.1321468]]}},{"type":"Feature","id":"way/258637589/road","properties":{"osm_id":"258637589","name":"Достық көшесі","kind":"road","highway":"tertiary","surface":null,"lanes":null},"geometry":{"type":"LineString","coordinates":[[71.4375585,51.1246798],[71.4378234,51.124638],[71.4383252,51.1245627],[71.4387064,51.1245004]]}},{"type":"Feature","id":"way/258735492/road","properties":{"osm_id":"258735492","name":null,"kind":"road","highway":"service","surface":null,"lanes":null},"geometry":{"type":"LineString","coordinates":[[71.4286162,51.1310265],[71.4285407,51.1308275],[71.42848,51.1306694]]}},{"type":"Feature","id":"way/258735493/road","properties":{"osm_id":"258735493","name":null,"kind":"road","highway":"service","surface":null,"lanes":null},"geometry":{"type":"LineString","coordinates":[[71.427551,51.1311966],[71.4274556,51.1310027],[71.4273788,51.13085]]}},{"type":"Feature","id":"way/258735494/road","properties":{"osm_id":"258735494","name":null,"kind":"road","highway":"service","surface":null,"lanes":null},"geometry":{"type":"LineString","coordinates":[[71.4249316,51.131613],[71.4248632,51.1314386],[71.4248554,51.1314219],[71.4248318,51.1313715],[71.4247995,51.1313025]]}},{"type":"Feature","id":"way/258735495/road","properties":{"osm_id":"258735495","name":null,"kind":"road","highway":"service","surface":null,"lanes":null},"geometry":{"type":"LineString","coordinates":[[71.4294428,51.1305167],[71.4292634,51.1305409]]}},{"type":"Feature","id":"way/258735496/road","properties":{"osm_id":"258735496","name":null,"kind":"road","highway":"service","surface":null,"lanes":null},"geometry":{"type":"LineString","coordinates":[[71.4180411,51.1308435],[71.4182677,51.1314312],[71.418301,51.1315175],[71.418582,51.1322465],[71.4197299,51.1320722],[71.4212576,51.1318345],[71.421805,51.1317551],[71.4223753,51.1316724],[71.4225836,51.1316406],[71.4247995,51.1313025],[71.4254319,51.1312065]]}},{"type":"Feature","id":"way/258736261/road","properties":{"osm_id":"258736261","name":null,"kind":"road","highway":"service","surface":null,"lanes":null},"geometry":{"type":"LineString","coordinates":[[71.4193937,51.1278489],[71.4206253,51.1276528]]}},{"type":"Feature","id":"way/258736942/road","properties":{"osm_id":"258736942","name":null,"kind":"road","highway":"service","surface":null,"lanes":null},"geometry":{"type":"LineString","coordinates":[[71.4210395,51.1277933],[71.4212931,51.1284119]]}},{"type":"Feature","id":"way/258736943/road","properties":{"osm_id":"258736943","name":null,"kind":"road","highway":"service","surface":null,"lanes":null},"geometry":{"type":"LineString","coordinates":[[71.4217048,51.1290248],[71.4230191,51.1288127]]}},{"type":"Feature","id":"way/258736944/road","properties":{"osm_id":"258736944","name":null,"kind":"road","highway":"service","surface":null,"lanes":null},"geometry":{"type":"LineString","coordinates":[[71.4220237,51.1280718],[71.4213583,51.1281792]]}},{"type":"Feature","id":"way/258736946/road","properties":{"osm_id":"258736946","name":null,"kind":"road","highway":"service","surface":null,"lanes":null},"geometry":{"type":"LineString","coordinates":[[71.4219559,51.1279158],[71.4212942,51.1280226]]}},{"type":"Feature","id":"way/258736947/road","properties":{"osm_id":"258736947","name":null,"kind":"road","highway":"service","surface":null,"lanes":null},"geometry":{"type":"LineString","coordinates":[[71.4219559,51.1279158],[71.4220237,51.1280718]]}},{"type":"Feature","id":"way/258736950/road","properties":{"osm_id":"258736950","name":null,"kind":"road","highway":"service","surface":null,"lanes":null},"geometry":{"type":"LineString","coordinates":[[71.4212931,51.1284119],[71.4214956,51.1285142]]}},{"type":"Feature","id":"way/258736953/road","properties":{"osm_id":"258736953","name":null,"kind":"road","highway":"service","surface":null,"lanes":null},"geometry":{"type":"LineString","coordinates":[[71.4212942,51.1280226],[71.4213583,51.1281792],[71.4214956,51.1285142],[71.4217048,51.1290248]]}},{"type":"Feature","id":"way/258739303","properties":{"osm_id":"258739303","name":null,"kind":"building","building":"yes","height_m":12.0,"height_source":"visual-fallback:12m","levels":null},"geometry":{"type":"Polygon","coordinates":[[[71.4249533,51.1271242],[71.4249186,51.1271301],[71.4249331,51.1271637],[71.4249542,51.1272126],[71.424989,51.1272067],[71.4249991,51.1272302],[71.4251305,51.1272079],[71.4251203,51.1271842],[71.4251574,51.1271779],[71.4251362,51.1271286],[71.4251219,51.1270955],[71.4250848,51.1271018],[71.4250751,51.1270793],[71.4249436,51.1271017],[71.4249533,51.1271242]]]}},{"type":"Feature","id":"way/258739305/road","properties":{"osm_id":"258739305","name":null,"kind":"road","highway":"service","surface":"asphalt","lanes":null},"geometry":{"type":"LineString","coordinates":[[71.4260757,51.126974],[71.4262988,51.1275448]]}},{"type":"Feature","id":"way/258739306/road","properties":{"osm_id":"258739306","name":null,"kind":"road","highway":"service","surface":null,"lanes":null},"geometry":{"type":"LineString","coordinates":[[71.4260757,51.126974],[71.4255625,51.1270569]]}},{"type":"Feature","id":"way/258739307/road","properties":{"osm_id":"258739307","name":null,"kind":"road","highway":"service","surface":null,"lanes":null},"geometry":{"type":"LineString","coordinates":[[71.4243223,51.1272682],[71.4238647,51.1273386]]}},{"type":"Feature","id":"way/258753169","properties":{"osm_id":"258753169","name":null,"kind":"building","building":"yes","height_m":12.0,"height_source":"visual-fallback:12m","levels":null},"geometry":{"type":"Polygon","coordinates":[[[71.4323885,51.1238674],[71.432358,51.1237917],[71.4321108,51.1238309],[71.4321413,51.1239066],[71.4323885,51.1238674]]]}},{"type":"Feature","id":"way/258753170","properties":{"osm_id":"258753170","name":null,"kind":"building","building":"yes","height_m":12.0,"height_source":"visual-fallback:12m","levels":null},"geometry":{"type":"Polygon","coordinates":[[[71.4346971,51.1237006],[71.434664,51.1236143],[71.4343587,51.1236604],[71.434373,51.1236976],[71.4341626,51.1237294],[71.4341815,51.1237785],[71.4346971,51.1237006]]]}},{"type":"Feature","id":"way/258753172/road","properties":{"osm_id":"258753172","name":null,"kind":"road","highway":"service","surface":null,"lanes":null},"geometry":{"type":"LineString","coordinates":[[71.4311451,51.1239614],[71.4322321,51.1237877],[71.4319274,51.1230532]]}},{"type":"Feature","id":"way/258753173/road","properties":{"osm_id":"258753173","name":null,"kind":"road","highway":"service","surface":null,"lanes":null},"geometry":{"type":"LineString","coordinates":[[71.4307437,51.1240313],[71.4309834,51.1239894],[71.4311451,51.1239614]]}},{"type":"Feature","id":"way/258761287","properties":{"osm_id":"258761287","name":null,"kind":"building","building":"apartments","height_m":12.0,"height_source":"osm:building:levels×3m","levels":4.0},"geometry":{"type":"Polygon","coordinates":[[[71.4368164,51.1371695],[71.4368804,51.1370438],[71.4363269,51.1369327],[71.4362628,51.1370583],[71.4368164,51.1371695]]]}},{"type":"Feature","id":"way/258761292/road","properties":{"osm_id":"258761292","name":null,"kind":"road","highway":"service","surface":null,"lanes":null},"geometry":{"type":"LineString","coordinates":[[71.4391071,51.1391605],[71.4391304,51.1390901],[71.4391395,51.1390626],[71.4391691,51.1389734],[71.4394134,51.1382378],[71.4401321,51.1383505],[71.4404126,51.1383945]]}},{"type":"Feature","id":"way/258761294/road","properties":{"osm_id":"258761294","name":null,"kind":"road","highway":"service","surface":null,"lanes":null},"geometry":{"type":"LineString","coordinates":[[71.4350252,51.1396168],[71.4351272,51.1393758]]}},{"type":"Feature","id":"way/258761300/road","properties":{"osm_id":"258761300","name":"Жауқазын көшесі","kind":"road","highway":"residential","surface":null,"lanes":null},"geometry":{"type":"LineString","coordinates":[[71.4399114,51.1392746],[71.4391071,51.1391605],[71.4382871,51.1390441],[71.4368945,51.1388465],[71.435299,51.1386134],[71.4345224,51.1385098],[71.4343546,51.138486]]}},{"type":"Feature","id":"way/258766812/road","properties":{"osm_id":"258766812","name":"Жусан тұйық көшесі","kind":"road","highway":"service","surface":null,"lanes":null},"geometry":{"type":"LineString","coordinates":[[71.4329485,51.1374093],[71.4334113,51.1372745],[71.4335224,51.1371797],[71.4335829,51.1371196],[71.4336795,51.1369277],[71.4338185,51.1366171],[71.4340435,51.1361026],[71.4341916,51.1358059],[71.4342305,51.1357212],[71.4343154,51.1354702],[71.4343607,51.1352346],[71.4343392,51.1351336],[71.4342168,51.134828],[71.4341105,51.1345628]]}},{"type":"Feature","id":"way/258818003/road","properties":{"osm_id":"258818003","name":null,"kind":"road","highway":"footway","surface":null,"lanes":null},"geometry":{"type":"LineString","coordinates":[[71.4314708,51.1296745],[71.4316059,51.1296379],[71.43177,51.1295828],[71.4319073,51.1295219],[71.4319888,51.1294764],[71.4321058,51.1294064],[71.4322157,51.1293333],[71.4323206,51.1292554],[71.4323818,51.1292042]]}},{"type":"Feature","id":"way/258818004/road","properties":{"osm_id":"258818004","name":null,"kind":"road","highway":"footway","surface":null,"lanes":null},"geometry":{"type":"LineString","coordinates":[[71.4291009,51.1291667],[71.4292473,51.1292408],[71.4294332,51.1293212],[71.4295649,51.1293713],[71.4296902,51.1294134],[71.4297453,51.1294274],[71.4298968,51.1294551],[71.4300363,51.1294751],[71.4300992,51.1294812],[71.4301895,51.1294898],[71.4303293,51.1294984],[71.4304274,51.1295035],[71.4304655,51.1295015],[71.4305048,51.1295043],[71.4307532,51.1295119],[71.4309329,51.1294861],[71.4311092,51.1294537],[71.4313172,51.1293776],[71.4313519,51.1293685],[71.4315147,51.1292973],[71.4316599,51.1292179],[71.4317593,51.1291571],[71.4318676,51.1290769],[71.4319669,51.1289857],[71.4320954,51.1288519],[71.4321944,51.1287228],[71.4322503,51.1286335],[71.4323041,51.1285401]]}},{"type":"Feature","id":"way/258818005/road","properties":{"osm_id":"258818005","name":null,"kind":"road","highway":"footway","surface":"paving_stones","lanes":null},"geometry":{"type":"LineString","coordinates":[[71.4294286,51.1268981],[71.4293239,51.1269303],[71.4291848,51.1269827],[71.4290602,51.1270365],[71.4289381,51.1270981],[71.4288128,51.1271688],[71.4286847,51.127253],[71.4285776,51.1273362],[71.4284777,51.1274247],[71.4284088,51.1274938]]}},{"type":"Feature","id":"way/258818009/road","properties":{"osm_id":"258818009","name":null,"kind":"road","highway":"footway","surface":"paving_stones","lanes":null},"geometry":{"type":"LineString","coordinates":[[71.4295566,51.1271906],[71.4294813,51.1272145],[71.4293886,51.1272501],[71.4292932,51.1272963],[71.4292371,51.1273285],[71.4291363,51.1273858],[71.4290318,51.1274637],[71.428957,51.1275281],[71.4288124,51.1276559],[71.4287173,51.1277584],[71.4286659,51.1278309],[71.4287813,51.1281549]]}},{"type":"Feature","id":"way/258818012/road","properties":{"osm_id":"258818012","name":null,"kind":"road","highway":"footway","surface":"paving_stones","lanes":null},"geometry":{"type":"LineString","coordinates":[[71.4296158,51.1261555],[71.4296864,51.1263439],[71.4297681,51.1265524],[71.4298749,51.1268273],[71.4299837,51.1270926],[71.4301065,51.1273837],[71.4301393,51.1274733],[71.4301466,51.1275],[71.4301575,51.1275378],[71.4301604,51.1275521],[71.4302058,51.127656],[71.4302838,51.1278347],[71.430317,51.1279139]]}},{"type":"Feature","id":"way/258818013/road","properties":{"osm_id":"258818013","name":null,"kind":"road","highway":"footway","surface":null,"lanes":null},"geometry":{"type":"LineString","coordinates":[[71.4313095,51.1304193],[71.4312284,51.1302286],[71.4311417,51.1300132],[71.4310338,51.1297458],[71.4309329,51.1294861],[71.4308271,51.1292154],[71.4307899,51.129102],[71.4307793,51.1290742],[71.4307672,51.1290445],[71.4307609,51.1290273],[71.4307212,51.1289204],[71.4306572,51.1287481],[71.4306128,51.1286462]]}},{"type":"Feature","id":"way/258818015/road","properties":{"osm_id":"258818015","name":null,"kind":"road","highway":"footway","surface":null,"lanes":null},"geometry":{"type":"LineString","coordinates":[[71.432472,51.1292549],[71.4325632,51.1292027]]}},{"type":"Feature","id":"way/258818019/road","properties":{"osm_id":"258818019","name":null,"kind":"road","highway":"pedestrian","surface":null,"lanes":null},"geometry":{"type":"LineString","coordinates":[[71.4310414,51.1281927],[71.4310579,51.1282675],[71.4310504,51.1283427],[71.4310193,51.1284156],[71.4310011,51.1284386],[71.4309658,51.1284831],[71.4308921,51.1285427],[71.4308565,51.1285619],[71.430801,51.1285919],[71.4307776,51.1286001],[71.4306962,51.1286288],[71.4306128,51.1286462],[71.4305818,51.128652],[71.4304661,51.1286604],[71.4304394,51.1286591],[71.43035,51.1286547],[71.4302378,51.1286352],[71.4301337,51.1286025],[71.4300903,51.1285815],[71.4300415,51.1285578],[71.4299647,51.1285029],[71.4299061,51.1284397],[71.4298773,51.1283876],[71.429868,51.1283706],[71.4298517,51.1282982],[71.4298578,51.1282253],[71.4298862,51.1281544],[71.4299357,51.1280882],[71.4300046,51.1280293],[71.4300663,51.1279936],[71.4300902,51.1279797],[71.4301479,51.1279574],[71.4301894,51.1279414],[71.4302985,51.1279158],[71.430317,51.1279139],[71.4304171,51.1279036],[71.4304972,51.1279055],[71.4305372,51.1279064],[71.4305956,51.1279152],[71.430654,51.1279241],[71.4307629,51.127956],[71.4308596,51.1280008],[71.4309039,51.1280315],[71.4309403,51.1280567],[71.4310017,51.1281215],[71.4310414,51.1281927]]}},{"type":"Feature","id":"way/258818021/road","properties":{"osm_id":"258818021","name":null,"kind":"road","highway":"footway","surface":"paving_stones","lanes":null},"geometry":{"type":"LineString","coordinates":[[71.4294062,51.1279743],[71.4300184,51.1278769],[71.4301089,51.1278625],[71.4302838,51.1278347],[71.4304559,51.127804],[71.4305431,51.1277885],[71.4311805,51.1276749]]}},{"type":"Feature","id":"way/258818022/road","properties":{"osm_id":"258818022","name":null,"kind":"road","highway":"footway","surface":"paving_stones","lanes":null},"geometry":{"type":"LineString","coordinates":[[71.4314299,51.1265721],[71.4311999,51.1259638],[71.4311952,51.1259515],[71.431179,51.1259096]]}},{"type":"Feature","id":"way/258818023/road","properties":{"osm_id":"258818023","name":null,"kind":"road","highway":"footway","surface":null,"lanes":null},"geometry":{"type":"LineString","coordinates":[[71.4297453,51.1288875],[71.4303961,51.128788],[71.4304821,51.1287749],[71.4306572,51.1287481],[71.4308244,51.1287183],[71.4309186,51.1287015],[71.4315373,51.1285912]]}},{"type":"Feature","id":"way/258818024/road","properties":{"osm_id":"258818024","name":null,"kind":"road","highway":"footway","surface":null,"lanes":null},"geometry":{"type":"LineString","coordinates":[[71.4319914,51.1284825],[71.4319639,51.1284098],[71.4319373,51.1283395],[71.4319107,51.1282695],[71.4318857,51.1282035],[71.4318357,51.1280714],[71.4317821,51.1279374],[71.4317535,51.1278657],[71.4317239,51.1277915],[71.4316952,51.1277197],[71.4316607,51.1276334],[71.4315786,51.1276465],[71.4313917,51.1276757],[71.4312553,51.127697],[71.4312232,51.1277019]]}},{"type":"Feature","id":"way/258818025/road","properties":{"osm_id":"258818025","name":null,"kind":"road","highway":"footway","surface":null,"lanes":null},"geometry":{"type":"LineString","coordinates":[[71.4297118,51.12887],[71.4296658,51.1288761],[71.4294816,51.1289024],[71.429387,51.1289161],[71.429376,51.1289177],[71.4294525,51.1289756],[71.4295609,51.1290322],[71.4296793,51.1290828],[71.4297906,51.1291233],[71.4298777,51.1291496],[71.4299933,51.1291766],[71.4301202,51.1291956],[71.4301966,51.129207],[71.4302176,51.1292098],[71.4302938,51.129218],[71.4303679,51.1292213],[71.4304072,51.1292211],[71.4306362,51.1292178],[71.4308271,51.1292154],[71.4309947,51.1291629],[71.4312131,51.1290945],[71.4312458,51.1290842],[71.4312882,51.129064],[71.4313979,51.1290142],[71.4314952,51.1289588],[71.4315984,51.128877],[71.4316621,51.1288206],[71.4317205,51.1287623],[71.4317871,51.1286737],[71.43183,51.128609],[71.4318643,51.128545],[71.431876,51.1285178],[71.4318828,51.1285016]]}},{"type":"Feature","id":"way/258818026/road","properties":{"osm_id":"258818026","name":null,"kind":"road","highway":"footway","surface":"paving_stones","lanes":null},"geometry":{"type":"LineString","coordinates":[[71.4293692,51.1280289],[71.4293313,51.1280311],[71.4291481,51.1280517],[71.4290535,51.1280655],[71.4290198,51.1280704],[71.4290704,51.1279744],[71.4291102,51.127916],[71.4291736,51.1278477],[71.4292493,51.1277738],[71.4293252,51.1277099],[71.4293892,51.1276611],[71.4294761,51.1276025],[71.4295418,51.1275632],[71.4296891,51.1274949],[71.4297223,51.1274845],[71.4298081,51.1274571],[71.4299365,51.127422],[71.4301065,51.1273837],[71.430284,51.1273649],[71.4303693,51.1273566],[71.4305149,51.1273478],[71.4305547,51.1273452],[71.4307255,51.127351],[71.4308442,51.1273663],[71.4309937,51.1273937],[71.4311205,51.1274231],[71.4312505,51.1274639],[71.4313879,51.1275235],[71.4314691,51.1275677],[71.431552,51.1276259],[71.431561,51.1276329],[71.4315786,51.1276465]]}},{"type":"Feature","id":"way/258818028/road","properties":{"osm_id":"258818028","name":null,"kind":"road","highway":"footway","surface":"paving_stones","lanes":null},"geometry":{"type":"LineString","coordinates":[[71.4294816,51.1289024],[71.4294647,51.1288892],[71.4294079,51.1288324],[71.4293269,51.1288467],[71.4292211,51.1288637],[71.4291916,51.1287897],[71.4291611,51.1287134],[71.4291343,51.1286462],[71.4290815,51.1285139],[71.4290258,51.1283746],[71.428997,51.1283024],[71.4289673,51.1282282],[71.4289347,51.1281467],[71.4290466,51.1281301],[71.4291356,51.1281169],[71.4291458,51.1280658],[71.4291481,51.1280517]]}},{"type":"Feature","id":"way/258818029/road","properties":{"osm_id":"258818029","name":null,"kind":"road","highway":"footway","surface":null,"lanes":null},"geometry":{"type":"LineString","coordinates":[[71.432472,51.1292549],[71.4325624,51.1294864],[71.4328375,51.1301382],[71.432847,51.1301606],[71.4328532,51.1301751]]}},{"type":"Feature","id":"way/258818031/road","properties":{"osm_id":"258818031","name":null,"kind":"road","highway":"footway","surface":null,"lanes":null},"geometry":{"type":"LineString","coordinates":[[71.4316132,51.1281056],[71.4316468,51.1281004],[71.4317506,51.1280845],[71.4318357,51.1280714],[71.4319743,51.1280528],[71.4321165,51.1280338],[71.4321649,51.1280273],[71.4321761,51.1280258]]}},{"type":"Feature","id":"way/258818032/road","properties":{"osm_id":"258818032","name":null,"kind":"road","highway":"footway","surface":"paving_stones","lanes":null},"geometry":{"type":"LineString","coordinates":[[71.4295566,51.1271906],[71.4295903,51.1271803],[71.4298077,51.1271195],[71.4299837,51.1270926],[71.4301636,51.1270632],[71.4304071,51.1270546],[71.430444,51.1270533],[71.4305456,51.1270519],[71.4306666,51.127054],[71.4308241,51.1270644],[71.4309719,51.1270836],[71.4311475,51.1271189],[71.431301,51.1271579],[71.4314343,51.1271971],[71.4315632,51.1272439],[71.4316608,51.1272903],[71.4317115,51.127323],[71.4318215,51.1275915]]}},{"type":"Feature","id":"way/258818034/road","properties":{"osm_id":"258818034","name":null,"kind":"road","highway":"footway","surface":null,"lanes":null},"geometry":{"type":"LineString","coordinates":[[71.429244,51.1296272],[71.4292904,51.1296694],[71.4293574,51.1297304],[71.4293962,51.1298236],[71.4294549,51.1299606],[71.429707,51.1306017],[71.4297211,51.1306376],[71.4297273,51.1306526]]}},{"type":"Feature","id":"way/258818035/road","properties":{"osm_id":"258818035","name":null,"kind":"road","highway":"footway","surface":null,"lanes":null},"geometry":{"type":"LineString","coordinates":[[71.431559,51.1285524],[71.4315985,51.1285461],[71.4317123,51.1285283],[71.4318828,51.1285016],[71.4319914,51.1284825]]}},{"type":"Feature","id":"way/258818036/road","properties":{"osm_id":"258818036","name":null,"kind":"road","highway":"footway","surface":null,"lanes":null},"geometry":{"type":"LineString","coordinates":[[71.4293252,51.1277099],[71.428957,51.1275281],[71.4285776,51.1273362],[71.4283112,51.1271993]]}},{"type":"Feature","id":"way/258818037/road","properties":{"osm_id":"258818037","name":null,"kind":"road","highway":"footway","surface":null,"lanes":null},"geometry":{"type":"LineString","coordinates":[[71.4316621,51.1288206],[71.4319669,51.1289857],[71.4323818,51.1292042],[71.432472,51.1292549]]}},{"type":"Feature","id":"way/258818038/road","properties":{"osm_id":"258818038","name":null,"kind":"road","highway":"footway","surface":"paving_stones","lanes":null},"geometry":{"type":"LineString","coordinates":[[71.4292359,51.1264066],[71.4292714,51.1264018],[71.4293858,51.1263864],[71.4296864,51.1263439],[71.4299948,51.1263012],[71.430109,51.1262859],[71.4301436,51.1262812]]}},{"type":"Feature","id":"way/258818039/road","properties":{"osm_id":"258818039","name":null,"kind":"road","highway":"footway","surface":null,"lanes":null},"geometry":{"type":"LineString","coordinates":[[71.4311205,51.1274231],[71.431301,51.1271579],[71.4314855,51.1268863],[71.4315868,51.126726]]}},{"type":"Feature","id":"way/258818040/road","properties":{"osm_id":"258818040","name":null,"kind":"road","highway":"footway","surface":"paving_stones","lanes":null},"geometry":{"type":"LineString","coordinates":[[71.4294286,51.1268981],[71.4294626,51.1268889],[71.4296952,51.1268534],[71.4298749,51.1268273],[71.4300579,51.1268007],[71.4302925,51.1267675],[71.4303312,51.126762],[71.4304345,51.1267591],[71.4306283,51.1267569],[71.4307875,51.1267631],[71.4309242,51.1267754],[71.4310762,51.1267949],[71.4312616,51.1268275],[71.4314261,51.126868],[71.4314855,51.1268863],[71.4316736,51.126948],[71.4317967,51.1272671],[71.4317115,51.127323]]}},{"type":"Feature","id":"way/258818041/road","properties":{"osm_id":"258818041","name":null,"kind":"road","highway":"footway","surface":null,"lanes":null},"geometry":{"type":"LineString","coordinates":[[71.4309357,51.1302759],[71.4312284,51.1302286],[71.4315159,51.1301822]]}},{"type":"Feature","id":"way/258818042/road","properties":{"osm_id":"258818042","name":null,"kind":"road","highway":"footway","surface":"paving_stones","lanes":null},"geometry":{"type":"LineString","coordinates":[[71.4293162,51.1266235],[71.4293542,51.1266182],[71.4295667,51.1265833],[71.4295882,51.1265801],[71.4297681,51.1265524],[71.4299461,51.1265297],[71.4299655,51.1265272],[71.4301829,51.1264983],[71.4302182,51.1264936],[71.4303222,51.1264841],[71.4304852,51.1264775],[71.4306828,51.1264794],[71.4308668,51.1264885],[71.4310181,51.1265037],[71.431187,51.1265261],[71.4313229,51.1265502],[71.4314299,51.1265721],[71.4314899,51.1265904],[71.4315397,51.1266056],[71.4315868,51.126726],[71.4316736,51.126948]]}},{"type":"Feature","id":"way/258818043/road","properties":{"osm_id":"258818043","name":null,"kind":"road","highway":"footway","surface":null,"lanes":null},"geometry":{"type":"LineString","coordinates":[[71.4291009,51.1291667],[71.4290744,51.129188],[71.4290611,51.1291988],[71.429244,51.1296272],[71.4294988,51.1296847],[71.4296703,51.1297262],[71.4298477,51.1297609],[71.4299924,51.1297863],[71.4301732,51.1298069],[71.4304027,51.1298174],[71.4305486,51.1298169],[71.4305903,51.1298137],[71.4306256,51.129809],[71.4308571,51.1297729],[71.4310338,51.1297458],[71.4312127,51.1297166],[71.4314328,51.1296807],[71.4314708,51.1296745]]}},{"type":"Feature","id":"way/258818045/road","properties":{"osm_id":"258818045","name":null,"kind":"road","highway":"footway","surface":null,"lanes":null},"geometry":{"type":"LineString","coordinates":[[71.428299,51.1272104],[71.4283112,51.1271993],[71.4283813,51.1271354],[71.4283483,51.1270526],[71.4281112,51.1264612],[71.4280993,51.1264323],[71.4280826,51.1263917]]}},{"type":"Feature","id":"way/258818047/road","properties":{"osm_id":"258818047","name":null,"kind":"road","highway":"footway","surface":null,"lanes":null},"geometry":{"type":"LineString","coordinates":[[71.4298777,51.1291496],[71.4298627,51.1291673],[71.4296902,51.1294134],[71.4294988,51.1296847],[71.4293962,51.1298236]]}},{"type":"Feature","id":"way/258818048/road","properties":{"osm_id":"258818048","name":null,"kind":"road","highway":"footway","surface":null,"lanes":null},"geometry":{"type":"LineString","coordinates":[[71.4312798,51.12892],[71.4313979,51.1290142],[71.4316599,51.1292179],[71.4319888,51.1294764],[71.432264,51.1296909],[71.4328375,51.1301382]]}},{"type":"Feature","id":"way/258818049/road","properties":{"osm_id":"258818049","name":null,"kind":"road","highway":"footway","surface":null,"lanes":null},"geometry":{"type":"LineString","coordinates":[[71.4302392,51.1290882],[71.4301966,51.129207],[71.4300992,51.1294812],[71.4299924,51.1297863],[71.4298977,51.130057],[71.429707,51.1306017]]}},{"type":"Feature","id":"way/258818050/road","properties":{"osm_id":"258818050","name":null,"kind":"road","highway":"footway","surface":"paving_stones","lanes":null},"geometry":{"type":"LineString","coordinates":[[71.4307255,51.127351],[71.4308241,51.1270644],[71.4309242,51.1267754],[71.4310181,51.1265037],[71.4311999,51.1259638]]}},{"type":"Feature","id":"way/258818051/road","properties":{"osm_id":"258818051","name":null,"kind":"road","highway":"footway","surface":null,"lanes":null},"geometry":{"type":"LineString","coordinates":[[71.4293214,51.1284799],[71.4293099,51.1284485],[71.4292953,51.1283917],[71.4292891,51.1283266],[71.4292894,51.1282594],[71.429304,51.1281829],[71.4293226,51.1281226],[71.4293498,51.1280609],[71.4293692,51.1280289],[71.4294062,51.1279743],[71.4294517,51.1279095],[71.429495,51.1278642],[71.4295497,51.127821],[71.4296062,51.12778],[71.4296733,51.1277326],[71.4297309,51.1276945],[71.4297808,51.1276706],[71.4298064,51.1276583],[71.4298921,51.1276269],[71.4299633,51.1276031],[71.4299982,51.1275928],[71.4300398,51.1275806],[71.4301203,51.1275607],[71.4301604,51.1275521],[71.4302438,51.1275399],[71.4303444,51.1275306],[71.4304194,51.1275254],[71.4304928,51.1275243],[71.4305718,51.1275259],[71.4305891,51.1275272],[71.4306982,51.127535],[71.4307891,51.1275494],[71.430873,51.1275686],[71.4309978,51.1276023],[71.4310873,51.1276326],[71.4311574,51.1276615],[71.4311805,51.1276749],[71.4312232,51.1277019],[71.4312625,51.1277267],[71.4313314,51.127772],[71.4313826,51.127813],[71.4314203,51.1278428],[71.4314781,51.1278982],[71.4315266,51.1279565],[71.4315631,51.1280077],[71.4315944,51.1280624],[71.4316132,51.1281056],[71.4316292,51.1281559],[71.431636,51.1281989],[71.4316401,51.1282466],[71.4316389,51.1283061],[71.4316342,51.1283506],[71.4316242,51.1283974],[71.431605,51.1284549],[71.4315773,51.1285179],[71.431559,51.1285524],[71.4315373,51.1285912],[71.4315099,51.1286358],[71.4314715,51.1286876],[71.4314333,51.128726],[71.4313864,51.1287673],[71.4313495,51.1287952],[71.4312992,51.1288295],[71.4312374,51.1288681],[71.4311713,51.1289048],[71.431157,51.128911],[71.4311171,51.1289283],[71.4310565,51.1289518],[71.4310029,51.1289701],[71.4309322,51.12899],[71.430916,51.1289945],[71.4307957,51.129021],[71.4307609,51.1290273],[71.4306775,51.1290388],[71.4305827,51.1290473],[71.430567,51.1290487],[71.4304464,51.129054],[71.4303786,51.1290524],[71.4303434,51.1290499],[71.4302892,51.1290461],[71.4302185,51.1290368],[71.4301288,51.1290211],[71.4300333,51.1289988],[71.4299424,51.1289736],[71.4298595,51.128941],[71.4298109,51.1289198],[71.4297453,51.1288875],[71.4297118,51.12887],[71.4296214,51.128813],[71.4295562,51.1287663],[71.4295035,51.1287201],[71.4294373,51.1286544],[71.4293772,51.1285842],[71.42934,51.1285223],[71.4293214,51.1284799]]}},{"type":"Feature","id":"way/258818052/road","properties":{"osm_id":"258818052","name":null,"kind":"road","highway":"footway","surface":null,"lanes":null},"geometry":{"type":"LineString","coordinates":[[71.4295418,51.1275632],[71.4292371,51.1273285],[71.4289381,51.1270981],[71.4286323,51.1268626],[71.4281112,51.1264612]]}},{"type":"Feature","id":"way/258818053/road","properties":{"osm_id":"258818053","name":null,"kind":"road","highway":"footway","surface":null,"lanes":null},"geometry":{"type":"LineString","coordinates":[[71.4315741,51.1299405],[71.43154,51.1299459],[71.4313178,51.1299836],[71.4311417,51.1300132],[71.4309646,51.1300429],[71.4307405,51.1300799],[71.4307001,51.1300855],[71.4306641,51.1300866],[71.4305064,51.1300922],[71.4303529,51.1300941],[71.4301424,51.1300845],[71.429934,51.1300632],[71.4298977,51.130057],[71.4297329,51.130029],[71.4295896,51.1299975],[71.4294549,51.1299606]]}},{"type":"Feature","id":"way/258818054/road","properties":{"osm_id":"258818054","name":null,"kind":"road","highway":"footway","surface":null,"lanes":null},"geometry":{"type":"LineString","coordinates":[[71.4325624,51.1294864],[71.4324736,51.1295576],[71.4323767,51.1296232],[71.432264,51.1296909],[71.4321701,51.1297435],[71.432023,51.1298136],[71.4318692,51.1298693],[71.431708,51.1299133],[71.4315741,51.1299405]]}},{"type":"Feature","id":"way/258818055/road","properties":{"osm_id":"258818055","name":null,"kind":"road","highway":"footway","surface":"paving_stones","lanes":null},"geometry":{"type":"LineString","coordinates":[[71.4293162,51.1266235],[71.4292165,51.1266452],[71.4291061,51.1266731],[71.4289949,51.1267049],[71.4288716,51.1267522],[71.428744,51.1268088],[71.4286323,51.1268626],[71.4285006,51.1269431],[71.4283996,51.1270121],[71.4283483,51.1270526]]}},{"type":"Feature","id":"way/261475633/road","properties":{"osm_id":"261475633","name":"Сығанақ көшесі","kind":"road","highway":"tertiary","surface":"asphalt","lanes":null},"geometry":{"type":"LineString","coordinates":[[71.4395439,51.121306],[71.4395937,51.1212784],[71.4396676,51.1212594],[71.4404241,51.1211411],[71.4404954,51.1211299],[71.4417111,51.1209518]]}},{"type":"Feature","id":"way/261475761/road","properties":{"osm_id":"261475761","name":null,"kind":"road","highway":"service","surface":null,"lanes":null},"geometry":{"type":"LineString","coordinates":[[71.4383323,51.1276948],[71.4387883,51.1289385]]}},{"type":"Feature","id":"way/261476435/road","properties":{"osm_id":"261476435","name":null,"kind":"road","highway":"service","surface":null,"lanes":null},"geometry":{"type":"LineString","coordinates":[[71.4195999,51.1196656],[71.4196774,51.1197856],[71.4196914,51.1198073],[71.4200024,51.1202886],[71.4205216,51.1211708],[71.4207563,51.1214577],[71.4209567,51.1216144]]}},{"type":"Feature","id":"way/261476446/road","properties":{"osm_id":"261476446","name":null,"kind":"road","highway":"service","surface":null,"lanes":null},"geometry":{"type":"LineString","coordinates":[[71.4378059,51.1265094],[71.4376764,51.1261879],[71.4373055,51.1251816],[71.437614,51.1251444]]}},{"type":"Feature","id":"way/261488279/road","properties":{"osm_id":"261488279","name":null,"kind":"road","highway":"service","surface":null,"lanes":null},"geometry":{"type":"LineString","coordinates":[[71.4299168,51.1317029],[71.4296283,51.1317456],[71.429516,51.1317489]]}},{"type":"Feature","id":"way/261488446/road","properties":{"osm_id":"261488446","name":null,"kind":"road","highway":"service","surface":null,"lanes":null},"geometry":{"type":"LineString","coordinates":[[71.4301966,51.1324232],[71.429899,51.132465],[71.4298181,51.1324722]]}},{"type":"Feature","id":"way/261488569/road","properties":{"osm_id":"261488569","name":null,"kind":"road","highway":"service","surface":null,"lanes":null},"geometry":{"type":"LineString","coordinates":[[71.4292634,51.1305409],[71.4292468,51.1305],[71.4288109,51.1294281],[71.4287099,51.1291798],[71.4288717,51.1291386]]}},{"type":"Feature","id":"way/261506817/road","properties":{"osm_id":"261506817","name":null,"kind":"road","highway":"service","surface":null,"lanes":null},"geometry":{"type":"LineString","coordinates":[[71.4329645,51.122471],[71.4328782,51.1222033],[71.4328655,51.1221637]]}},{"type":"Feature","id":"way/261507771/road","properties":{"osm_id":"261507771","name":null,"kind":"road","highway":"service","surface":null,"lanes":null},"geometry":{"type":"LineString","coordinates":[[71.430642,51.120345],[71.4306709,51.1204125],[71.4306856,51.1204468],[71.4307265,51.1205422],[71.4308386,51.1208038]]}},{"type":"Feature","id":"way/261508544/road","properties":{"osm_id":"261508544","name":null,"kind":"road","highway":"service","surface":"asphalt","lanes":null},"geometry":{"type":"LineString","coordinates":[[71.435607,51.120106],[71.4353949,51.1201392]]}},{"type":"Feature","id":"way/262316992/road","properties":{"osm_id":"262316992","name":null,"kind":"road","highway":"service","surface":null,"lanes":null},"geometry":{"type":"LineString","coordinates":[[71.4207563,51.1214577],[71.4203469,51.1215078],[71.4185413,51.1217392]]}},{"type":"Feature","id":"way/262320392/road","properties":{"osm_id":"262320392","name":null,"kind":"road","highway":"service","surface":null,"lanes":null},"geometry":{"type":"LineString","coordinates":[[71.4241597,51.1271293],[71.4239237,51.1271694],[71.4238647,51.1273386],[71.4244591,51.1286991],[71.4244821,51.1287148],[71.4245267,51.1287256],[71.4245845,51.1287279]]}},{"type":"Feature","id":"way/262320483/road","properties":{"osm_id":"262320483","name":null,"kind":"road","highway":"service","surface":null,"lanes":null},"geometry":{"type":"LineString","coordinates":[[71.4274018,51.1260826],[71.4272728,51.1257316]]}},{"type":"Feature","id":"way/262320493/road","properties":{"osm_id":"262320493","name":"Сауран көшесі","kind":"road","highway":"tertiary","surface":null,"lanes":5.0},"geometry":{"type":"LineString","coordinates":[[71.4237793,51.1262813],[71.4236017,51.1258304]]}},{"type":"Feature","id":"way/262320494/road","properties":{"osm_id":"262320494","name":null,"kind":"road","highway":"service","surface":null,"lanes":null},"geometry":{"type":"LineString","coordinates":[[71.4241511,51.1262269],[71.4240848,51.1262408],[71.4237793,51.1262813]]}},{"type":"Feature","id":"way/262320500/road","properties":{"osm_id":"262320500","name":null,"kind":"road","highway":"service","surface":null,"lanes":null},"geometry":{"type":"LineString","coordinates":[[71.425434,51.1247522],[71.4254807,51.124695],[71.4266282,51.1245028],[71.4267321,51.124492],[71.4267755,51.1244889],[71.4268399,51.1244869],[71.4269315,51.124481],[71.4270334,51.1244631]]}},{"type":"Feature","id":"way/262320932/road","properties":{"osm_id":"262320932","name":"Нұржол желекжолы","kind":"road","highway":"residential","surface":null,"lanes":null},"geometry":{"type":"LineString","coordinates":[[71.4325228,51.1285504],[71.4327613,51.1285157],[71.4382181,51.1277116],[71.4383323,51.1276948],[71.4386023,51.127655]]}},{"type":"Feature","id":"way/262320956/road","properties":{"osm_id":"262320956","name":"Нұржол желекжолы","kind":"road","highway":"residential","surface":null,"lanes":null},"geometry":{"type":"LineString","coordinates":[[71.4378059,51.1265094],[71.4377663,51.1265159],[71.4323267,51.1274021],[71.4320742,51.1274432]]}},{"type":"Feature","id":"way/262320998/road","properties":{"osm_id":"262320998","name":null,"kind":"road","highway":"service","surface":null,"lanes":null},"geometry":{"type":"LineString","coordinates":[[71.4367117,51.1233743],[71.4364568,51.1234126],[71.4350675,51.1236279],[71.4349842,51.1234125],[71.4348023,51.1229422],[71.4347092,51.1227158],[71.4346758,51.1226381],[71.4347448,51.1225755]]}},{"type":"Feature","id":"way/262321000/road","properties":{"osm_id":"262321000","name":null,"kind":"road","highway":"service","surface":null,"lanes":null},"geometry":{"type":"LineString","coordinates":[[71.4350675,51.1236279],[71.4352611,51.1241576]]}},{"type":"Feature","id":"way/262321011/road","properties":{"osm_id":"262321011","name":null,"kind":"road","highway":"service","surface":null,"lanes":null},"geometry":{"type":"LineString","coordinates":[[71.4315584,51.1261216],[71.4316678,51.1261048],[71.432268,51.1260125],[71.432305,51.1260071],[71.4323933,51.1262423],[71.4341655,51.1259697],[71.4340575,51.1256883]]}},{"type":"Feature","id":"way/262321031/road","properties":{"osm_id":"262321031","name":null,"kind":"road","highway":"service","surface":null,"lanes":null},"geometry":{"type":"LineString","coordinates":[[71.4373055,51.1251816],[71.4372852,51.1251367],[71.4372321,51.1251036],[71.4371352,51.1250998],[71.4365825,51.1251881],[71.4357494,51.1253211],[71.4348024,51.1254723],[71.4342575,51.1255592],[71.4328423,51.1257852],[71.4328,51.1256767],[71.4327849,51.125638],[71.4327377,51.125517]]}},{"type":"Feature","id":"way/262321032/road","properties":{"osm_id":"262321032","name":null,"kind":"road","highway":"service","surface":null,"lanes":null},"geometry":{"type":"LineString","coordinates":[[71.4348024,51.1254723],[71.4348396,51.1255723],[71.4349651,51.1258643],[71.4350093,51.1259597],[71.4367822,51.1256899],[71.4366187,51.1252805],[71.4365825,51.1251881]]}},{"type":"Feature","id":"way/262321169/road","properties":{"osm_id":"262321169","name":null,"kind":"road","highway":"residential","surface":null,"lanes":null},"geometry":{"type":"LineString","coordinates":[[71.4248991,51.1349852],[71.4249392,51.1350739],[71.4254233,51.1360812],[71.425565,51.1363186]]}},{"type":"Feature","id":"way/263585885","properties":{"osm_id":"263585885","name":null,"kind":"building","building":"apartments","height_m":18.0,"height_source":"osm:building:levels×3m","levels":6.0},"geometry":{"type":"Polygon","coordinates":[[[71.4244766,51.1226754],[71.4247738,51.1233892],[71.4261311,51.1231665],[71.4258339,51.1224527],[71.4255948,51.122492],[71.4258138,51.1230179],[71.4250212,51.1231479],[71.4248022,51.122622],[71.4244766,51.1226754]]]}},{"type":"Feature","id":"way/263587232/road","properties":{"osm_id":"263587232","name":null,"kind":"road","highway":"service","surface":null,"lanes":null},"geometry":{"type":"LineString","coordinates":[[71.4217839,51.1224339],[71.4215306,51.1225101]]}},{"type":"Feature","id":"way/263617534","properties":{"osm_id":"263617534","name":"Мамандандырылған ауданаралық әкімшілік сот","kind":"building","building":"public","height_m":66.0,"height_source":"osm:building:levels×3m","levels":22.0},"geometry":{"type":"Polygon","coordinates":[[[71.439076,51.1261164],[71.4390332,51.1261593],[71.4390159,51.1262087],[71.439026,51.1262589],[71.4390624,51.1263041],[71.439116,51.1263368],[71.4391831,51.1263574],[71.4392572,51.1263639],[71.4393307,51.1263555],[71.4393964,51.1263331],[71.4394477,51.126299],[71.4394795,51.1262565],[71.4394885,51.1262099],[71.439474,51.1261639],[71.4394335,51.1261201],[71.4393719,51.1260874],[71.4392964,51.1260696],[71.4392157,51.1260688],[71.4391393,51.126085],[71.439076,51.1261164]]]}},{"type":"Feature","id":"way/263617851","properties":{"osm_id":"263617851","name":"Алтын Орда","kind":"building","building":"commercial","height_m":66.0,"height_source":"osm:building:levels×3m","levels":22.0},"geometry":{"type":"Polygon","coordinates":[[[71.4396748,51.1273306],[71.4396042,51.1273623],[71.439555,51.1274072],[71.4395333,51.12746],[71.4395417,51.1275142],[71.4395741,51.1275589],[71.439627,51.1275951],[71.4396951,51.1276192],[71.4397718,51.127629],[71.4398495,51.1276234],[71.4399207,51.127603],[71.4399783,51.1275698],[71.4400168,51.1275271],[71.4400324,51.127479],[71.4400234,51.1274302],[71.439986,51.127381],[71.4399241,51.1273429],[71.439845,51.1273203],[71.4397585,51.1273161],[71.4396748,51.1273306]]]}},{"type":"Feature","id":"way/264709019","properties":{"osm_id":"264709019","name":null,"kind":"building","building":"commercial","height_m":9.0,"height_source":"osm:building:levels×3m","levels":3.0},"geometry":{"type":"Polygon","coordinates":[[[71.4221314,51.1221112],[71.422362,51.1220515],[71.4221417,51.1217163],[71.4219111,51.121776],[71.4221314,51.1221112]]]}},{"type":"Feature","id":"way/269114341/road","properties":{"osm_id":"269114341","name":null,"kind":"road","highway":"service","surface":"asphalt","lanes":null},"geometry":{"type":"LineString","coordinates":[[71.4357068,51.1187579],[71.4363666,51.1205407],[71.4363912,51.1205553],[71.4364207,51.1205629],[71.4364885,51.1205625],[71.4375817,51.1203883],[71.4376439,51.1205619],[71.4376912,51.120694],[71.4377374,51.1208231],[71.4377811,51.1209452],[71.4378282,51.1210765],[71.4378687,51.1211897],[71.4377993,51.1212387],[71.437736,51.1212834],[71.4376644,51.121334]]}},{"type":"Feature","id":"way/286871697/road","properties":{"osm_id":"286871697","name":null,"kind":"road","highway":"service","surface":null,"lanes":null},"geometry":{"type":"LineString","coordinates":[[71.4255625,51.1270569],[71.4251362,51.1271286]]}},{"type":"Feature","id":"way/289011351","properties":{"osm_id":"289011351","name":"ЖК \"Изумрудный квартал\"","kind":"building","building":"office","height_m":9.0,"height_source":"osm:building:levels×3m","levels":3.0},"geometry":{"type":"Polygon","coordinates":[[[71.4223896,51.1308166],[71.4226893,51.1315132],[71.4234706,51.1313816],[71.4235287,51.131317],[71.4235911,51.13127],[71.4236704,51.1312277],[71.4237629,51.1311939],[71.4244817,51.1310762],[71.4245659,51.1310821],[71.4246545,51.1311033],[71.4247245,51.1311348],[71.4247635,51.1311613],[71.425598,51.1310204],[71.4252983,51.1303238],[71.4223896,51.1308166]]]}},{"type":"Feature","id":"way/289011352","properties":{"osm_id":"289011352","name":"Изумрудный квартал","kind":"building","building":"yes","height_m":12.0,"height_source":"visual-fallback:12m","levels":null},"geometry":{"type":"Polygon","coordinates":[[[71.4223472,51.1307603],[71.4240293,51.1304825],[71.4238046,51.129944],[71.4226738,51.1301278],[71.4223821,51.1302887],[71.4223159,51.1302293],[71.42216,51.1303239],[71.4223472,51.1307603]]]}},{"type":"Feature","id":"way/294269842","properties":{"osm_id":"294269842","name":null,"kind":"building","building":"industrial","height_m":3.0,"height_source":"osm:building:levels×3m","levels":1.0},"geometry":{"type":"Polygon","coordinates":[[[71.4392441,51.1221423],[71.4394968,51.1221075],[71.4394352,51.1219218],[71.4391702,51.1219644],[71.4392441,51.1221423]]]}},{"type":"Feature","id":"way/294269843","properties":{"osm_id":"294269843","name":null,"kind":"building","building":"industrial","height_m":6.0,"height_source":"osm:building:levels×3m","levels":2.0},"geometry":{"type":"Polygon","coordinates":[[[71.4389357,51.1221978],[71.4390722,51.1221771],[71.4390067,51.1220074],[71.4388702,51.1220282],[71.4389357,51.1221978]]]}},{"type":"Feature","id":"way/320469782/road","properties":{"osm_id":"320469782","name":"Қонаев көшесі","kind":"road","highway":"secondary","surface":"asphalt","lanes":4.0},"geometry":{"type":"LineString","coordinates":[[71.4394761,51.1293505],[71.4392822,51.1293783]]}},{"type":"Feature","id":"way/335710449/road","properties":{"osm_id":"335710449","name":"70 лет Октября көшесі","kind":"road","highway":"residential","surface":null,"lanes":null},"geometry":{"type":"LineString","coordinates":[[71.4227572,51.120607],[71.4231404,51.1197589],[71.4230815,51.1195959]]}},{"type":"Feature","id":"way/335710779/road","properties":{"osm_id":"335710779","name":null,"kind":"road","highway":"service","surface":null,"lanes":null},"geometry":{"type":"LineString","coordinates":[[71.430667,51.1238344],[71.4309104,51.1238017],[71.431053,51.1237822]]}},{"type":"Feature","id":"way/335854022","properties":{"osm_id":"335854022","name":null,"kind":"building","building":"roof","height_m":12.0,"height_source":"visual-fallback:12m","levels":null},"geometry":{"type":"Polygon","coordinates":[[[71.4213265,51.1207432],[71.4215629,51.1206838],[71.4214971,51.1205807],[71.4212607,51.1206401],[71.4213265,51.1207432]]]}},{"type":"Feature","id":"way/335854107","properties":{"osm_id":"335854107","name":null,"kind":"building","building":"yes","height_m":3.0,"height_source":"osm:building:levels×3m","levels":1.0},"geometry":{"type":"Polygon","coordinates":[[[71.4215629,51.1206838],[71.4216308,51.1206667],[71.421565,51.1205636],[71.4214971,51.1205807],[71.4215629,51.1206838]]]}},{"type":"Feature","id":"way/350186370","properties":{"osm_id":"350186370","name":"Қазақстан Темір Жолы","kind":"building","building":"office","height_m":35.4,"height_source":"osm:height","levels":8.0},"geometry":{"type":"Polygon","coordinates":[[[71.4214226,51.1316873],[71.422191,51.1315689],[71.4219211,51.1309055],[71.4219373,51.1308867],[71.4219508,51.130817],[71.4219256,51.1307486],[71.4218646,51.1306897],[71.4218208,51.1306692],[71.4216211,51.1302113],[71.4208877,51.1303247],[71.4211786,51.1310633],[71.4211734,51.131069],[71.4211599,51.1311387],[71.4211852,51.1312071],[71.4212462,51.131266],[71.4212598,51.1312728],[71.4214226,51.1316873]]]}},{"type":"Feature","id":"way/366420460/road","properties":{"osm_id":"366420460","name":null,"kind":"road","highway":"service","surface":null,"lanes":null},"geometry":{"type":"LineString","coordinates":[[71.4383252,51.1245627],[71.4383309,51.124636]]}},{"type":"Feature","id":"way/366420492/road","properties":{"osm_id":"366420492","name":null,"kind":"road","highway":"service","surface":null,"lanes":null},"geometry":{"type":"LineString","coordinates":[[71.4383252,51.1245627],[71.4383333,51.1244931],[71.4383602,51.1242778],[71.4383842,51.1241778],[71.438459,51.1241249],[71.4385187,51.1239642],[71.4385303,51.1239305],[71.4385571,51.1238591],[71.4385708,51.1238135],[71.4386262,51.1236641],[71.4386365,51.1236324],[71.438716,51.1234352],[71.4387923,51.1232824]]}},{"type":"Feature","id":"way/366420575/road","properties":{"osm_id":"366420575","name":null,"kind":"road","highway":"service","surface":null,"lanes":null},"geometry":{"type":"LineString","coordinates":[[71.4355828,51.1249931],[71.4355369,51.1248779],[71.4355223,51.1248415],[71.4369182,51.1246159],[71.4369437,51.1246033],[71.4369535,51.1245831],[71.4368059,51.1241776],[71.4371009,51.1241346]]}},{"type":"Feature","id":"way/384146653/road","properties":{"osm_id":"384146653","name":null,"kind":"road","highway":"footway","surface":"paving_stones","lanes":null},"geometry":{"type":"LineString","coordinates":[[71.4202087,51.1298862],[71.420194,51.1298458],[71.4203929,51.1298152],[71.4203731,51.1297686],[71.4204503,51.1297563],[71.4207032,51.1297153],[71.4207416,51.1297092],[71.4220433,51.1295023],[71.4223088,51.1294594],[71.4223896,51.1294464],[71.4224113,51.1295034],[71.4225907,51.1294765],[71.4227639,51.1294493],[71.4227281,51.1293438],[71.4229006,51.1293161],[71.4230156,51.1292976],[71.4232009,51.1292678],[71.4232441,51.129375],[71.4234084,51.1293509],[71.4235801,51.1293267],[71.4235619,51.1292807],[71.4236585,51.1292651],[71.4239157,51.1292234],[71.4239497,51.1292179],[71.4251921,51.1290168],[71.4252374,51.1290095],[71.4255054,51.1289664],[71.4255769,51.1289543],[71.4255958,51.1290027],[71.4257669,51.1289759],[71.4258654,51.1289587],[71.4258441,51.1289109],[71.4258122,51.1288397],[71.4259034,51.1288239],[71.4258841,51.1287795],[71.4259725,51.128765],[71.4262399,51.1287197],[71.4263211,51.1287059],[71.4263422,51.1287576],[71.4264334,51.1287441],[71.4264581,51.1288046],[71.426486,51.1288727],[71.4265887,51.1288558],[71.4267485,51.1288293],[71.4267281,51.1287795],[71.4268514,51.1287607],[71.4271242,51.1287204],[71.427178,51.1287119],[71.4279156,51.1285944],[71.4281842,51.1285512],[71.4282418,51.1287288],[71.4279808,51.1287708],[71.4272508,51.1288898],[71.4271904,51.1288997],[71.426926,51.1289428],[71.4268089,51.128961],[71.4267851,51.1289049],[71.4266208,51.1289329],[71.4265195,51.128949],[71.426534,51.1289831],[71.4265616,51.1290479],[71.4264873,51.1290601],[71.4265085,51.1291083],[71.4264139,51.1291226],[71.4261424,51.1291676],[71.4260465,51.1291836],[71.4260249,51.1291343],[71.4259482,51.1291456],[71.4259164,51.1290776],[71.4258997,51.1290419],[71.4258082,51.1290563],[71.4256295,51.1290876],[71.4256467,51.1291261],[71.4255684,51.1291398],[71.4253055,51.1291824],[71.4252644,51.1291889],[71.4240172,51.1293859],[71.4239766,51.1293923],[71.4237172,51.1294339],[71.4236235,51.129448],[71.423607,51.1294042],[71.4234374,51.1294327],[71.4232726,51.1294574],[71.4233182,51.1295734],[71.4231248,51.1296021],[71.4230044,51.12962],[71.4228352,51.1296452],[71.4227916,51.1295327],[71.4226246,51.1295563],[71.4224369,51.1295845],[71.4224545,51.1296302],[71.4223827,51.1296415],[71.4221122,51.129684],[71.4208072,51.1298814],[71.4207695,51.1298871],[71.4205011,51.1299277],[71.4204326,51.129938],[71.4204151,51.1298948],[71.4202202,51.1299221],[71.4202087,51.1298862]]}},{"type":"Feature","id":"way/384274693/road","properties":{"osm_id":"384274693","name":null,"kind":"road","highway":"footway","surface":null,"lanes":null},"geometry":{"type":"LineString","coordinates":[[71.4378887,51.1270603],[71.4377649,51.1270799],[71.4375127,51.1271197],[71.4374978,51.1271186],[71.4374613,51.127116],[71.4364377,51.1272813],[71.4362698,51.1273084],[71.4362406,51.1273131]]}},{"type":"Feature","id":"way/384275302/road","properties":{"osm_id":"384275302","name":null,"kind":"road","highway":"footway","surface":null,"lanes":null},"geometry":{"type":"LineString","coordinates":[[71.4400703,51.1272202],[71.4400042,51.1270554],[71.4399101,51.1268208],[71.4398141,51.1265816],[71.4397436,51.1264059]]}},{"type":"Feature","id":"way/404594412/road","properties":{"osm_id":"404594412","name":null,"kind":"road","highway":"service","surface":null,"lanes":null},"geometry":{"type":"LineString","coordinates":[[71.4216397,51.1226748],[71.4214812,51.1227052],[71.4209997,51.1227974],[71.4207586,51.122815],[71.4203486,51.1228717],[71.4201033,51.1229123],[71.419886,51.1229483],[71.4196929,51.1229803],[71.4194421,51.1230219],[71.419045,51.1230877],[71.4178984,51.1232701],[71.417256,51.123377],[71.4171927,51.1233736],[71.4171558,51.1233453],[71.4168947,51.1226285]]}},{"type":"Feature","id":"way/409436791/road","properties":{"osm_id":"409436791","name":null,"kind":"road","highway":"footway","surface":null,"lanes":null},"geometry":{"type":"LineString","coordinates":[[71.4346758,51.1226381],[71.4345243,51.1225785],[71.4335804,51.122725],[71.4332075,51.1227846],[71.4324283,51.1229077],[71.4323741,51.1229161],[71.4319454,51.1229828],[71.4319011,51.1229897],[71.4318242,51.1230017],[71.4308435,51.1231543],[71.4307024,51.1231763]]}},{"type":"Feature","id":"way/409436793/road","properties":{"osm_id":"409436793","name":null,"kind":"road","highway":"footway","surface":null,"lanes":null},"geometry":{"type":"LineString","coordinates":[[71.4301704,51.1232513],[71.4270434,51.1237285]]}},{"type":"Feature","id":"way/409436795/road","properties":{"osm_id":"409436795","name":null,"kind":"road","highway":"footway","surface":null,"lanes":null},"geometry":{"type":"LineString","coordinates":[[71.4265099,51.123809],[71.4232875,51.124314]]}},{"type":"Feature","id":"way/409436797/road","properties":{"osm_id":"409436797","name":null,"kind":"road","highway":"footway","surface":null,"lanes":null},"geometry":{"type":"LineString","coordinates":[[71.4227542,51.1243523],[71.4225911,51.1244068],[71.4213444,51.1246132],[71.4213132,51.124618],[71.4202761,51.1247779],[71.4200181,51.1248176],[71.4187427,51.1250142],[71.4186684,51.1250257],[71.4186205,51.1250328],[71.4184196,51.1250627],[71.4174078,51.1252246],[71.4173938,51.1252268],[71.4173679,51.1252307],[71.4172542,51.1252476]]}},{"type":"Feature","id":"way/409436798/road","properties":{"osm_id":"409436798","name":null,"kind":"road","highway":"footway","surface":null,"lanes":null},"geometry":{"type":"LineString","coordinates":[[71.4230413,51.1237432],[71.4246118,51.1235027],[71.4262121,51.1232584]]}},{"type":"Feature","id":"way/409436799/road","properties":{"osm_id":"409436799","name":null,"kind":"road","highway":"footway","surface":null,"lanes":null},"geometry":{"type":"LineString","coordinates":[[71.4267855,51.123202],[71.4270293,51.1231609],[71.4272663,51.1231269],[71.4274918,51.1230906],[71.4284847,51.122952],[71.4288349,51.1229025],[71.4294738,51.1228121]]}},{"type":"Feature","id":"way/409436800/road","properties":{"osm_id":"409436800","name":null,"kind":"road","highway":"cycleway","surface":"asphalt","lanes":null},"geometry":{"type":"LineString","coordinates":[[71.4301704,51.1232513],[71.4301813,51.1232797],[71.4304895,51.1240815],[71.4305106,51.124135],[71.4308542,51.1250074],[71.4308603,51.1250228],[71.430874,51.1250587],[71.431071,51.125587]]}},{"type":"Feature","id":"way/409436802/road","properties":{"osm_id":"409436802","name":null,"kind":"road","highway":"footway","surface":"paving_stones","lanes":null},"geometry":{"type":"LineString","coordinates":[[71.4338375,51.1251476],[71.4355369,51.1248779],[71.4370446,51.124612],[71.4372271,51.1245798]]}},{"type":"Feature","id":"way/409436804/road","properties":{"osm_id":"409436804","name":null,"kind":"road","highway":"footway","surface":"paving_stones","lanes":null},"geometry":{"type":"LineString","coordinates":[[71.4371856,51.1249673],[71.4356991,51.1251948],[71.4342088,51.1254214],[71.4327849,51.125638],[71.4318181,51.1257739]]}},{"type":"Feature","id":"way/409436805/road","properties":{"osm_id":"409436805","name":null,"kind":"road","highway":"cycleway","surface":"paving_stones","lanes":null},"geometry":{"type":"LineString","coordinates":[[71.431179,51.1259096],[71.4307702,51.125974],[71.4305946,51.1260017],[71.4301065,51.1260786],[71.4300692,51.1260845],[71.4300378,51.12609],[71.4300229,51.1260924],[71.4296158,51.1261555],[71.4292195,51.1262136],[71.4292038,51.126216],[71.42917,51.1262212],[71.4291358,51.1262268],[71.429118,51.1262297],[71.428872,51.1262697],[71.4280826,51.1263917],[71.4279331,51.1264011],[71.4279199,51.126402]]}},{"type":"Feature","id":"way/409436808/road","properties":{"osm_id":"409436808","name":null,"kind":"road","highway":"footway","surface":null,"lanes":null},"geometry":{"type":"LineString","coordinates":[[71.4275597,51.1264419],[71.4275089,51.1264655],[71.4267078,51.1265941],[71.4259856,51.1267149],[71.4242998,51.1269942],[71.4242426,51.127001],[71.424103,51.1270198],[71.4238378,51.1270533]]}},{"type":"Feature","id":"way/409436812/road","properties":{"osm_id":"409436812","name":null,"kind":"road","highway":"footway","surface":null,"lanes":null},"geometry":{"type":"LineString","coordinates":[[71.4240594,51.1266873],[71.4241285,51.1266765],[71.4242632,51.1266556],[71.4249251,51.1265493],[71.4274337,51.1261494]]}},{"type":"Feature","id":"way/409904961/road","properties":{"osm_id":"409904961","name":null,"kind":"road","highway":"footway","surface":null,"lanes":null},"geometry":{"type":"LineString","coordinates":[[71.4238378,51.1270533],[71.4237193,51.1270713],[71.4231645,51.1271559],[71.4227239,51.1272284],[71.4222837,51.1273018],[71.4212081,51.1274693],[71.4206602,51.1275565],[71.4205908,51.1275675],[71.4193586,51.1277635],[71.4174774,51.128056],[71.4170328,51.1281191],[71.4168739,51.1281417]]}},{"type":"Feature","id":"way/409904984/road","properties":{"osm_id":"409904984","name":null,"kind":"road","highway":"footway","surface":null,"lanes":null},"geometry":{"type":"LineString","coordinates":[[71.4189232,51.1243925],[71.4214153,51.1240017],[71.4224833,51.1238303],[71.4225953,51.1238079]]}},{"type":"Feature","id":"way/409904985/road","properties":{"osm_id":"409904985","name":null,"kind":"road","highway":"footway","surface":null,"lanes":null},"geometry":{"type":"LineString","coordinates":[[71.4232875,51.124314],[71.4233485,51.1244635],[71.4235632,51.12499],[71.4235791,51.1250265],[71.423587,51.1250446],[71.4236211,51.1251242],[71.4238927,51.1257579],[71.4239031,51.1257821],[71.4240848,51.1262408],[71.4242632,51.1266556]]}},{"type":"Feature","id":"way/409904987/road","properties":{"osm_id":"409904987","name":null,"kind":"road","highway":"footway","surface":null,"lanes":null},"geometry":{"type":"LineString","coordinates":[[71.427917,51.1260958],[71.4280443,51.1260753],[71.4294566,51.1258484],[71.4295936,51.1258264],[71.4309501,51.1256084],[71.431071,51.125587]]}},{"type":"Feature","id":"way/409904992/road","properties":{"osm_id":"409904992","name":null,"kind":"road","highway":"footway","surface":null,"lanes":null},"geometry":{"type":"LineString","coordinates":[[71.4397301,51.1293849],[71.4397041,51.1294008],[71.439681,51.1294295],[71.439664,51.1294507],[71.4396019,51.129511]]}},{"type":"Feature","id":"way/409905010/road","properties":{"osm_id":"409905010","name":null,"kind":"road","highway":"cycleway","surface":null,"lanes":null},"geometry":{"type":"LineString","coordinates":[[71.4372385,51.1298372],[71.4361176,51.1300006],[71.4352838,51.1301447],[71.434881,51.1302031],[71.4347447,51.1302244],[71.4342555,51.1302985],[71.4335465,51.1304187]]}},{"type":"Feature","id":"way/409905012/road","properties":{"osm_id":"409905012","name":null,"kind":"road","highway":"cycleway","surface":null,"lanes":null},"geometry":{"type":"LineString","coordinates":[[71.4335852,51.1300701],[71.4352085,51.1298131],[71.4364842,51.1296095],[71.437877,51.1293859],[71.4388888,51.1292289]]}},{"type":"Feature","id":"way/409905013/road","properties":{"osm_id":"409905013","name":null,"kind":"road","highway":"footway","surface":null,"lanes":null},"geometry":{"type":"LineString","coordinates":[[71.4330201,51.1304377],[71.4328592,51.1305151],[71.4317325,51.1306849],[71.4315586,51.1307081],[71.4313393,51.1307406],[71.4311781,51.1307676],[71.4306188,51.1308575],[71.4305235,51.1308802],[71.4298667,51.1309671]]}},{"type":"Feature","id":"way/409905015/road","properties":{"osm_id":"409905015","name":null,"kind":"road","highway":"cycleway","surface":null,"lanes":null},"geometry":{"type":"LineString","coordinates":[[71.4297273,51.1306526],[71.4308249,51.1304951],[71.4308573,51.1304904],[71.4308942,51.1304846],[71.4309102,51.1304821],[71.4313095,51.1304193],[71.431697,51.130353],[71.4317359,51.1303464],[71.4317665,51.1303417],[71.4328532,51.1301751]]}},{"type":"Feature","id":"way/409905017/road","properties":{"osm_id":"409905017","name":null,"kind":"road","highway":"footway","surface":"paving_stones","lanes":null},"geometry":{"type":"LineString","coordinates":[[71.4268023,51.1314073],[71.4267599,51.1314138],[71.4262879,51.1314858],[71.4260519,51.1315218],[71.4254742,51.1316098],[71.4254001,51.1316391],[71.4251336,51.1317445],[71.4219663,51.1321959]]}},{"type":"Feature","id":"way/409992031/road","properties":{"osm_id":"409992031","name":null,"kind":"road","highway":"footway","surface":null,"lanes":null},"geometry":{"type":"LineString","coordinates":[[71.4160111,51.136199],[71.4175124,51.1359758],[71.418246,51.1358576],[71.4201947,51.1355292],[71.4226805,51.1351102],[71.422729,51.135102],[71.4257025,51.1345619],[71.4272342,51.1342707],[71.4278605,51.1341562],[71.4279647,51.1341371],[71.4303438,51.1337851],[71.4304071,51.1337757]]}},{"type":"Feature","id":"way/409992033/road","properties":{"osm_id":"409992033","name":null,"kind":"road","highway":"footway","surface":"paving_stones","lanes":null},"geometry":{"type":"LineString","coordinates":[[71.4306572,51.1341176],[71.429045,51.1343798],[71.4251926,51.1350308],[71.4249392,51.1350739],[71.4244275,51.1351617],[71.420311,51.1358679],[71.4200845,51.1359068],[71.4161179,51.1365988]]}},{"type":"Feature","id":"way/409992034/road","properties":{"osm_id":"409992034","name":null,"kind":"road","highway":"footway","surface":null,"lanes":null},"geometry":{"type":"LineString","coordinates":[[71.4304071,51.1337757],[71.4303808,51.1337059],[71.4301908,51.1332015],[71.429899,51.132465],[71.4296283,51.1317456],[71.4295639,51.1315572],[71.4293849,51.1310182]]}},{"type":"Feature","id":"way/409992035/road","properties":{"osm_id":"409992035","name":null,"kind":"road","highway":"footway","surface":null,"lanes":null},"geometry":{"type":"LineString","coordinates":[[71.4298667,51.1309671],[71.4298884,51.1310252],[71.4299148,51.131096],[71.4301145,51.1315933],[71.4304554,51.1324845],[71.4308721,51.1336366],[71.4309321,51.133687]]}},{"type":"Feature","id":"way/409992036/road","properties":{"osm_id":"409992036","name":null,"kind":"road","highway":"footway","surface":null,"lanes":null},"geometry":{"type":"LineString","coordinates":[[71.4309321,51.133687],[71.4310432,51.1336678],[71.4313596,51.1336132],[71.4333812,51.1332727],[71.4340443,51.1331605]]}},{"type":"Feature","id":"way/409992039/road","properties":{"osm_id":"409992039","name":null,"kind":"road","highway":"footway","surface":null,"lanes":null},"geometry":{"type":"LineString","coordinates":[[71.4341805,51.1336028],[71.4341466,51.1336083],[71.4335502,51.1337077],[71.4334004,51.1337299],[71.4329597,51.1338027],[71.4326828,51.1338485],[71.432416,51.1338914],[71.4318532,51.1339819],[71.4317327,51.1340015],[71.4312559,51.1340792],[71.4311491,51.1340354]]}},{"type":"Feature","id":"way/409992040/road","properties":{"osm_id":"409992040","name":null,"kind":"road","highway":"footway","surface":null,"lanes":null},"geometry":{"type":"LineString","coordinates":[[71.4335726,51.130492],[71.4338274,51.1312067],[71.4342243,51.13222]]}},{"type":"Feature","id":"way/409992042/road","properties":{"osm_id":"409992042","name":null,"kind":"road","highway":"footway","surface":null,"lanes":null},"geometry":{"type":"LineString","coordinates":[[71.4258975,51.1312539],[71.4258367,51.1311029],[71.4252839,51.1297306],[71.4253002,51.1297027],[71.4260334,51.1295873],[71.4267628,51.1294724],[71.4275899,51.1293422],[71.4282604,51.1292367],[71.4284925,51.1291996],[71.4286368,51.1291774],[71.4287099,51.1291798]]}},{"type":"Feature","id":"way/424920424","properties":{"osm_id":"424920424","name":null,"kind":"building","building":"apartments","height_m":42.0,"height_source":"osm:building:levels×3m","levels":14.0},"geometry":{"type":"Polygon","coordinates":[[[71.4212264,51.1370654],[71.4231962,51.1367321],[71.4231403,51.136602],[71.4211705,51.1369354],[71.4212264,51.1370654]]]}},{"type":"Feature","id":"way/424920428","properties":{"osm_id":"424920428","name":null,"kind":"building","building":"yes","height_m":60.0,"height_source":"osm:building:levels×3m","levels":20.0},"geometry":{"type":"Polygon","coordinates":[[[71.4286295,51.1357197],[71.4292712,51.1356118],[71.4292005,51.1354463],[71.4291586,51.1354534],[71.4291031,51.1353234],[71.4290514,51.1353321],[71.4290343,51.135292],[71.4288184,51.1353283],[71.4288342,51.1353653],[71.4287715,51.1353758],[71.4288268,51.1355054],[71.4285574,51.1355507],[71.4286295,51.1357197]]]}},{"type":"Feature","id":"way/424920434","properties":{"osm_id":"424920434","name":null,"kind":"building","building":"yes","height_m":42.0,"height_source":"osm:building:levels×3m","levels":14.0},"geometry":{"type":"Polygon","coordinates":[[[71.4264125,51.1359243],[71.426469,51.1360581],[71.4276865,51.1358558],[71.42763,51.135722],[71.4264125,51.1359243]]]}},{"type":"Feature","id":"way/424920439","properties":{"osm_id":"424920439","name":null,"kind":"building","building":"yes","height_m":9.0,"height_source":"osm:building:levels×3m","levels":3.0},"geometry":{"type":"Polygon","coordinates":[[[71.4242328,51.1364878],[71.4240934,51.1361762],[71.423047,51.1363605],[71.4231864,51.1366721],[71.4242328,51.1364878]]]}},{"type":"Feature","id":"way/424980081/road","properties":{"osm_id":"424980081","name":null,"kind":"road","highway":"service","surface":null,"lanes":null},"geometry":{"type":"LineString","coordinates":[[71.426895,51.1249873],[71.4266826,51.1250185]]}},{"type":"Feature","id":"way/424980082/road","properties":{"osm_id":"424980082","name":null,"kind":"road","highway":"service","surface":null,"lanes":null},"geometry":{"type":"LineString","coordinates":[[71.427215,51.1249334],[71.4269654,51.1249751],[71.426895,51.1249873]]}},{"type":"Feature","id":"way/424980083/road","properties":{"osm_id":"424980083","name":null,"kind":"road","highway":"service","surface":null,"lanes":null},"geometry":{"type":"LineString","coordinates":[[71.4266826,51.1250185],[71.4265098,51.1250498],[71.4260778,51.1251225],[71.425983,51.1248763],[71.4264129,51.1248066],[71.4265098,51.1250498]]}},{"type":"Feature","id":"way/424980238","properties":{"osm_id":"424980238","name":"ЖК Viva Plaza","kind":"building","building":"office","height_m":27.0,"height_source":"osm:building:levels×3m","levels":9.0},"geometry":{"type":"Polygon","coordinates":[[[71.4306472,51.1221679],[71.4304616,51.1216848],[71.4301416,51.1217333],[71.4303262,51.1222138],[71.4304127,51.122439],[71.4308311,51.1223757],[71.4307455,51.122153],[71.4306472,51.1221679]]]}},{"type":"Feature","id":"way/424980244","properties":{"osm_id":"424980244","name":null,"kind":"building","building":"apartments","height_m":48.0,"height_source":"osm:building:levels×3m","levels":16.0},"geometry":{"type":"Polygon","coordinates":[[[71.4308311,51.1223757],[71.431262,51.1223105],[71.4311764,51.1220877],[71.4307455,51.122153],[71.4308311,51.1223757]]]}},{"type":"Feature","id":"way/425124177","properties":{"osm_id":"425124177","name":null,"kind":"building","building":"apartments","height_m":54.0,"height_source":"osm:building:levels×3m","levels":18.0},"geometry":{"type":"Polygon","coordinates":[[[71.4301194,51.1197442],[71.4299472,51.1197698],[71.4300414,51.12002],[71.4302394,51.1199907],[71.4306669,51.1199272],[71.4305726,51.1196769],[71.4301194,51.1197442]]]}},{"type":"Feature","id":"way/425124275","properties":{"osm_id":"425124275","name":null,"kind":"building","building":"yes","height_m":12.0,"height_source":"visual-fallback:12m","levels":null},"geometry":{"type":"Polygon","coordinates":[[[71.4332049,51.1218329],[71.4334525,51.1217962],[71.4334127,51.1216903],[71.4331651,51.1217269],[71.4332049,51.1218329]]]}},{"type":"Feature","id":"way/425124326","properties":{"osm_id":"425124326","name":null,"kind":"building","building":"commercial","height_m":9.0,"height_source":"osm:building:levels×3m","levels":3.0},"geometry":{"type":"Polygon","coordinates":[[[71.4224146,51.1224685],[71.4230734,51.1223618],[71.423058,51.1223244],[71.4224957,51.1222875],[71.4223498,51.1223112],[71.4224146,51.1224685]]]}},{"type":"Feature","id":"way/425124327","properties":{"osm_id":"425124327","name":null,"kind":"building","building":"apartments","height_m":27.0,"height_source":"osm:building:levels×3m","levels":9.0},"geometry":{"type":"Polygon","coordinates":[[[71.4225657,51.1225401],[71.422685,51.122859],[71.422867,51.1228321],[71.4227873,51.1226193],[71.4237113,51.1224831],[71.4236716,51.122377],[71.4225657,51.1225401]]]}},{"type":"Feature","id":"way/425124332","properties":{"osm_id":"425124332","name":null,"kind":"building","building":"apartments","height_m":18.0,"height_source":"osm:building:levels×3m","levels":6.0},"geometry":{"type":"Polygon","coordinates":[[[71.4255171,51.1217254],[71.4241645,51.1219223],[71.4243661,51.1224679],[71.4246139,51.1224319],[71.4244804,51.1220705],[71.4253239,51.1219477],[71.425454,51.1223],[71.4257153,51.122262],[71.4255171,51.1217254]]]}},{"type":"Feature","id":"way/425276278","properties":{"osm_id":"425276278","name":"Чубары 110/10 кВ","kind":"building","building":"commercial","height_m":9.0,"height_source":"osm:building:levels×3m","levels":3.0},"geometry":{"type":"Polygon","coordinates":[[[71.4340849,51.1369253],[71.4339501,51.1371941],[71.4344756,51.1372978],[71.4346104,51.137029],[71.4340849,51.1369253]]]}},{"type":"Feature","id":"way/427773122","properties":{"osm_id":"427773122","name":"Эталондық орталық","kind":"building","building":"yes","height_m":18.0,"height_source":"osm:building:levels×3m","levels":6.0},"geometry":{"type":"Polygon","coordinates":[[[71.4355468,51.1242907],[71.4364585,51.1241357],[71.4364144,51.124033],[71.4364738,51.1240341],[71.436487,51.1237549],[71.4362914,51.1237513],[71.4362171,51.1235765],[71.4353054,51.1237315],[71.4355468,51.1242907]]]}},{"type":"Feature","id":"way/445671107/road","properties":{"osm_id":"445671107","name":"Сығанақ көшесі","kind":"road","highway":"secondary","surface":null,"lanes":null},"geometry":{"type":"LineString","coordinates":[[71.4149734,51.1253211],[71.4168367,51.1250134],[71.4168492,51.1250113],[71.4170269,51.124987],[71.4172602,51.1249459],[71.4178028,51.1248504],[71.4186565,51.1247036],[71.419008,51.1246097],[71.4215324,51.1242319],[71.4226001,51.1240559],[71.4228442,51.1240157],[71.4231341,51.1239721],[71.4246958,51.1237377],[71.4261211,51.1235093],[71.4263732,51.1234716]]}},{"type":"Feature","id":"way/445859747/road","properties":{"osm_id":"445859747","name":null,"kind":"road","highway":"service","surface":null,"lanes":null},"geometry":{"type":"LineString","coordinates":[[71.431967,51.1210417],[71.4304569,51.1212807],[71.4303902,51.1211146],[71.4302996,51.1208891],[71.4308386,51.1208038],[71.4318098,51.1206502],[71.431967,51.1210417]]}},{"type":"Feature","id":"way/445859748/road","properties":{"osm_id":"445859748","name":null,"kind":"road","highway":"service","surface":null,"lanes":null},"geometry":{"type":"LineString","coordinates":[[71.4299134,51.1205631],[71.4306856,51.1204468]]}},{"type":"Feature","id":"way/445859749/road","properties":{"osm_id":"445859749","name":null,"kind":"road","highway":"service","surface":null,"lanes":null},"geometry":{"type":"LineString","coordinates":[[71.4321652,51.1202254],[71.4325774,51.1212219]]}},{"type":"Feature","id":"way/445860095/road","properties":{"osm_id":"445860095","name":null,"kind":"road","highway":"service","surface":null,"lanes":null},"geometry":{"type":"LineString","coordinates":[[71.4382361,51.1315605],[71.437127,51.1317564],[71.4356773,51.1319879],[71.4342243,51.13222]]}},{"type":"Feature","id":"way/445860944/road","properties":{"osm_id":"445860944","name":"Нұржол желекжолы","kind":"road","highway":"residential","surface":"asphalt","lanes":null},"geometry":{"type":"LineString","coordinates":[[71.4251278,51.1296002],[71.4218135,51.1300728],[71.420605,51.130249],[71.4179893,51.1306243],[71.4178266,51.1306476],[71.4175544,51.1306866]]}},{"type":"Feature","id":"way/445860978/road","properties":{"osm_id":"445860978","name":null,"kind":"road","highway":"service","surface":null,"lanes":null},"geometry":{"type":"LineString","coordinates":[[71.420605,51.130249],[71.4206429,51.1303244],[71.4212576,51.1318345]]}},{"type":"Feature","id":"way/445860979/road","properties":{"osm_id":"445860979","name":null,"kind":"road","highway":"service","surface":null,"lanes":null},"geometry":{"type":"LineString","coordinates":[[71.4212576,51.1318345],[71.4213694,51.1319607],[71.4213908,51.1319848],[71.4215055,51.1321567]]}},{"type":"Feature","id":"way/448259696/road","properties":{"osm_id":"448259696","name":"Сауран көшесі","kind":"road","highway":"tertiary","surface":null,"lanes":4.0},"geometry":{"type":"LineString","coordinates":[[71.4228442,51.1240157],[71.4226923,51.123792],[71.4224124,51.1233735],[71.4222118,51.1230737],[71.4217839,51.1224339]]}},{"type":"Feature","id":"way/448259697/road","properties":{"osm_id":"448259697","name":"Сауран көшесі","kind":"road","highway":"tertiary","surface":null,"lanes":4.0},"geometry":{"type":"LineString","coordinates":[[71.4217839,51.1224339],[71.4217272,51.1223497],[71.4213747,51.1218108],[71.421213,51.1215634]]}},{"type":"Feature","id":"way/448259698/road","properties":{"osm_id":"448259698","name":"Сауран көшесі","kind":"road","highway":"tertiary","surface":null,"lanes":4.0},"geometry":{"type":"LineString","coordinates":[[71.421213,51.1215634],[71.4205973,51.1206309],[71.4203467,51.1202547],[71.4200011,51.1197396],[71.4198932,51.1195787],[71.4194996,51.119008]]}},{"type":"Feature","id":"way/455503150/road","properties":{"osm_id":"455503150","name":null,"kind":"road","highway":"service","surface":null,"lanes":null},"geometry":{"type":"LineString","coordinates":[[71.4239229,51.1266262],[71.4236643,51.1266336],[71.4233564,51.1257996]]}},{"type":"Feature","id":"way/455503152/road","properties":{"osm_id":"455503152","name":null,"kind":"road","highway":"footway","surface":null,"lanes":null},"geometry":{"type":"LineString","coordinates":[[71.4230413,51.1237432],[71.4227417,51.1232989],[71.4225292,51.1229905],[71.4220391,51.1222793],[71.4220261,51.1222605],[71.4216683,51.121739],[71.4214162,51.1213728],[71.4213655,51.1212962],[71.4209369,51.1206485],[71.4209137,51.1206135],[71.4206339,51.1201926],[71.4206173,51.1201676],[71.4202996,51.1196897],[71.420281,51.1196617],[71.419943,51.1192085],[71.4198322,51.1190599],[71.4197617,51.1189619],[71.4197332,51.1189222],[71.4196902,51.1188522]]}},{"type":"Feature","id":"way/455503380","properties":{"osm_id":"455503380","name":null,"kind":"building","building":"construction","height_m":12.0,"height_source":"visual-fallback:12m","levels":null},"geometry":{"type":"Polygon","coordinates":[[[71.4211457,51.12049],[71.4218217,51.120389],[71.4217251,51.1201432],[71.4210438,51.1202442],[71.4211457,51.12049]]]}},{"type":"Feature","id":"way/455512740/road","properties":{"osm_id":"455512740","name":null,"kind":"road","highway":"footway","surface":"paving_stones","lanes":null},"geometry":{"type":"LineString","coordinates":[[71.4281842,51.1285512],[71.4284853,51.1286012],[71.428546,51.1285921]]}},{"type":"Feature","id":"way/455512745/road","properties":{"osm_id":"455512745","name":null,"kind":"road","highway":"footway","surface":null,"lanes":null},"geometry":{"type":"LineString","coordinates":[[71.4281963,51.1280574],[71.42802,51.1276101],[71.4279717,51.1274875],[71.4278147,51.1270891],[71.4275597,51.1264419]]}},{"type":"Feature","id":"way/455512747/road","properties":{"osm_id":"455512747","name":null,"kind":"road","highway":"footway","surface":null,"lanes":null},"geometry":{"type":"LineString","coordinates":[[71.4281963,51.1280574],[71.428142,51.1280666],[71.4272534,51.1282171],[71.4264748,51.128349],[71.426384,51.1283644],[71.4244591,51.1286991]]}},{"type":"Feature","id":"way/455512748/road","properties":{"osm_id":"455512748","name":null,"kind":"road","highway":"footway","surface":null,"lanes":null},"geometry":{"type":"LineString","coordinates":[[71.4233309,51.1288827],[71.4213656,51.1292055],[71.4198509,51.1294637],[71.4188781,51.1296354]]}},{"type":"Feature","id":"way/455512758/road","properties":{"osm_id":"455512758","name":null,"kind":"road","highway":"footway","surface":null,"lanes":null},"geometry":{"type":"LineString","coordinates":[[71.4180076,51.1306729],[71.4183251,51.1306309],[71.4188105,51.1305668],[71.4188924,51.1305718],[71.418957,51.1305758],[71.4201477,51.130395],[71.4206429,51.1303244],[71.4218138,51.1301344],[71.4218373,51.1301309],[71.4233406,51.1298934],[71.4236334,51.1298512]]}},{"type":"Feature","id":"way/455512771/road","properties":{"osm_id":"455512771","name":null,"kind":"road","highway":"path","surface":null,"lanes":null},"geometry":{"type":"LineString","coordinates":[[71.4267078,51.1265941],[71.4265653,51.1268543],[71.4265571,51.1268808],[71.426491,51.1270952]]}},{"type":"Feature","id":"way/455512773/road","properties":{"osm_id":"455512773","name":null,"kind":"road","highway":"footway","surface":null,"lanes":null},"geometry":{"type":"LineString","coordinates":[[71.432305,51.1260071],[71.4322905,51.1259658],[71.4340575,51.1256883],[71.4348396,51.1255723],[71.4366187,51.1252805],[71.4373055,51.1251816]]}},{"type":"Feature","id":"way/459060224/road","properties":{"osm_id":"459060224","name":null,"kind":"road","highway":"footway","surface":"paving_stones","lanes":null},"geometry":{"type":"LineString","coordinates":[[71.4200992,51.1299041],[71.4202087,51.1298862]]}},{"type":"Feature","id":"way/459060225/road","properties":{"osm_id":"459060225","name":null,"kind":"road","highway":"footway","surface":"paving_stones","lanes":null},"geometry":{"type":"LineString","coordinates":[[71.4200992,51.1299041],[71.419974,51.130016],[71.4197057,51.1300575],[71.4195064,51.1299947],[71.4196408,51.1298856],[71.4199076,51.1298435],[71.4200992,51.1299041]]}},{"type":"Feature","id":"way/459060314","properties":{"osm_id":"459060314","name":null,"kind":"building","building":"yes","height_m":3.0,"height_source":"osm:building:levels×3m","levels":1.0},"geometry":{"type":"Polygon","coordinates":[[[71.4252621,51.1289353],[71.4254067,51.1289127],[71.4253852,51.1288583],[71.4252406,51.1288809],[71.4252621,51.1289353]]]}},{"type":"Feature","id":"way/459060330","properties":{"osm_id":"459060330","name":null,"kind":"building","building":"industrial","height_m":3.0,"height_source":"osm:building:levels×3m","levels":1.0},"geometry":{"type":"Polygon","coordinates":[[[71.4205118,51.1296831],[71.4206555,51.1296609],[71.4206352,51.1296093],[71.4204915,51.1296316],[71.4205118,51.1296831]]]}},{"type":"Feature","id":"way/459984863/road","properties":{"osm_id":"459984863","name":null,"kind":"road","highway":"footway","surface":null,"lanes":null},"geometry":{"type":"LineString","coordinates":[[71.4342192,51.1276147],[71.434205,51.127617],[71.4340357,51.1276439],[71.4329644,51.1278143],[71.4330267,51.1279812],[71.4340993,51.1278111],[71.4342713,51.127784],[71.4342903,51.127781]]}},{"type":"Feature","id":"way/459984864/road","properties":{"osm_id":"459984864","name":null,"kind":"road","highway":"footway","surface":null,"lanes":null},"geometry":{"type":"LineString","coordinates":[[71.4382097,51.1274559],[71.4382327,51.1275129],[71.4391768,51.1273668]]}},{"type":"Feature","id":"way/459984865/road","properties":{"osm_id":"459984865","name":null,"kind":"road","highway":"steps","surface":null,"lanes":null},"geometry":{"type":"LineString","coordinates":[[71.4382097,51.1274559],[71.4381612,51.1273378]]}},{"type":"Feature","id":"way/459984868/road","properties":{"osm_id":"459984868","name":null,"kind":"road","highway":"steps","surface":null,"lanes":null},"geometry":{"type":"LineString","coordinates":[[71.4379919,51.126924],[71.4379286,51.1267656]]}},{"type":"Feature","id":"way/460138027","properties":{"osm_id":"460138027","name":null,"kind":"building","building":"yes","height_m":9.0,"height_source":"osm:height","levels":3.0},"geometry":{"type":"Polygon","coordinates":[[[71.4395103,51.1256619],[71.4401038,51.1256619],[71.4401875,51.1256621],[71.4401904,51.1255952],[71.4401987,51.1255346],[71.4395038,51.1255389],[71.4395103,51.1256619]]]}},{"type":"Feature","id":"way/460242430/road","properties":{"osm_id":"460242430","name":null,"kind":"road","highway":"footway","surface":null,"lanes":null},"geometry":{"type":"LineString","coordinates":[[71.4388707,51.1265634],[71.4397436,51.1264059]]}},{"type":"Feature","id":"way/460242431/road","properties":{"osm_id":"460242431","name":null,"kind":"road","highway":"footway","surface":"paving_stones","lanes":null},"geometry":{"type":"LineString","coordinates":[[71.4379286,51.1267656],[71.4379051,51.1267106],[71.4388707,51.1265634]]}},{"type":"Feature","id":"way/466613151/road","properties":{"osm_id":"466613151","name":null,"kind":"road","highway":"service","surface":null,"lanes":null},"geometry":{"type":"LineString","coordinates":[[71.4249331,51.1271637],[71.4243223,51.1272682]]}},{"type":"Feature","id":"way/466613152/road","properties":{"osm_id":"466613152","name":null,"kind":"road","highway":"service","surface":null,"lanes":null},"geometry":{"type":"LineString","coordinates":[[71.4251362,51.1271286],[71.4249331,51.1271637]]}},{"type":"Feature","id":"way/466619816/road","properties":{"osm_id":"466619816","name":null,"kind":"road","highway":"service","surface":null,"lanes":null},"geometry":{"type":"LineString","coordinates":[[71.4208741,51.133069],[71.4209567,51.1330316],[71.4210559,51.1330169],[71.4211564,51.1330272],[71.4212431,51.1330608],[71.4213026,51.1331126],[71.421326,51.1331749],[71.4213097,51.133238],[71.4212561,51.1332923]]}},{"type":"Feature","id":"way/466619817/road","properties":{"osm_id":"466619817","name":null,"kind":"road","highway":"service","surface":null,"lanes":null},"geometry":{"type":"LineString","coordinates":[[71.4209738,51.1333341],[71.4208871,51.1333005],[71.4208276,51.1332486],[71.4208042,51.1331864],[71.4208205,51.1331233],[71.4208741,51.133069]]}},{"type":"Feature","id":"way/466817932/road","properties":{"osm_id":"466817932","name":null,"kind":"road","highway":"service","surface":null,"lanes":null},"geometry":{"type":"LineString","coordinates":[[71.4208855,51.1324948],[71.4209276,51.1326194]]}},{"type":"Feature","id":"way/466817933/road","properties":{"osm_id":"466817933","name":null,"kind":"road","highway":"service","surface":null,"lanes":null},"geometry":{"type":"LineString","coordinates":[[71.4209276,51.1326194],[71.4210628,51.1329258],[71.4211564,51.1330272]]}},{"type":"Feature","id":"way/466817934/road","properties":{"osm_id":"466817934","name":null,"kind":"road","highway":"service","surface":null,"lanes":null},"geometry":{"type":"LineString","coordinates":[[71.4206635,51.1325315],[71.4206065,51.1324008],[71.4205674,51.1323002]]}},{"type":"Feature","id":"way/466817935/road","properties":{"osm_id":"466817935","name":null,"kind":"road","highway":"service","surface":null,"lanes":null},"geometry":{"type":"LineString","coordinates":[[71.4207091,51.1326523],[71.4206635,51.1325315]]}},{"type":"Feature","id":"way/466879316/road","properties":{"osm_id":"466879316","name":null,"kind":"road","highway":"service","surface":null,"lanes":null},"geometry":{"type":"LineString","coordinates":[[71.4297433,51.1324814],[71.4295354,51.1325039]]}},{"type":"Feature","id":"way/466879317/road","properties":{"osm_id":"466879317","name":null,"kind":"road","highway":"service","surface":null,"lanes":null},"geometry":{"type":"LineString","coordinates":[[71.4295354,51.1325039],[71.4293656,51.1325205],[71.4291104,51.132556],[71.4293638,51.1331846],[71.4294064,51.1332027],[71.429455,51.1332234],[71.429639,51.1332211]]}},{"type":"Feature","id":"way/467062085/road","properties":{"osm_id":"467062085","name":"Достық көшесі","kind":"road","highway":"tertiary","surface":null,"lanes":null},"geometry":{"type":"LineString","coordinates":[[71.4389252,51.1244653],[71.4393609,51.1243971],[71.4397562,51.1243356],[71.4403919,51.1242367],[71.441008,51.1241408]]}},{"type":"Feature","id":"way/477114789/road","properties":{"osm_id":"477114789","name":null,"kind":"road","highway":"secondary_link","surface":null,"lanes":null},"geometry":{"type":"LineString","coordinates":[[71.4351703,51.1332189],[71.4350192,51.1333353],[71.4348834,51.1334563],[71.4348564,51.1334973],[71.434797,51.1335875],[71.4346835,51.1338423]]}},{"type":"Feature","id":"way/477114790/road","properties":{"osm_id":"477114790","name":"Сарайшық көшесі","kind":"road","highway":"secondary","surface":"asphalt","lanes":null},"geometry":{"type":"LineString","coordinates":[[71.4344718,51.1333338],[71.4341895,51.1333792],[71.4338066,51.1334446],[71.4316473,51.1338129],[71.4311813,51.1338924],[71.4311292,51.1339013],[71.4307973,51.133961]]}},{"type":"Feature","id":"way/477114791/road","properties":{"osm_id":"477114791","name":"Арай көшесі","kind":"road","highway":"tertiary","surface":null,"lanes":4.0},"geometry":{"type":"LineString","coordinates":[[71.4349639,51.1344416],[71.4346835,51.1338423]]}},{"type":"Feature","id":"way/477114792/road","properties":{"osm_id":"477114792","name":null,"kind":"road","highway":"secondary_link","surface":null,"lanes":null},"geometry":{"type":"LineString","coordinates":[[71.4346835,51.1338423],[71.434409,51.1336163],[71.4343135,51.1335715],[71.4342243,51.1335454],[71.4340536,51.1334953],[71.4338066,51.1334446]]}},{"type":"Feature","id":"way/477115046/road","properties":{"osm_id":"477115046","name":null,"kind":"road","highway":"secondary_link","surface":"asphalt","lanes":null},"geometry":{"type":"LineString","coordinates":[[71.4329129,51.1226752],[71.4327858,51.1226599],[71.4327219,51.1226292],[71.4327037,51.1225841],[71.4327242,51.1225406],[71.4327891,51.1224972]]}},{"type":"Feature","id":"way/479914791/road","properties":{"osm_id":"479914791","name":null,"kind":"road","highway":"footway","surface":null,"lanes":null},"geometry":{"type":"LineString","coordinates":[[71.4388249,51.1354342],[71.4389362,51.1354687],[71.4390526,51.1355007]]}},{"type":"Feature","id":"way/479914792/road","properties":{"osm_id":"479914792","name":null,"kind":"road","highway":"footway","surface":null,"lanes":null},"geometry":{"type":"LineString","coordinates":[[71.4387302,51.1342103],[71.4387518,51.1342392],[71.4387699,51.1342577],[71.4388061,51.1343562],[71.4388423,51.1344639],[71.4388611,51.1345691],[71.438904,51.1346861],[71.438955,51.1348199],[71.4390026,51.1349591],[71.4390234,51.1350496],[71.4390234,51.135159],[71.4390046,51.1352667],[71.4389643,51.1353483],[71.4388852,51.1354131],[71.4388249,51.1354342],[71.4387913,51.135446],[71.4386236,51.1354896]]}},{"type":"Feature","id":"way/479914793/road","properties":{"osm_id":"479914793","name":null,"kind":"road","highway":"footway","surface":null,"lanes":null},"geometry":{"type":"LineString","coordinates":[[71.4397883,51.1357672],[71.4397909,51.1356369],[71.4398133,51.1355764],[71.4398468,51.1355242],[71.4399098,51.1354729],[71.4400252,51.1354072],[71.440107,51.1353837],[71.4402599,51.1353643],[71.4404194,51.1353475],[71.4405564,51.1353267]]}},{"type":"Feature","id":"way/479914794/road","properties":{"osm_id":"479914794","name":null,"kind":"road","highway":"footway","surface":null,"lanes":null},"geometry":{"type":"LineString","coordinates":[[71.4399972,51.1358753],[71.4402773,51.1358107],[71.4404181,51.1357952],[71.4404898,51.1357928],[71.4405294,51.1358011],[71.4407065,51.135838],[71.4410903,51.136014]]}},{"type":"Feature","id":"way/479914795/road","properties":{"osm_id":"479914795","name":null,"kind":"road","highway":"footway","surface":null,"lanes":null},"geometry":{"type":"LineString","coordinates":[[71.4384603,51.1350969],[71.4386773,51.1350976],[71.4387538,51.1350896],[71.4388168,51.135066],[71.4390026,51.1349591],[71.4391166,51.1349078],[71.4392078,51.1348783],[71.4393164,51.1348624],[71.4394317,51.1348657],[71.4395792,51.1348943],[71.4398206,51.1349583],[71.4401224,51.1350382],[71.4402753,51.1350879],[71.4403384,51.1351116],[71.4403893,51.1351308],[71.4404429,51.1351754],[71.44051,51.1352562],[71.4405564,51.1353267],[71.4405797,51.1353622],[71.4406454,51.135438],[71.4406642,51.1354567],[71.4406941,51.1354809],[71.4407152,51.1354994],[71.4407929,51.1355617],[71.4408895,51.1355995],[71.4409512,51.1356542],[71.4409914,51.135756],[71.4410598,51.1359403],[71.4410814,51.1359924],[71.4410903,51.136014],[71.4411295,51.1361086],[71.4408138,51.1361478],[71.4403786,51.1362019],[71.4403563,51.1362047],[71.4399775,51.1362517],[71.4398659,51.1362837],[71.4397851,51.1363638]]}},{"type":"Feature","id":"way/479914796/road","properties":{"osm_id":"479914796","name":null,"kind":"road","highway":"footway","surface":null,"lanes":null},"geometry":{"type":"LineString","coordinates":[[71.4360857,51.1350294],[71.4361433,51.1349983],[71.436266,51.1349566],[71.4363037,51.1349519],[71.4363539,51.1349457],[71.4365282,51.1349351],[71.4366617,51.1349309],[71.4367857,51.1349208],[71.4369741,51.1348851],[71.4371391,51.1348569],[71.4372692,51.1348354],[71.4373778,51.1348273],[71.4374366,51.1348195],[71.437703,51.1348131],[71.4377902,51.1348123],[71.4378827,51.1347971],[71.4380189,51.1347512]]}},{"type":"Feature","id":"way/479914797/road","properties":{"osm_id":"479914797","name":null,"kind":"road","highway":"footway","surface":null,"lanes":null},"geometry":{"type":"LineString","coordinates":[[71.4362785,51.1353987],[71.4363588,51.1353864],[71.4364022,51.1353797],[71.4364592,51.1353618],[71.4365772,51.1353391],[71.4366603,51.1353323],[71.4367287,51.1353197],[71.4368306,51.1352827],[71.4369741,51.1352415],[71.4372813,51.1351598],[71.4374006,51.1351321],[71.4374436,51.1351244],[71.4375911,51.1350715],[71.4377292,51.1351253],[71.4378164,51.135143],[71.4379871,51.1351434]]}},{"type":"Feature","id":"way/479914798/road","properties":{"osm_id":"479914798","name":null,"kind":"road","highway":"footway","surface":null,"lanes":null},"geometry":{"type":"LineString","coordinates":[[71.437376,51.1345825],[71.4374099,51.1346366],[71.4374289,51.1346808],[71.4374355,51.1346962],[71.4374284,51.1347509],[71.4374366,51.1348195],[71.4374151,51.1349449],[71.4374436,51.1351244],[71.437487,51.1352099],[71.4375542,51.135322],[71.437661,51.1353925],[71.4378108,51.1354376],[71.4378957,51.1354932],[71.437949,51.1355645],[71.4379395,51.1356123],[71.4380739,51.135674],[71.4381329,51.1358742],[71.4381679,51.1361175]]}},{"type":"Feature","id":"way/479914799/road","properties":{"osm_id":"479914799","name":null,"kind":"road","highway":"footway","surface":null,"lanes":null},"geometry":{"type":"LineString","coordinates":[[71.4384682,51.1355492],[71.438408,51.1355558],[71.438149,51.1355844],[71.4379395,51.1356123],[71.4377889,51.1356185],[71.4376078,51.1356113],[71.4374462,51.1356008],[71.4373094,51.1355966],[71.4371673,51.1356012],[71.4370466,51.1356172],[71.4368689,51.1356576],[71.4367804,51.13569],[71.4367348,51.13573],[71.4366959,51.1358019],[71.4366757,51.1358928],[71.4366583,51.1359715],[71.4366348,51.1360964],[71.4366281,51.1361579]]}},{"type":"Feature","id":"way/479914800/road","properties":{"osm_id":"479914800","name":null,"kind":"road","highway":"footway","surface":null,"lanes":null},"geometry":{"type":"LineString","coordinates":[[71.4376477,51.1360293],[71.4378029,51.1359433],[71.4381329,51.1358742],[71.4381617,51.1358776],[71.4385,51.1358175]]}},{"type":"Feature","id":"way/479914801/road","properties":{"osm_id":"479914801","name":null,"kind":"road","highway":"footway","surface":null,"lanes":null},"geometry":{"type":"LineString","coordinates":[[71.4357216,51.1365123],[71.4364278,51.13622],[71.4365089,51.1362009],[71.4365442,51.1361827],[71.4366281,51.1361579],[71.4366905,51.1361532],[71.4369916,51.1360994],[71.4371337,51.1360716],[71.4372316,51.136043],[71.4373094,51.1360114],[71.4373865,51.1359462],[71.437609,51.1360291]]}},{"type":"Feature","id":"way/481533342/road","properties":{"osm_id":"481533342","name":"Арай көшесі","kind":"road","highway":"tertiary","surface":null,"lanes":4.0},"geometry":{"type":"LineString","coordinates":[[71.4343546,51.138486],[71.4343892,51.1384395],[71.4345593,51.1381995],[71.4348261,51.1377873],[71.434855,51.1377423]]}},{"type":"Feature","id":"way/486561786","properties":{"osm_id":"486561786","name":null,"kind":"building","building":"commercial","height_m":382.0,"height_source":"osm:height","levels":75.0},"geometry":{"type":"Polygon","coordinates":[[[71.4280287,51.1226971],[71.4279804,51.1225798],[71.4278839,51.1223452],[71.4278356,51.1222279],[71.4283481,51.1221448],[71.4283964,51.1222621],[71.4284929,51.1224968],[71.4285412,51.1226141],[71.4280287,51.1226971]]]}},{"type":"Feature","id":"way/486561787","properties":{"osm_id":"486561787","name":null,"kind":"building","building":"commercial","height_m":12.0,"height_source":"visual-fallback:12m","levels":null},"geometry":{"type":"Polygon","coordinates":[[[71.4295886,51.1224443],[71.4293496,51.1218633],[71.4290631,51.1219098],[71.4287765,51.1219562],[71.4290156,51.1225372],[71.4292964,51.1224917],[71.4295886,51.1224443]]]}},{"type":"Feature","id":"way/486561788","properties":{"osm_id":"486561788","name":"Sheraton Astana","kind":"building","building":"hotel","height_m":36.0,"height_source":"osm:building:levels×3m","levels":12.0},"geometry":{"type":"Polygon","coordinates":[[[71.4269972,51.1228643],[71.4267493,51.1222701],[71.426591,51.1218795],[71.4270138,51.1218179],[71.4271741,51.1222063],[71.4274143,51.1227967],[71.4269972,51.1228643]]]}},{"type":"Feature","id":"way/486561789","properties":{"osm_id":"486561789","name":null,"kind":"building","building":"commercial","height_m":42.0,"height_source":"osm:building:levels×3m","levels":14.0},"geometry":{"type":"Polygon","coordinates":[[[71.4265148,51.1216919],[71.4264046,51.121424],[71.4272943,51.1212798],[71.4274045,51.1215477],[71.4265148,51.1216919]]]}},{"type":"Feature","id":"way/486561790","properties":{"osm_id":"486561790","name":null,"kind":"building","building":"commercial","height_m":12.0,"height_source":"visual-fallback:12m","levels":null},"geometry":{"type":"Polygon","coordinates":[[[71.4290904,51.1212334],[71.429055,51.1211473],[71.4290314,51.12109],[71.428996,51.1210039],[71.4281142,51.1211469],[71.4281496,51.121233],[71.4281732,51.1212903],[71.4282086,51.1213764],[71.4290904,51.1212334]]]}},{"type":"Feature","id":"way/486563226/road","properties":{"osm_id":"486563226","name":"Ақмешіт көшесі","kind":"road","highway":"secondary","surface":"asphalt","lanes":4.0},"geometry":{"type":"LineString","coordinates":[[71.4284316,51.1280767],[71.4281891,51.1274503]]}},{"type":"Feature","id":"way/486563227/road","properties":{"osm_id":"486563227","name":"Ақмешіт көшесі","kind":"road","highway":"secondary","surface":"asphalt","lanes":4.0},"geometry":{"type":"LineString","coordinates":[[71.4294428,51.1305167],[71.4288717,51.1291386]]}},{"type":"Feature","id":"way/491530916","properties":{"osm_id":"491530916","name":null,"kind":"building","building":"apartments","height_m":60.0,"height_source":"osm:building:levels×3m","levels":20.0},"geometry":{"type":"Polygon","coordinates":[[[71.425892,51.135432],[71.4258645,51.1353674],[71.4259028,51.135361],[71.4258591,51.1352584],[71.4255082,51.1353174],[71.4255155,51.1353346],[71.4253928,51.1353552],[71.425425,51.1354307],[71.4253898,51.1354366],[71.4255563,51.1358269],[71.4256276,51.1358149],[71.4256124,51.1357793],[71.425842,51.1357408],[71.4258144,51.135676],[71.4258611,51.1356681],[71.425858,51.1356608],[71.4260922,51.1356215],[71.4260779,51.1355879],[71.4261375,51.1355779],[71.4260751,51.1354318],[71.4260136,51.1354421],[71.4260014,51.1354136],[71.425892,51.135432]]]}},{"type":"Feature","id":"way/491530917","properties":{"osm_id":"491530917","name":null,"kind":"building","building":"apartments","height_m":60.0,"height_source":"osm:building:levels×3m","levels":20.0},"geometry":{"type":"Polygon","coordinates":[[[71.4256316,51.1360111],[71.4256918,51.1360009],[71.4257043,51.1360301],[71.4259202,51.1359935],[71.4259076,51.1359644],[71.4259667,51.1359543],[71.4259065,51.1358145],[71.4258477,51.1358244],[71.4258346,51.135794],[71.4256331,51.1358282],[71.4256489,51.1358649],[71.4255741,51.1358775],[71.4256316,51.1360111]]]}},{"type":"Feature","id":"way/493576724/road","properties":{"osm_id":"493576724","name":"Ақмешіт көшесі","kind":"road","highway":"secondary","surface":"asphalt","lanes":4.0},"geometry":{"type":"LineString","coordinates":[[71.425861,51.1214866],[71.425793,51.1213134],[71.4256403,51.1209243],[71.4255044,51.120578]]}},{"type":"Feature","id":"way/498820160/road","properties":{"osm_id":"498820160","name":null,"kind":"road","highway":"service","surface":null,"lanes":null},"geometry":{"type":"LineString","coordinates":[[71.4303506,51.1401602],[71.4306794,51.1395986]]}},{"type":"Feature","id":"way/498820161","properties":{"osm_id":"498820161","name":null,"kind":"building","building":"yes","height_m":3.0,"height_source":"osm:building:levels×3m","levels":1.0},"geometry":{"type":"Polygon","coordinates":[[[71.4303804,51.139718],[71.4304325,51.139615],[71.4302822,51.139585],[71.43023,51.139688],[71.4303804,51.139718]]]}},{"type":"Feature","id":"way/498820162","properties":{"osm_id":"498820162","name":null,"kind":"building","building":"yes","height_m":3.0,"height_source":"osm:building:levels×3m","levels":1.0},"geometry":{"type":"Polygon","coordinates":[[[71.4302747,51.139886],[71.4303254,51.1397859],[71.4301811,51.1397571],[71.4301305,51.1398572],[71.4302747,51.139886]]]}},{"type":"Feature","id":"way/498820163","properties":{"osm_id":"498820163","name":null,"kind":"building","building":"apartments","height_m":3.0,"height_source":"osm:building:levels×3m","levels":1.0},"geometry":{"type":"Polygon","coordinates":[[[71.43082,51.1371128],[71.4311317,51.1370054],[71.430964,51.1368138],[71.4306523,51.1369213],[71.43082,51.1371128]]]}},{"type":"Feature","id":"way/498820166","properties":{"osm_id":"498820166","name":null,"kind":"building","building":"yes","height_m":3.0,"height_source":"osm:building:levels×3m","levels":1.0},"geometry":{"type":"Polygon","coordinates":[[[71.4301336,51.1387622],[71.4302903,51.1387591],[71.4302857,51.1386664],[71.430129,51.1386695],[71.4301336,51.1387622]]]}},{"type":"Feature","id":"way/498820167","properties":{"osm_id":"498820167","name":null,"kind":"building","building":"yes","height_m":3.0,"height_source":"osm:building:levels×3m","levels":1.0},"geometry":{"type":"Polygon","coordinates":[[[71.4308123,51.1386422],[71.4308243,51.1385334],[71.4306821,51.1385272],[71.43067,51.138636],[71.4308123,51.1386422]]]}},{"type":"Feature","id":"way/498832728/road","properties":{"osm_id":"498832728","name":null,"kind":"road","highway":"residential","surface":null,"lanes":null},"geometry":{"type":"LineString","coordinates":[[71.4267459,51.1331004],[71.4260254,51.1332149],[71.4259097,51.1332331],[71.425293,51.1333306],[71.4252344,51.1333399],[71.4251292,51.1333562],[71.4244998,51.1334537],[71.4243945,51.13347],[71.4236883,51.1335852],[71.4229744,51.1336985],[71.4228706,51.133715],[71.4221747,51.1338254]]}},{"type":"Feature","id":"way/500465265/road","properties":{"osm_id":"500465265","name":null,"kind":"road","highway":"service","surface":null,"lanes":null},"geometry":{"type":"LineString","coordinates":[[71.4354938,51.1333642],[71.4356482,51.1333361],[71.436204,51.1332471],[71.4371935,51.1330968]]}},{"type":"Feature","id":"way/500465266","properties":{"osm_id":"500465266","name":null,"kind":"building","building":"yes","height_m":3.0,"height_source":"osm:building:levels×3m","levels":1.0},"geometry":{"type":"Polygon","coordinates":[[[71.4357166,51.133464],[71.4362,51.133391],[71.4361699,51.1333125],[71.4356865,51.1333855],[71.4357166,51.133464]]]}},{"type":"Feature","id":"way/502388840","properties":{"osm_id":"502388840","name":"ЖК Лазурный квартал","kind":"building","building":"apartments","height_m":42.0,"height_source":"osm:building:levels×3m","levels":14.0},"geometry":{"type":"Polygon","coordinates":[[[71.4260785,51.1352798],[71.4261274,51.1353938],[71.4286021,51.1349758],[71.4285532,51.1348618],[71.4260785,51.1352798]]]}},{"type":"Feature","id":"way/506032136/road","properties":{"osm_id":"506032136","name":null,"kind":"road","highway":"service","surface":null,"lanes":null},"geometry":{"type":"LineString","coordinates":[[71.4312767,51.1214516],[71.430054,51.1216671]]}},{"type":"Feature","id":"way/506032137/road","properties":{"osm_id":"506032137","name":null,"kind":"road","highway":"service","surface":null,"lanes":null},"geometry":{"type":"LineString","coordinates":[[71.4316523,51.1223549],[71.4303835,51.1225558],[71.4301783,51.1225879]]}},{"type":"Feature","id":"way/506049358/road","properties":{"osm_id":"506049358","name":null,"kind":"road","highway":"residential","surface":null,"lanes":null},"geometry":{"type":"LineString","coordinates":[[71.4275029,51.1329813],[71.4273864,51.1329996],[71.4267459,51.1331004]]}},{"type":"Feature","id":"way/506049359/road","properties":{"osm_id":"506049359","name":null,"kind":"road","highway":"residential","surface":null,"lanes":null},"geometry":{"type":"LineString","coordinates":[[71.4266081,51.1327543],[71.427363,51.1326313]]}},{"type":"Feature","id":"way/506049360","properties":{"osm_id":"506049360","name":null,"kind":"building","building":"yes","height_m":12.0,"height_source":"visual-fallback:12m","levels":null},"geometry":{"type":"Polygon","coordinates":[[[71.4277008,51.1322993],[71.427741,51.1322421],[71.4276874,51.1321899],[71.4275801,51.132195],[71.4275211,51.1322387],[71.4275613,51.1323061],[71.4277008,51.1322993]]]}},{"type":"Feature","id":"way/506049361/road","properties":{"osm_id":"506049361","name":null,"kind":"road","highway":"service","surface":null,"lanes":null},"geometry":{"type":"LineString","coordinates":[[71.4277399,51.1335744],[71.4278662,51.1335545],[71.4279187,51.1335459]]}},{"type":"Feature","id":"way/506049364/road","properties":{"osm_id":"506049364","name":null,"kind":"road","highway":"footway","surface":null,"lanes":null},"geometry":{"type":"LineString","coordinates":[[71.4313393,51.1307406],[71.4313861,51.1308545],[71.4314094,51.1309117],[71.4314715,51.131042],[71.4314785,51.1310588],[71.4315354,51.131204]]}},{"type":"Feature","id":"way/506049365/road","properties":{"osm_id":"506049365","name":null,"kind":"road","highway":"footway","surface":null,"lanes":null},"geometry":{"type":"LineString","coordinates":[[71.4315586,51.1307081],[71.4315977,51.1308174],[71.4316195,51.1308787],[71.4316697,51.1309888],[71.4316891,51.1310382],[71.431741,51.1311702]]}},{"type":"Feature","id":"way/507080968/road","properties":{"osm_id":"507080968","name":null,"kind":"road","highway":"service","surface":null,"lanes":null},"geometry":{"type":"LineString","coordinates":[[71.4193855,51.1201321],[71.419732,51.1202136],[71.4200024,51.1202886]]}},{"type":"Feature","id":"way/507843512/road","properties":{"osm_id":"507843512","name":null,"kind":"road","highway":"service","surface":null,"lanes":null},"geometry":{"type":"LineString","coordinates":[[71.4371704,51.1262659],[71.4355141,51.1265258],[71.4352995,51.126519],[71.4350501,51.126487],[71.4345083,51.1265763],[71.4343044,51.126716],[71.4327094,51.1269942],[71.4325427,51.1270233]]}},{"type":"Feature","id":"way/507843513/road","properties":{"osm_id":"507843513","name":null,"kind":"road","highway":"service","surface":null,"lanes":null},"geometry":{"type":"LineString","coordinates":[[71.4325427,51.1270233],[71.4323396,51.1270573]]}},{"type":"Feature","id":"way/507843514/road","properties":{"osm_id":"507843514","name":null,"kind":"road","highway":"service","surface":null,"lanes":null},"geometry":{"type":"LineString","coordinates":[[71.4319473,51.1271301],[71.4322609,51.1270719],[71.4323396,51.1270573]]}},{"type":"Feature","id":"way/507843515/road","properties":{"osm_id":"507843515","name":null,"kind":"road","highway":"service","surface":null,"lanes":null},"geometry":{"type":"LineString","coordinates":[[71.4282727,51.1291491],[71.4282604,51.1292367],[71.4282574,51.1292494],[71.4275949,51.1293546],[71.4275899,51.1293422],[71.4275477,51.1292531]]}},{"type":"Feature","id":"way/507843516/road","properties":{"osm_id":"507843516","name":null,"kind":"road","highway":"service","surface":null,"lanes":null},"geometry":{"type":"LineString","coordinates":[[71.4267697,51.1293647],[71.4267628,51.1294724],[71.4267607,51.1294859],[71.4260405,51.1295978],[71.4260334,51.1295873],[71.4259624,51.1294805]]}},{"type":"Feature","id":"way/507843517/road","properties":{"osm_id":"507843517","name":null,"kind":"road","highway":"footway","surface":null,"lanes":null},"geometry":{"type":"LineString","coordinates":[[71.4261904,51.1268554],[71.4265571,51.1268808],[71.4269793,51.1269028],[71.4274916,51.1265224],[71.4275089,51.1264655]]}},{"type":"Feature","id":"way/507843518/road","properties":{"osm_id":"507843518","name":null,"kind":"road","highway":"footway","surface":null,"lanes":null},"geometry":{"type":"LineString","coordinates":[[71.4294911,51.1259411],[71.4294566,51.1258484],[71.4293532,51.1255702],[71.4293023,51.1254334],[71.4292521,51.1252985],[71.4291918,51.1251362]]}},{"type":"Feature","id":"way/507843519/road","properties":{"osm_id":"507843519","name":null,"kind":"road","highway":"service","surface":null,"lanes":null},"geometry":{"type":"LineString","coordinates":[[71.4281891,51.1274503],[71.4279717,51.1274875],[71.4269525,51.1276536],[71.4266548,51.1269836]]}},{"type":"Feature","id":"way/507843520/road","properties":{"osm_id":"507843520","name":null,"kind":"road","highway":"footway","surface":null,"lanes":null},"geometry":{"type":"LineString","coordinates":[[71.4274644,51.1271578],[71.4278147,51.1270891]]}},{"type":"Feature","id":"way/507843521/road","properties":{"osm_id":"507843521","name":null,"kind":"road","highway":"footway","surface":null,"lanes":null},"geometry":{"type":"LineString","coordinates":[[71.4305221,51.1284376],[71.4305604,51.1285238],[71.4306128,51.1286462]]}},{"type":"Feature","id":"way/507843522/road","properties":{"osm_id":"507843522","name":null,"kind":"road","highway":"footway","surface":null,"lanes":null},"geometry":{"type":"LineString","coordinates":[[71.4303987,51.1281267],[71.4303714,51.1280529],[71.430317,51.1279139]]}},{"type":"Feature","id":"way/507843609/road","properties":{"osm_id":"507843609","name":null,"kind":"road","highway":"footway","surface":null,"lanes":null},"geometry":{"type":"LineString","coordinates":[[71.42802,51.1276101],[71.4278897,51.1276303],[71.4276515,51.1276652],[71.4275302,51.1278746],[71.4275023,51.1279229],[71.4273038,51.1280997],[71.4272768,51.1281625],[71.4272534,51.1282171]]}},{"type":"Feature","id":"way/507845078","properties":{"osm_id":"507845078","name":null,"kind":"building","building":"yes","height_m":3.0,"height_source":"osm:building:levels×3m","levels":1.0},"geometry":{"type":"Polygon","coordinates":[[[71.4237714,51.1227633],[71.4239752,51.1227263],[71.4239404,51.1226438],[71.4237311,51.1226858],[71.4237714,51.1227633]]]}},{"type":"Feature","id":"way/507845080/road","properties":{"osm_id":"507845080","name":null,"kind":"road","highway":"service","surface":null,"lanes":null},"geometry":{"type":"LineString","coordinates":[[71.424647,51.1235981],[71.4261183,51.123366]]}},{"type":"Feature","id":"way/507845081/road","properties":{"osm_id":"507845081","name":null,"kind":"road","highway":"service","surface":null,"lanes":null},"geometry":{"type":"LineString","coordinates":[[71.4248081,51.1225075],[71.4250508,51.1231252],[71.4256811,51.1230158],[71.4254324,51.1224115],[71.4252788,51.1220057],[71.4246431,51.1221101],[71.4248081,51.1225075]]}},{"type":"Feature","id":"way/507845083","properties":{"osm_id":"507845083","name":null,"kind":"building","building":"yes","height_m":12.0,"height_source":"visual-fallback:12m","levels":null},"geometry":{"type":"Polygon","coordinates":[[[71.4250964,51.1226471],[71.4253485,51.1226034],[71.4253163,51.1225124],[71.4250615,51.1225545],[71.4250964,51.1226471]]]}},{"type":"Feature","id":"way/507845084/road","properties":{"osm_id":"507845084","name":null,"kind":"road","highway":"service","surface":null,"lanes":null},"geometry":{"type":"LineString","coordinates":[[71.4242753,51.1225894],[71.4248081,51.1225075],[71.4254324,51.1224115],[71.4255401,51.1223949],[71.425893,51.1223407],[71.4261726,51.12229]]}},{"type":"Feature","id":"way/507845086/road","properties":{"osm_id":"507845086","name":null,"kind":"road","highway":"residential","surface":null,"lanes":null},"geometry":{"type":"LineString","coordinates":[[71.4246958,51.1237377],[71.424647,51.1235981],[71.4246118,51.1235027],[71.4242753,51.1225894],[71.4240003,51.1218493],[71.4240043,51.1218193],[71.4240289,51.1217919],[71.4240898,51.1217767],[71.4255741,51.1215368],[71.425861,51.1214866]]}},{"type":"Feature","id":"way/507845087/road","properties":{"osm_id":"507845087","name":null,"kind":"road","highway":"service","surface":null,"lanes":null},"geometry":{"type":"LineString","coordinates":[[71.421749,51.1217212],[71.421859,51.121701],[71.4217141,51.1214451]]}},{"type":"Feature","id":"way/507942430/road","properties":{"osm_id":"507942430","name":null,"kind":"road","highway":"service","surface":null,"lanes":null},"geometry":{"type":"LineString","coordinates":[[71.441008,51.1241408],[71.4409791,51.1240795],[71.4409177,51.123929],[71.4408689,51.1238079],[71.4408487,51.1237575],[71.4407864,51.1236027],[71.4406832,51.1233458],[71.4401173,51.1219284],[71.4401006,51.1218814],[71.4400286,51.121717],[71.4400181,51.1216907],[71.4399736,51.1215801]]}},{"type":"Feature","id":"way/507950355/road","properties":{"osm_id":"507950355","name":null,"kind":"road","highway":"service","surface":null,"lanes":null},"geometry":{"type":"LineString","coordinates":[[71.4374721,51.132571],[71.4374478,51.1325137],[71.437127,51.1317564]]}},{"type":"Feature","id":"way/509472834/road","properties":{"osm_id":"509472834","name":null,"kind":"road","highway":"service","surface":"asphalt","lanes":null},"geometry":{"type":"LineString","coordinates":[[71.4201505,51.1273989],[71.4201144,51.1273053],[71.4200645,51.1271938],[71.4199975,51.1271393],[71.4199223,51.1271207],[71.4194948,51.1272054],[71.4191191,51.1272572],[71.419062,51.1272612],[71.4190306,51.1272462],[71.4189367,51.1270501],[71.4188971,51.12704],[71.418851,51.1270419],[71.4183525,51.12712],[71.4181485,51.1271525],[71.4179104,51.1271903]]}},{"type":"Feature","id":"way/512314811/road","properties":{"osm_id":"512314811","name":null,"kind":"road","highway":"footway","surface":null,"lanes":null},"geometry":{"type":"LineString","coordinates":[[71.4399967,51.1294612],[71.4401275,51.1294402]]}},{"type":"Feature","id":"way/512314813/road","properties":{"osm_id":"512314813","name":null,"kind":"road","highway":"footway","surface":null,"lanes":null},"geometry":{"type":"LineString","coordinates":[[71.4397301,51.1293849],[71.4399507,51.12935]]}},{"type":"Feature","id":"way/512314817/road","properties":{"osm_id":"512314817","name":null,"kind":"road","highway":"footway","surface":null,"lanes":null},"geometry":{"type":"LineString","coordinates":[[71.4399507,51.12935],[71.4399967,51.1294612],[71.4400479,51.1295884],[71.4400986,51.1297112],[71.440152,51.1298405],[71.440156,51.1298501],[71.4402354,51.1300529],[71.4402558,51.1301055],[71.4403456,51.1303325],[71.4403912,51.13045],[71.4404029,51.1304808],[71.4404474,51.1306099],[71.4404947,51.1307324],[71.4406272,51.1307118],[71.4407949,51.1306796],[71.4410947,51.1308432],[71.4413623,51.1309922],[71.4414473,51.131038],[71.4415635,51.1310988],[71.441684,51.1311553],[71.4417678,51.1311944],[71.4419814,51.1312978],[71.4421731,51.1311386],[71.442212,51.1311082],[71.4423109,51.1310264]]}},{"type":"Feature","id":"way/512314819/road","properties":{"osm_id":"512314819","name":null,"kind":"road","highway":"footway","surface":null,"lanes":null},"geometry":{"type":"LineString","coordinates":[[71.4399507,51.12935],[71.4400822,51.1293286]]}},{"type":"Feature","id":"way/512314869/road","properties":{"osm_id":"512314869","name":null,"kind":"road","highway":"service","surface":null,"lanes":null},"geometry":{"type":"LineString","coordinates":[[71.4389301,51.1280218],[71.4390111,51.1280067],[71.4390126,51.1280018],[71.4392104,51.1279753]]}},{"type":"Feature","id":"way/512314870/road","properties":{"osm_id":"512314870","name":null,"kind":"road","highway":"service","surface":null,"lanes":null},"geometry":{"type":"LineString","coordinates":[[71.4402434,51.1292277],[71.4401907,51.1291765],[71.4401482,51.1291315],[71.4401163,51.1291019],[71.4400473,51.1290328],[71.4398149,51.1288001],[71.4397453,51.1287303]]}},{"type":"Feature","id":"way/512314872/road","properties":{"osm_id":"512314872","name":null,"kind":"road","highway":"footway","surface":null,"lanes":null},"geometry":{"type":"LineString","coordinates":[[71.4393353,51.1288394],[71.4397453,51.1287303]]}},{"type":"Feature","id":"way/512314874/road","properties":{"osm_id":"512314874","name":null,"kind":"road","highway":"footway","surface":null,"lanes":null},"geometry":{"type":"LineString","coordinates":[[71.4398141,51.1265816],[71.4397154,51.1265971],[71.4393111,51.1266643],[71.4393268,51.1267043],[71.4393478,51.1267623],[71.4394945,51.1267399]]}},{"type":"Feature","id":"way/512314876/road","properties":{"osm_id":"512314876","name":null,"kind":"road","highway":"footway","surface":null,"lanes":null},"geometry":{"type":"LineString","coordinates":[[71.4395806,51.1269653],[71.4394372,51.126985],[71.4394646,51.1270552],[71.4394945,51.1271303],[71.4398971,51.1270714],[71.4400042,51.1270554]]}},{"type":"Feature","id":"way/512314881/road","properties":{"osm_id":"512314881","name":null,"kind":"road","highway":"footway","surface":null,"lanes":null},"geometry":{"type":"LineString","coordinates":[[71.4394646,51.1270552],[71.4393421,51.1270718],[71.4392983,51.1269521],[71.4392658,51.1268622],[71.4392128,51.1267223],[71.4393268,51.1267043]]}},{"type":"Feature","id":"way/512314883/road","properties":{"osm_id":"512314883","name":null,"kind":"road","highway":"footway","surface":null,"lanes":null},"geometry":{"type":"LineString","coordinates":[[71.4392658,51.1268622],[71.4391475,51.1268792],[71.4391648,51.1269262],[71.4391806,51.1269704],[71.4392983,51.1269521]]}},{"type":"Feature","id":"way/512314884/road","properties":{"osm_id":"512314884","name":null,"kind":"road","highway":"footway","surface":null,"lanes":null},"geometry":{"type":"LineString","coordinates":[[71.4391648,51.1269262],[71.4387945,51.1269752]]}},{"type":"Feature","id":"way/512533716/road","properties":{"osm_id":"512533716","name":null,"kind":"road","highway":"service","surface":null,"lanes":null},"geometry":{"type":"LineString","coordinates":[[71.4403164,51.1230171],[71.4400247,51.1235768],[71.4399237,51.1238076],[71.4398395,51.124042],[71.4398174,51.1241309],[71.4397775,51.1242698],[71.4397562,51.1243356]]}},{"type":"Feature","id":"way/512533719/road","properties":{"osm_id":"512533719","name":null,"kind":"road","highway":"service","surface":null,"lanes":null},"geometry":{"type":"LineString","coordinates":[[71.4395194,51.1219561],[71.4395817,51.1221078],[71.4395746,51.122125],[71.4395535,51.1221378],[71.4391574,51.1221905]]}},{"type":"Feature","id":"way/512533720/road","properties":{"osm_id":"512533720","name":null,"kind":"road","highway":"footway","surface":null,"lanes":null},"geometry":{"type":"LineString","coordinates":[[71.4376912,51.1245116],[71.4377573,51.1244761],[71.4378725,51.124459],[71.4376492,51.1238447],[71.4373999,51.1232045],[71.4375386,51.1231728],[71.4376566,51.1231439],[71.4378309,51.1230866],[71.4378431,51.1230774],[71.4379191,51.1228959],[71.4379748,51.1227975],[71.4380152,51.1227483],[71.4380646,51.1226801],[71.4381247,51.1225971],[71.4382073,51.1225089],[71.4382754,51.1224363],[71.4383672,51.1223139],[71.4384149,51.1222503]]}},{"type":"Feature","id":"way/512533723/road","properties":{"osm_id":"512533723","name":null,"kind":"road","highway":"footway","surface":null,"lanes":null},"geometry":{"type":"LineString","coordinates":[[71.4409791,51.1240795],[71.4410866,51.124064],[71.4407836,51.1233196],[71.440209,51.1218981],[71.4401645,51.1217913],[71.4401271,51.121699],[71.4400286,51.121717],[71.4399397,51.121738],[71.4400074,51.1218994],[71.4400263,51.1219397]]}},{"type":"Feature","id":"way/512533726/road","properties":{"osm_id":"512533726","name":null,"kind":"road","highway":"footway","surface":null,"lanes":null},"geometry":{"type":"LineString","coordinates":[[71.4378309,51.1230866],[71.4382347,51.1231688],[71.438303,51.1231827],[71.4384364,51.1232099],[71.4387923,51.1232824]]}},{"type":"Feature","id":"way/512533728/road","properties":{"osm_id":"512533728","name":null,"kind":"road","highway":"footway","surface":null,"lanes":null},"geometry":{"type":"LineString","coordinates":[[71.4375386,51.1231728],[71.4375804,51.123276],[71.4376392,51.1234256],[71.437705,51.1235933],[71.4377949,51.1238222],[71.4378868,51.1240563],[71.437943,51.1241996],[71.4379884,51.1243152],[71.4380363,51.1244371],[71.4380434,51.1244551],[71.4380851,51.1245613]]}},{"type":"Feature","id":"way/512533731/road","properties":{"osm_id":"512533731","name":null,"kind":"road","highway":"footway","surface":null,"lanes":null},"geometry":{"type":"LineString","coordinates":[[71.4378016,51.1245708],[71.4378736,51.1245904],[71.4380851,51.1245613],[71.4382233,51.1245447]]}},{"type":"Feature","id":"way/512533733/road","properties":{"osm_id":"512533733","name":null,"kind":"road","highway":"footway","surface":null,"lanes":null},"geometry":{"type":"LineString","coordinates":[[71.4375804,51.123276],[71.4377012,51.1232542]]}},{"type":"Feature","id":"way/512533735/road","properties":{"osm_id":"512533735","name":null,"kind":"road","highway":"footway","surface":null,"lanes":null},"geometry":{"type":"LineString","coordinates":[[71.4376392,51.1234256],[71.4377625,51.1234056]]}},{"type":"Feature","id":"way/512533737/road","properties":{"osm_id":"512533737","name":null,"kind":"road","highway":"footway","surface":null,"lanes":null},"geometry":{"type":"LineString","coordinates":[[71.437705,51.1235933],[71.4378297,51.1235718]]}},{"type":"Feature","id":"way/512533739/road","properties":{"osm_id":"512533739","name":null,"kind":"road","highway":"footway","surface":null,"lanes":null},"geometry":{"type":"LineString","coordinates":[[71.4378056,51.1235121],[71.4380544,51.1235447],[71.4386365,51.1236324]]}},{"type":"Feature","id":"way/512533742/road","properties":{"osm_id":"512533742","name":null,"kind":"road","highway":"footway","surface":null,"lanes":null},"geometry":{"type":"LineString","coordinates":[[71.4376492,51.1238447],[71.4377949,51.1238222],[71.4379242,51.1238055],[71.4379557,51.1237841]]}},{"type":"Feature","id":"way/512533744/road","properties":{"osm_id":"512533744","name":null,"kind":"road","highway":"footway","surface":null,"lanes":null},"geometry":{"type":"LineString","coordinates":[[71.4378868,51.1240563],[71.4380125,51.1240403]]}},{"type":"Feature","id":"way/512533745/road","properties":{"osm_id":"512533745","name":null,"kind":"road","highway":"footway","surface":null,"lanes":null},"geometry":{"type":"LineString","coordinates":[[71.437943,51.1241996],[71.438077,51.1241831]]}},{"type":"Feature","id":"way/512533746/road","properties":{"osm_id":"512533746","name":null,"kind":"road","highway":"footway","surface":null,"lanes":null},"geometry":{"type":"LineString","coordinates":[[71.4379884,51.1243152],[71.4381225,51.1242956]]}},{"type":"Feature","id":"way/512533747/road","properties":{"osm_id":"512533747","name":null,"kind":"road","highway":"footway","surface":null,"lanes":null},"geometry":{"type":"LineString","coordinates":[[71.4378725,51.124459],[71.4380363,51.1244371]]}},{"type":"Feature","id":"way/512533748/road","properties":{"osm_id":"512533748","name":null,"kind":"road","highway":"footway","surface":null,"lanes":null},"geometry":{"type":"LineString","coordinates":[[71.4380434,51.1244551],[71.4381811,51.1244405]]}},{"type":"Feature","id":"way/512533749/road","properties":{"osm_id":"512533749","name":null,"kind":"road","highway":"service","surface":null,"lanes":null},"geometry":{"type":"LineString","coordinates":[[71.4385187,51.1239642],[71.4383306,51.1239419],[71.4382431,51.1242628],[71.4383602,51.1242778]]}},{"type":"Feature","id":"way/512533750/road","properties":{"osm_id":"512533750","name":null,"kind":"road","highway":"footway","surface":null,"lanes":null},"geometry":{"type":"LineString","coordinates":[[71.4379458,51.12386],[71.4380352,51.1238686],[71.438149,51.1238813],[71.4382648,51.1238979],[71.4383667,51.1239122],[71.4385303,51.1239305]]}},{"type":"Feature","id":"way/512533751/road","properties":{"osm_id":"512533751","name":null,"kind":"road","highway":"footway","surface":null,"lanes":null},"geometry":{"type":"LineString","coordinates":[[71.4379557,51.1237841],[71.4380544,51.1235447],[71.4382347,51.1231688],[71.4383279,51.1229897],[71.4385011,51.1226892]]}},{"type":"Feature","id":"way/512533752/road","properties":{"osm_id":"512533752","name":null,"kind":"road","highway":"footway","surface":null,"lanes":null},"geometry":{"type":"LineString","coordinates":[[71.4379191,51.1228959],[71.4383279,51.1229897]]}},{"type":"Feature","id":"way/512533753/road","properties":{"osm_id":"512533753","name":null,"kind":"road","highway":"footway","surface":null,"lanes":null},"geometry":{"type":"LineString","coordinates":[[71.4383237,51.1233155],[71.4383024,51.1232677],[71.4382865,51.1232133],[71.438303,51.1231827],[71.4383107,51.1231685],[71.4385634,51.1227054]]}},{"type":"Feature","id":"way/512533754/road","properties":{"osm_id":"512533754","name":null,"kind":"road","highway":"footway","surface":null,"lanes":null},"geometry":{"type":"LineString","coordinates":[[71.4380152,51.1227483],[71.4380964,51.1227452],[71.4382077,51.1227755],[71.4382588,51.1227002],[71.438306,51.1226305],[71.438376,51.1225271],[71.4384219,51.1224594],[71.4382998,51.122419],[71.4382754,51.1224363]]}},{"type":"Feature","id":"way/512533756/road","properties":{"osm_id":"512533756","name":null,"kind":"road","highway":"footway","surface":null,"lanes":null},"geometry":{"type":"LineString","coordinates":[[71.4382998,51.122419],[71.438376,51.1225271],[71.438423,51.1226011],[71.4384496,51.1226431],[71.4383907,51.1226607],[71.4382588,51.1227002],[71.4380964,51.1227452]]}},{"type":"Feature","id":"way/512533761/road","properties":{"osm_id":"512533761","name":null,"kind":"road","highway":"footway","surface":null,"lanes":null},"geometry":{"type":"LineString","coordinates":[[71.439027,51.1228172],[71.438827,51.1227707],[71.4386872,51.1227374],[71.4385634,51.1227054],[71.4385011,51.1226892],[71.4383907,51.1226607]]}},{"type":"Feature","id":"way/512533763/road","properties":{"osm_id":"512533763","name":null,"kind":"road","highway":"footway","surface":null,"lanes":null},"geometry":{"type":"LineString","coordinates":[[71.438423,51.1226011],[71.4385218,51.1226228],[71.4386012,51.1226411],[71.4387262,51.1226692],[71.4388654,51.1227036],[71.4390626,51.1227488]]}},{"type":"Feature","id":"way/512533765/road","properties":{"osm_id":"512533765","name":null,"kind":"road","highway":"footway","surface":null,"lanes":null},"geometry":{"type":"LineString","coordinates":[[71.4385634,51.1227054],[71.4386012,51.1226411],[71.4387705,51.1223453]]}},{"type":"Feature","id":"way/512533767/road","properties":{"osm_id":"512533767","name":null,"kind":"road","highway":"footway","surface":null,"lanes":null},"geometry":{"type":"LineString","coordinates":[[71.4384364,51.1232099],[71.4386872,51.1227374],[71.4387262,51.1226692],[71.438902,51.1223744],[71.4390173,51.1222059]]}},{"type":"Feature","id":"way/512533771/road","properties":{"osm_id":"512533771","name":null,"kind":"road","highway":"footway","surface":null,"lanes":null},"geometry":{"type":"LineString","coordinates":[[71.438827,51.1227707],[71.4388654,51.1227036]]}},{"type":"Feature","id":"way/512533772/road","properties":{"osm_id":"512533772","name":null,"kind":"road","highway":"footway","surface":null,"lanes":null},"geometry":{"type":"LineString","coordinates":[[71.4385218,51.1226228],[71.4386991,51.122326]]}},{"type":"Feature","id":"way/512533774/road","properties":{"osm_id":"512533774","name":null,"kind":"road","highway":"footway","surface":null,"lanes":null},"geometry":{"type":"LineString","coordinates":[[71.4384149,51.1222503],[71.4386991,51.122326],[71.4387705,51.1223453],[71.438902,51.1223744]]}},{"type":"Feature","id":"way/512533776/road","properties":{"osm_id":"512533776","name":null,"kind":"road","highway":"footway","surface":null,"lanes":null},"geometry":{"type":"LineString","coordinates":[[71.4385571,51.1238591],[71.4383883,51.1238328],[71.4382868,51.1238229],[71.438167,51.1238106],[71.4380539,51.123797],[71.4379557,51.1237841]]}},{"type":"Feature","id":"way/512533778/road","properties":{"osm_id":"512533778","name":null,"kind":"road","highway":"footway","surface":null,"lanes":null},"geometry":{"type":"LineString","coordinates":[[71.4383667,51.1239122],[71.4383883,51.1238328]]}},{"type":"Feature","id":"way/512533780/road","properties":{"osm_id":"512533780","name":null,"kind":"road","highway":"footway","surface":null,"lanes":null},"geometry":{"type":"LineString","coordinates":[[71.4382648,51.1238979],[71.4382868,51.1238229]]}},{"type":"Feature","id":"way/512533781/road","properties":{"osm_id":"512533781","name":null,"kind":"road","highway":"footway","surface":null,"lanes":null},"geometry":{"type":"LineString","coordinates":[[71.438149,51.1238813],[71.438167,51.1238106]]}},{"type":"Feature","id":"way/512533783/road","properties":{"osm_id":"512533783","name":null,"kind":"road","highway":"footway","surface":null,"lanes":null},"geometry":{"type":"LineString","coordinates":[[71.4380352,51.1238686],[71.4380539,51.123797]]}},{"type":"Feature","id":"way/512533785/road","properties":{"osm_id":"512533785","name":null,"kind":"road","highway":"service","surface":null,"lanes":null},"geometry":{"type":"LineString","coordinates":[[71.4385708,51.1238135],[71.4383752,51.1237906],[71.438432,51.123637],[71.4386262,51.1236641]]}},{"type":"Feature","id":"way/512534933/road","properties":{"osm_id":"512534933","name":null,"kind":"road","highway":"footway","surface":null,"lanes":null},"geometry":{"type":"LineString","coordinates":[[71.4397775,51.1242698],[71.4401425,51.1242162],[71.4403954,51.124179],[71.4406247,51.1241453],[71.4408998,51.1241049],[71.4409177,51.1240743],[71.4409791,51.1240795]]}},{"type":"Feature","id":"way/512534935/road","properties":{"osm_id":"512534935","name":null,"kind":"road","highway":"footway","surface":null,"lanes":null},"geometry":{"type":"LineString","coordinates":[[71.4398174,51.1241309],[71.4401613,51.1241682]]}},{"type":"Feature","id":"way/512841835/road","properties":{"osm_id":"512841835","name":null,"kind":"road","highway":"service","surface":null,"lanes":null},"geometry":{"type":"LineString","coordinates":[[71.4218135,51.1300728],[71.4218373,51.1301309],[71.4223753,51.1316724],[71.4224206,51.1317982],[71.4224946,51.1319997]]}},{"type":"Feature","id":"way/513046060/road","properties":{"osm_id":"513046060","name":null,"kind":"road","highway":"footway","surface":null,"lanes":null},"geometry":{"type":"LineString","coordinates":[[71.4293168,51.1251163],[71.4293788,51.1252752],[71.4294322,51.1254123],[71.4294857,51.1255494],[71.4295936,51.1258264],[71.4296299,51.1259194]]}},{"type":"Feature","id":"way/513046061/road","properties":{"osm_id":"513046061","name":null,"kind":"road","highway":"footway","surface":null,"lanes":null},"geometry":{"type":"LineString","coordinates":[[71.4289347,51.125177],[71.428997,51.125337],[71.4290494,51.1254719],[71.4291028,51.1256091],[71.4293532,51.1255702],[71.4294857,51.1255494],[71.4297122,51.1255109],[71.4296636,51.1253737],[71.4296161,51.1252392],[71.429559,51.1250779]]}},{"type":"Feature","id":"way/513046062/road","properties":{"osm_id":"513046062","name":null,"kind":"road","highway":"footway","surface":null,"lanes":null},"geometry":{"type":"LineString","coordinates":[[71.428997,51.125337],[71.4292521,51.1252985],[71.4293788,51.1252752],[71.4296161,51.1252392]]}},{"type":"Feature","id":"way/513046063/road","properties":{"osm_id":"513046063","name":null,"kind":"road","highway":"footway","surface":null,"lanes":null},"geometry":{"type":"LineString","coordinates":[[71.4288197,51.1255512],[71.4288005,51.1255629],[71.4287762,51.12557],[71.4287496,51.1255717],[71.4287238,51.1255679],[71.4287014,51.1255592],[71.4286847,51.1255464],[71.4286754,51.1255308],[71.4286747,51.1255142],[71.4286825,51.1254984],[71.4286981,51.125485],[71.4287197,51.1254754],[71.4287327,51.1254731],[71.4287451,51.1254708],[71.4287715,51.1254715],[71.4287963,51.1254777],[71.4288167,51.1254886],[71.4288302,51.1255031],[71.4288354,51.1255196],[71.4288318,51.1255362],[71.4288197,51.1255512]]}},{"type":"Feature","id":"way/513046064/road","properties":{"osm_id":"513046064","name":null,"kind":"road","highway":"footway","surface":null,"lanes":null},"geometry":{"type":"LineString","coordinates":[[71.4288302,51.1255031],[71.4290494,51.1254719],[71.4293023,51.1254334],[71.4294322,51.1254123],[71.4296636,51.1253737],[71.4298876,51.1253386]]}},{"type":"Feature","id":"way/513046065/road","properties":{"osm_id":"513046065","name":null,"kind":"road","highway":"footway","surface":null,"lanes":null},"geometry":{"type":"LineString","coordinates":[[71.4287327,51.1254731],[71.428658,51.1252634]]}},{"type":"Feature","id":"way/513046066/road","properties":{"osm_id":"513046066","name":null,"kind":"road","highway":"footway","surface":null,"lanes":null},"geometry":{"type":"LineString","coordinates":[[71.4299347,51.1253769],[71.4299124,51.1253677],[71.4298962,51.1253544],[71.4298876,51.1253386],[71.4298877,51.1253218],[71.4298964,51.1253059],[71.429913,51.1252927],[71.4299354,51.1252836],[71.4299502,51.1252813],[71.4299614,51.1252796],[71.4299881,51.1252811],[71.4300125,51.1252879],[71.430032,51.1252994],[71.4300446,51.1253142],[71.4300488,51.1253308],[71.4300441,51.1253473],[71.4300313,51.1253619],[71.4300115,51.1253732],[71.4299871,51.1253798],[71.4299605,51.1253811],[71.4299347,51.1253769]]}},{"type":"Feature","id":"way/513046067/road","properties":{"osm_id":"513046067","name":null,"kind":"road","highway":"footway","surface":null,"lanes":null},"geometry":{"type":"LineString","coordinates":[[71.4299502,51.1252813],[71.4298575,51.1250516]]}},{"type":"Feature","id":"way/513046068/road","properties":{"osm_id":"513046068","name":null,"kind":"road","highway":"footway","surface":"paving_stones","lanes":null},"geometry":{"type":"LineString","coordinates":[[71.4309501,51.1256084],[71.4309374,51.1255722],[71.4307638,51.1250775],[71.4307496,51.125037],[71.4303919,51.1241492],[71.4303703,51.1240957]]}},{"type":"Feature","id":"way/513046070/road","properties":{"osm_id":"513046070","name":"Мәңгілік Ел даңғылы","kind":"road","highway":"secondary","surface":"asphalt","lanes":null},"geometry":{"type":"LineString","coordinates":[[71.4375894,51.1247571],[71.4376508,51.1249065],[71.4380436,51.1258631],[71.4389301,51.1280218],[71.4394016,51.12917],[71.4394761,51.1293505]]}},{"type":"Feature","id":"way/513046071/road","properties":{"osm_id":"513046071","name":"Достық көшесі","kind":"road","highway":"tertiary","surface":"asphalt","lanes":null},"geometry":{"type":"LineString","coordinates":[[71.4375894,51.1247571],[71.4374692,51.1247766],[71.4371341,51.1248309],[71.4356537,51.1250703]]}},{"type":"Feature","id":"way/513046082/road","properties":{"osm_id":"513046082","name":null,"kind":"road","highway":"service","surface":"asphalt","lanes":null},"geometry":{"type":"LineString","coordinates":[[71.4222111,51.1271474],[71.4222514,51.1272332],[71.4222837,51.1273018],[71.4223418,51.1274275]]}},{"type":"Feature","id":"way/513046083/road","properties":{"osm_id":"513046083","name":"Достық көшесі","kind":"road","highway":"tertiary","surface":null,"lanes":null},"geometry":{"type":"LineString","coordinates":[[71.4222111,51.1271474],[71.421143,51.1273085]]}},{"type":"Feature","id":"way/513046084/road","properties":{"osm_id":"513046084","name":"Достық көшесі","kind":"road","highway":"tertiary","surface":null,"lanes":null},"geometry":{"type":"LineString","coordinates":[[71.421143,51.1273085],[71.4198681,51.1275103],[71.4192953,51.127601]]}},{"type":"Feature","id":"way/513046085/road","properties":{"osm_id":"513046085","name":null,"kind":"road","highway":"service","surface":null,"lanes":null},"geometry":{"type":"LineString","coordinates":[[71.4259305,51.1265866],[71.42596,51.1266553],[71.4259856,51.1267149],[71.4260201,51.1268263],[71.4260757,51.126974]]}},{"type":"Feature","id":"way/513046086/road","properties":{"osm_id":"513046086","name":"Достық көшесі","kind":"road","highway":"tertiary","surface":null,"lanes":null},"geometry":{"type":"LineString","coordinates":[[71.4259305,51.1265866],[71.424241,51.1268406],[71.4240335,51.1268718]]}},{"type":"Feature","id":"way/513046087/road","properties":{"osm_id":"513046087","name":"Достық көшесі","kind":"road","highway":"tertiary","surface":null,"lanes":null},"geometry":{"type":"LineString","coordinates":[[71.4289948,51.1260926],[71.4279874,51.1262565],[71.4277417,51.1262942],[71.4275152,51.1263306],[71.4259305,51.1265866]]}},{"type":"Feature","id":"way/513046088/road","properties":{"osm_id":"513046088","name":null,"kind":"road","highway":"service","surface":null,"lanes":null},"geometry":{"type":"LineString","coordinates":[[71.430114,51.1259188],[71.4300628,51.1259695],[71.4300497,51.1259938],[71.4300468,51.1260181],[71.4300523,51.1260403],[71.4300692,51.1260845],[71.4301436,51.1262812],[71.4302182,51.1264936],[71.4303312,51.126762],[71.430444,51.1270533],[71.4305547,51.1273452],[71.430608,51.1274805],[71.4305232,51.1274756],[71.4303923,51.1274741],[71.4302864,51.127482],[71.4301466,51.1275],[71.4300265,51.1275244],[71.4299283,51.1275531],[71.4298236,51.1275899],[71.4297479,51.1276256],[71.4296891,51.1274949],[71.4295566,51.1271906],[71.4294286,51.1268981],[71.4293162,51.1266235],[71.4292359,51.1264066],[71.42917,51.1262212],[71.429146,51.1261599],[71.4291306,51.1261407],[71.4291069,51.1261246],[71.4290709,51.1261106],[71.4289948,51.1260926]]}},{"type":"Feature","id":"way/513046089/road","properties":{"osm_id":"513046089","name":"Достық көшесі","kind":"road","highway":"tertiary","surface":"asphalt","lanes":null},"geometry":{"type":"LineString","coordinates":[[71.430114,51.1259188],[71.4289948,51.1260926]]}},{"type":"Feature","id":"way/513046090/road","properties":{"osm_id":"513046090","name":"Достық көшесі","kind":"road","highway":"tertiary","surface":null,"lanes":null},"geometry":{"type":"LineString","coordinates":[[71.4314036,51.1257251],[71.4310979,51.1257682],[71.4305428,51.1258532],[71.430114,51.1259188]]}},{"type":"Feature","id":"way/513046091/road","properties":{"osm_id":"513046091","name":null,"kind":"road","highway":"service","surface":null,"lanes":null},"geometry":{"type":"LineString","coordinates":[[71.4356537,51.1250703],[71.4356991,51.1251948],[71.4357171,51.1252407],[71.4357494,51.1253211]]}},{"type":"Feature","id":"way/513046092/road","properties":{"osm_id":"513046092","name":"Достық көшесі","kind":"road","highway":"tertiary","surface":"asphalt","lanes":null},"geometry":{"type":"LineString","coordinates":[[71.4356537,51.1250703],[71.4341636,51.1252994],[71.4327377,51.125517]]}},{"type":"Feature","id":"way/513053504/road","properties":{"osm_id":"513053504","name":null,"kind":"road","highway":"footway","surface":null,"lanes":null},"geometry":{"type":"LineString","coordinates":[[71.422095,51.133624],[71.4225433,51.1335532],[71.4227986,51.1335123],[71.4229019,51.1334976],[71.4230989,51.1334668],[71.4233605,51.1334258],[71.4235497,51.1333961],[71.4235964,51.1333551],[71.4236945,51.1333771],[71.4243129,51.1332766],[71.4244289,51.1332578],[71.4250442,51.1331578]]}},{"type":"Feature","id":"way/513053505/road","properties":{"osm_id":"513053505","name":null,"kind":"road","highway":"footway","surface":null,"lanes":null},"geometry":{"type":"LineString","coordinates":[[71.4251461,51.1332394],[71.4251098,51.1332342],[71.4250784,51.1332217],[71.4250555,51.1332033],[71.4250436,51.1331811],[71.4250442,51.1331578],[71.4250563,51.133137],[71.4250781,51.1331197],[71.4251076,51.1331076],[71.4251416,51.133102],[71.4251767,51.1331034],[71.4252093,51.1331118],[71.4252361,51.1331261],[71.4252542,51.1331451],[71.4252618,51.1331666],[71.4252582,51.1331886],[71.4252425,51.1332098],[71.4252165,51.1332265],[71.4251831,51.1332368],[71.4251461,51.1332394]]}},{"type":"Feature","id":"way/513053506/road","properties":{"osm_id":"513053506","name":null,"kind":"road","highway":"footway","surface":null,"lanes":null},"geometry":{"type":"LineString","coordinates":[[71.4250784,51.1332217],[71.4249157,51.1332364],[71.4246752,51.1332643],[71.4244443,51.1333019],[71.4243323,51.1333201],[71.4236852,51.1334254],[71.4236525,51.1334621],[71.4235567,51.1334372],[71.423375,51.1334659],[71.4231196,51.1335062],[71.422918,51.133538],[71.422812,51.1335548],[71.4225574,51.133595],[71.4221114,51.1336654]]}},{"type":"Feature","id":"way/513053507/road","properties":{"osm_id":"513053507","name":null,"kind":"road","highway":"footway","surface":null,"lanes":null},"geometry":{"type":"LineString","coordinates":[[71.4228706,51.133715],[71.422812,51.1335548],[71.4227986,51.1335123],[71.4227443,51.1333744]]}},{"type":"Feature","id":"way/513053508/road","properties":{"osm_id":"513053508","name":null,"kind":"road","highway":"footway","surface":null,"lanes":null},"geometry":{"type":"LineString","coordinates":[[71.4229744,51.1336985],[71.422918,51.133538],[71.4229019,51.1334976],[71.422852,51.1333576]]}},{"type":"Feature","id":"way/513053509/road","properties":{"osm_id":"513053509","name":null,"kind":"road","highway":"footway","surface":null,"lanes":null},"geometry":{"type":"LineString","coordinates":[[71.423375,51.1334659],[71.4233605,51.1334258]]}},{"type":"Feature","id":"way/513053510/road","properties":{"osm_id":"513053510","name":null,"kind":"road","highway":"footway","surface":null,"lanes":null},"geometry":{"type":"LineString","coordinates":[[71.4235567,51.1334372],[71.4235497,51.1333961]]}},{"type":"Feature","id":"way/513053511/road","properties":{"osm_id":"513053511","name":null,"kind":"road","highway":"footway","surface":null,"lanes":null},"geometry":{"type":"LineString","coordinates":[[71.4225574,51.133595],[71.4225433,51.1335532]]}},{"type":"Feature","id":"way/513053512/road","properties":{"osm_id":"513053512","name":null,"kind":"road","highway":"footway","surface":null,"lanes":null},"geometry":{"type":"LineString","coordinates":[[71.4231196,51.1335062],[71.4230989,51.1334668]]}},{"type":"Feature","id":"way/513053513/road","properties":{"osm_id":"513053513","name":null,"kind":"road","highway":"footway","surface":null,"lanes":null},"geometry":{"type":"LineString","coordinates":[[71.4243945,51.13347],[71.4243323,51.1333201]]}},{"type":"Feature","id":"way/513053514/road","properties":{"osm_id":"513053514","name":null,"kind":"road","highway":"footway","surface":null,"lanes":null},"geometry":{"type":"LineString","coordinates":[[71.4243129,51.1332766],[71.424265,51.1331373]]}},{"type":"Feature","id":"way/513053515/road","properties":{"osm_id":"513053515","name":null,"kind":"road","highway":"footway","surface":null,"lanes":null},"geometry":{"type":"LineString","coordinates":[[71.4244443,51.1333019],[71.4244998,51.1334537]]}},{"type":"Feature","id":"way/513053516/road","properties":{"osm_id":"513053516","name":null,"kind":"road","highway":"footway","surface":null,"lanes":null},"geometry":{"type":"LineString","coordinates":[[71.4244289,51.1332578],[71.4243812,51.1331191]]}},{"type":"Feature","id":"way/513053517/road","properties":{"osm_id":"513053517","name":null,"kind":"road","highway":"footway","surface":null,"lanes":null},"geometry":{"type":"LineString","coordinates":[[71.4251292,51.1333562],[71.4250784,51.1332217]]}},{"type":"Feature","id":"way/513053518/road","properties":{"osm_id":"513053518","name":null,"kind":"road","highway":"footway","surface":null,"lanes":null},"geometry":{"type":"LineString","coordinates":[[71.4250563,51.133137],[71.4250018,51.1330223]]}},{"type":"Feature","id":"way/513053519/road","properties":{"osm_id":"513053519","name":null,"kind":"road","highway":"footway","surface":null,"lanes":null},"geometry":{"type":"LineString","coordinates":[[71.4252093,51.1331118],[71.4251624,51.1329966]]}},{"type":"Feature","id":"way/513053520/road","properties":{"osm_id":"513053520","name":null,"kind":"road","highway":"footway","surface":null,"lanes":null},"geometry":{"type":"LineString","coordinates":[[71.4252425,51.1332098],[71.425293,51.1333306]]}},{"type":"Feature","id":"way/513053521/road","properties":{"osm_id":"513053521","name":null,"kind":"road","highway":"footway","surface":"paving_stones","lanes":null},"geometry":{"type":"LineString","coordinates":[[71.4252361,51.1331261],[71.4254421,51.1331092],[71.4258424,51.1330441],[71.4259582,51.1330233],[71.4260052,51.1330148],[71.4266191,51.1329153],[71.4266557,51.1328834],[71.4267471,51.1329038],[71.4274249,51.1327863]]}},{"type":"Feature","id":"way/513053522/road","properties":{"osm_id":"513053522","name":null,"kind":"road","highway":"footway","surface":"paving_stones","lanes":null},"geometry":{"type":"LineString","coordinates":[[71.4274413,51.1328272],[71.4267634,51.1329408],[71.4267065,51.1329919],[71.4266211,51.1329676],[71.4259818,51.1330713],[71.425866,51.1330901],[71.4252582,51.1331886]]}},{"type":"Feature","id":"way/513053523/road","properties":{"osm_id":"513053523","name":null,"kind":"road","highway":"footway","surface":null,"lanes":null},"geometry":{"type":"LineString","coordinates":[[71.4259097,51.1332331],[71.425866,51.1330901]]}},{"type":"Feature","id":"way/513053524/road","properties":{"osm_id":"513053524","name":null,"kind":"road","highway":"footway","surface":null,"lanes":null},"geometry":{"type":"LineString","coordinates":[[71.4260254,51.1332149],[71.4259818,51.1330713]]}},{"type":"Feature","id":"way/513053525/road","properties":{"osm_id":"513053525","name":null,"kind":"road","highway":"footway","surface":null,"lanes":null},"geometry":{"type":"LineString","coordinates":[[71.4258424,51.1330441],[71.4257894,51.1328928]]}},{"type":"Feature","id":"way/513053526/road","properties":{"osm_id":"513053526","name":null,"kind":"road","highway":"footway","surface":null,"lanes":null},"geometry":{"type":"LineString","coordinates":[[71.4259582,51.1330233],[71.4259103,51.1328723]]}},{"type":"Feature","id":"way/513053527/road","properties":{"osm_id":"513053527","name":null,"kind":"road","highway":"footway","surface":null,"lanes":null},"geometry":{"type":"LineString","coordinates":[[71.4267065,51.1329919],[71.4267459,51.1331004]]}},{"type":"Feature","id":"way/513053528/road","properties":{"osm_id":"513053528","name":null,"kind":"road","highway":"footway","surface":null,"lanes":null},"geometry":{"type":"LineString","coordinates":[[71.4266557,51.1328834],[71.4266081,51.1327543]]}},{"type":"Feature","id":"way/513053529/road","properties":{"osm_id":"513053529","name":null,"kind":"road","highway":"footway","surface":null,"lanes":null},"geometry":{"type":"LineString","coordinates":[[71.4267634,51.1329408],[71.4267471,51.1329038]]}},{"type":"Feature","id":"way/513053530/road","properties":{"osm_id":"513053530","name":null,"kind":"road","highway":"footway","surface":"paving_stones","lanes":null},"geometry":{"type":"LineString","coordinates":[[71.4269432,51.1315808],[71.4263508,51.1316748],[71.4263313,51.1316163],[71.4262879,51.1314858]]}},{"type":"Feature","id":"way/513053531/road","properties":{"osm_id":"513053531","name":null,"kind":"road","highway":"footway","surface":null,"lanes":null},"geometry":{"type":"LineString","coordinates":[[71.4319123,51.1311434],[71.4318025,51.13085],[71.4317761,51.1307861],[71.4317325,51.1306849]]}},{"type":"Feature","id":"way/513053532/road","properties":{"osm_id":"513053532","name":null,"kind":"road","highway":"footway","surface":null,"lanes":null},"geometry":{"type":"LineString","coordinates":[[71.4313705,51.1312358],[71.431251,51.1309365],[71.431229,51.130882],[71.4311781,51.1307676]]}},{"type":"Feature","id":"way/513053533/road","properties":{"osm_id":"513053533","name":null,"kind":"road","highway":"cycleway","surface":null,"lanes":null},"geometry":{"type":"LineString","coordinates":[[71.4317761,51.1307861],[71.4327575,51.1306338],[71.4328592,51.1305151]]}},{"type":"Feature","id":"way/513053534/road","properties":{"osm_id":"513053534","name":null,"kind":"road","highway":"cycleway","surface":null,"lanes":null},"geometry":{"type":"LineString","coordinates":[[71.431229,51.130882],[71.4306656,51.1309731],[71.4305756,51.1309876],[71.4300952,51.1310664]]}},{"type":"Feature","id":"way/513053535/road","properties":{"osm_id":"513053535","name":null,"kind":"road","highway":"footway","surface":null,"lanes":null},"geometry":{"type":"LineString","coordinates":[[71.4305756,51.1309876],[71.4305235,51.1308802]]}},{"type":"Feature","id":"way/513053536/road","properties":{"osm_id":"513053536","name":null,"kind":"road","highway":"footway","surface":null,"lanes":null},"geometry":{"type":"LineString","coordinates":[[71.4306656,51.1309731],[71.4306188,51.1308575]]}},{"type":"Feature","id":"way/513053537/road","properties":{"osm_id":"513053537","name":null,"kind":"road","highway":"footway","surface":null,"lanes":null},"geometry":{"type":"LineString","coordinates":[[71.4316891,51.1310382],[71.431653,51.1310636],[71.4316039,51.1310754],[71.4315526,51.1310768],[71.4315012,51.131068],[71.4314785,51.1310588]]}},{"type":"Feature","id":"way/513053538/road","properties":{"osm_id":"513053538","name":null,"kind":"road","highway":"footway","surface":null,"lanes":null},"geometry":{"type":"LineString","coordinates":[[71.4314715,51.131042],[71.4314895,51.1309918],[71.4315245,51.1309728],[71.4315736,51.1309655],[71.4316179,51.1309699],[71.4316697,51.1309888]]}},{"type":"Feature","id":"way/513053539/road","properties":{"osm_id":"513053539","name":null,"kind":"road","highway":"footway","surface":null,"lanes":null},"geometry":{"type":"LineString","coordinates":[[71.4330602,51.1305652],[71.4331048,51.1306812],[71.433223,51.1310119],[71.4332316,51.1310347],[71.4332548,51.1310919],[71.4335198,51.1317453],[71.433527,51.1317629]]}},{"type":"Feature","id":"way/513053540/road","properties":{"osm_id":"513053540","name":null,"kind":"road","highway":"footway","surface":null,"lanes":null},"geometry":{"type":"LineString","coordinates":[[71.4338703,51.1305089],[71.4338814,51.1305243],[71.4338837,51.1305412],[71.4338767,51.1305575],[71.4338614,51.1305714],[71.4338395,51.1305813],[71.433816,51.1305858],[71.4337915,51.1305855],[71.4337682,51.1305805],[71.4337486,51.1305712],[71.4337344,51.1305586],[71.4337271,51.1305439],[71.4337274,51.1305285],[71.4337353,51.1305138],[71.4337517,51.1305004],[71.4337743,51.1304912],[71.4338006,51.1304874],[71.4338273,51.1304893],[71.4338515,51.1304968],[71.4338703,51.1305089]]}},{"type":"Feature","id":"way/513053541/road","properties":{"osm_id":"513053541","name":null,"kind":"road","highway":"footway","surface":null,"lanes":null},"geometry":{"type":"LineString","coordinates":[[71.4337353,51.1305138],[71.4336188,51.1304567],[71.4335465,51.1304187]]}},{"type":"Feature","id":"way/513053542/road","properties":{"osm_id":"513053542","name":null,"kind":"road","highway":"footway","surface":null,"lanes":null},"geometry":{"type":"LineString","coordinates":[[71.4336188,51.1304567],[71.4337216,51.1304391],[71.43385,51.130445],[71.4339317,51.1304259],[71.4339668,51.1303937],[71.4340275,51.1303937],[71.4341162,51.1303922],[71.4342213,51.1303585],[71.4342797,51.130338],[71.4343684,51.1303366],[71.4344781,51.1303351],[71.4345435,51.1303117],[71.4345832,51.1302941],[71.4346486,51.1302955],[71.434728,51.1303043],[71.4347793,51.1302955],[71.4347447,51.1302244]]}},{"type":"Feature","id":"way/513053543/road","properties":{"osm_id":"513053543","name":null,"kind":"road","highway":"footway","surface":null,"lanes":null},"geometry":{"type":"LineString","coordinates":[[71.4342797,51.130338],[71.4342555,51.1302985]]}},{"type":"Feature","id":"way/513053544/road","properties":{"osm_id":"513053544","name":null,"kind":"road","highway":"footway","surface":null,"lanes":null},"geometry":{"type":"LineString","coordinates":[[71.4388961,51.1292517],[71.4388888,51.1292289]]}},{"type":"Feature","id":"way/513053545/road","properties":{"osm_id":"513053545","name":null,"kind":"road","highway":"footway","surface":null,"lanes":null},"geometry":{"type":"LineString","coordinates":[[71.4372321,51.1251036],[71.4371999,51.1250199],[71.4371856,51.1249673]]}},{"type":"Feature","id":"way/513053546/road","properties":{"osm_id":"513053546","name":null,"kind":"road","highway":"footway","surface":null,"lanes":null},"geometry":{"type":"LineString","coordinates":[[71.4270434,51.1237285],[71.427361,51.1245892],[71.4277045,51.12552],[71.427917,51.1260958]]}},{"type":"Feature","id":"way/513053547/road","properties":{"osm_id":"513053547","name":null,"kind":"road","highway":"footway","surface":null,"lanes":null},"geometry":{"type":"LineString","coordinates":[[71.4274337,51.1261494],[71.4274018,51.1260826]]}},{"type":"Feature","id":"way/513053548/road","properties":{"osm_id":"513053548","name":null,"kind":"road","highway":"footway","surface":null,"lanes":null},"geometry":{"type":"LineString","coordinates":[[71.4280443,51.1260753],[71.4278222,51.1255018],[71.4274627,51.1245733]]}},{"type":"Feature","id":"way/513053549/road","properties":{"osm_id":"513053549","name":null,"kind":"road","highway":"footway","surface":null,"lanes":null},"geometry":{"type":"LineString","coordinates":[[71.4265099,51.123809],[71.4267755,51.1244889],[71.4269654,51.1249751],[71.4270811,51.1252713]]}},{"type":"Feature","id":"way/513853744/road","properties":{"osm_id":"513853744","name":null,"kind":"road","highway":"footway","surface":null,"lanes":null},"geometry":{"type":"LineString","coordinates":[[71.4272768,51.1281625],[71.4274559,51.12814],[71.4276116,51.1281012],[71.4277319,51.1280423],[71.4277782,51.1280105],[71.4278045,51.1279923],[71.427854,51.1279224],[71.4278894,51.1278457],[71.4279124,51.1277769],[71.4279071,51.127698],[71.4278897,51.1276303]]}},{"type":"Feature","id":"way/513853745/road","properties":{"osm_id":"513853745","name":null,"kind":"road","highway":"footway","surface":null,"lanes":null},"geometry":{"type":"LineString","coordinates":[[71.4275302,51.1278746],[71.4276912,51.1279257],[71.4277231,51.127939],[71.4277001,51.127979],[71.4277782,51.1280105]]}},{"type":"Feature","id":"way/513853746/road","properties":{"osm_id":"513853746","name":null,"kind":"road","highway":"footway","surface":null,"lanes":null},"geometry":{"type":"LineString","coordinates":[[71.4397436,51.1264059],[71.439785,51.1263992],[71.4399276,51.1263762],[71.4411947,51.126172],[71.4416263,51.1261025],[71.4412564,51.1250156],[71.4412192,51.1249137]]}},{"type":"Feature","id":"way/513987153/road","properties":{"osm_id":"513987153","name":null,"kind":"road","highway":"service","surface":null,"lanes":null},"geometry":{"type":"LineString","coordinates":[[71.438936,51.1273348],[71.4387945,51.1269752],[71.4385893,51.1264665]]}},{"type":"Feature","id":"way/514449813/road","properties":{"osm_id":"514449813","name":null,"kind":"road","highway":"service","surface":null,"lanes":null},"geometry":{"type":"LineString","coordinates":[[71.424063,51.1269424],[71.4240902,51.1269951],[71.424103,51.1270198],[71.4241597,51.1271293]]}},{"type":"Feature","id":"way/514449814/road","properties":{"osm_id":"514449814","name":"Достық көшесі","kind":"road","highway":"tertiary","surface":null,"lanes":null},"geometry":{"type":"LineString","coordinates":[[71.4240335,51.1268718],[71.4238217,51.1269039],[71.4230164,51.1270257],[71.4222111,51.1271474]]}},{"type":"Feature","id":"way/514449815/road","properties":{"osm_id":"514449815","name":null,"kind":"road","highway":"service","surface":null,"lanes":null},"geometry":{"type":"LineString","coordinates":[[71.4236017,51.1258304],[71.4239031,51.1257821],[71.4239347,51.1257819],[71.4239693,51.1257859],[71.4240045,51.1257957]]}},{"type":"Feature","id":"way/514449818/road","properties":{"osm_id":"514449818","name":null,"kind":"road","highway":"service","surface":null,"lanes":null},"geometry":{"type":"LineString","coordinates":[[71.4224124,51.1233735],[71.4227417,51.1232989],[71.4228588,51.1232782],[71.4234599,51.1231718]]}},{"type":"Feature","id":"way/514449821/road","properties":{"osm_id":"514449821","name":null,"kind":"road","highway":"service","surface":null,"lanes":null},"geometry":{"type":"LineString","coordinates":[[71.4217272,51.1223497],[71.4220391,51.1222793],[71.4221862,51.1222633],[71.4223176,51.1224527],[71.4223659,51.1224813],[71.4224357,51.122488],[71.4235194,51.1223307],[71.4237741,51.1222885],[71.4238787,51.1222885],[71.424002,51.1225529],[71.4230526,51.1227069]]}},{"type":"Feature","id":"way/514449823/road","properties":{"osm_id":"514449823","name":null,"kind":"road","highway":"service","surface":null,"lanes":null},"geometry":{"type":"LineString","coordinates":[[71.4213747,51.1218108],[71.4216683,51.121739],[71.421749,51.1217212],[71.4220387,51.122137]]}},{"type":"Feature","id":"way/514449828/road","properties":{"osm_id":"514449828","name":null,"kind":"road","highway":"service","surface":null,"lanes":null},"geometry":{"type":"LineString","coordinates":[[71.4206647,51.1206164],[71.4209137,51.1206135],[71.421113,51.1206154],[71.4214031,51.1210399],[71.4214162,51.1213728],[71.4212736,51.1215431]]}},{"type":"Feature","id":"way/514781053/road","properties":{"osm_id":"514781053","name":null,"kind":"road","highway":"footway","surface":null,"lanes":null},"geometry":{"type":"LineString","coordinates":[[71.4252857,51.1256062],[71.4251897,51.1253243],[71.425151,51.1252106],[71.4251034,51.1250706],[71.4250175,51.1248181]]}},{"type":"Feature","id":"way/514781054/road","properties":{"osm_id":"514781054","name":null,"kind":"road","highway":"footway","surface":null,"lanes":null},"geometry":{"type":"LineString","coordinates":[[71.4254236,51.1255838],[71.4253205,51.1253052],[71.4252785,51.1251915],[71.4252263,51.1250504],[71.4251335,51.1247998]]}},{"type":"Feature","id":"way/514781055/road","properties":{"osm_id":"514781055","name":null,"kind":"road","highway":"footway","surface":null,"lanes":null},"geometry":{"type":"LineString","coordinates":[[71.4251034,51.1250706],[71.4252263,51.1250504]]}},{"type":"Feature","id":"way/514781056/road","properties":{"osm_id":"514781056","name":null,"kind":"road","highway":"footway","surface":null,"lanes":null},"geometry":{"type":"LineString","coordinates":[[71.4251897,51.1253243],[71.4252632,51.1253136],[71.4253205,51.1253052],[71.4255484,51.1253791],[71.4256787,51.1253612]]}},{"type":"Feature","id":"way/514781057/road","properties":{"osm_id":"514781057","name":null,"kind":"road","highway":"footway","surface":null,"lanes":null},"geometry":{"type":"LineString","coordinates":[[71.425151,51.1252106],[71.4252374,51.1252374],[71.4252785,51.1251915]]}},{"type":"Feature","id":"way/514781058/road","properties":{"osm_id":"514781058","name":null,"kind":"road","highway":"footway","surface":null,"lanes":null},"geometry":{"type":"LineString","coordinates":[[71.425151,51.1252106],[71.4251927,51.1251571],[71.4252785,51.1251915]]}},{"type":"Feature","id":"way/514781059/road","properties":{"osm_id":"514781059","name":null,"kind":"road","highway":"footway","surface":null,"lanes":null},"geometry":{"type":"LineString","coordinates":[[71.4252374,51.1252374],[71.4252632,51.1253136]]}},{"type":"Feature","id":"way/514781060/road","properties":{"osm_id":"514781060","name":null,"kind":"road","highway":"footway","surface":null,"lanes":null},"geometry":{"type":"LineString","coordinates":[[71.4283182,51.1243018],[71.4282936,51.1243081],[71.428267,51.124309],[71.4282414,51.1243044],[71.4282194,51.1242948],[71.4282036,51.1242813],[71.4281957,51.1242652],[71.4281966,51.1242484],[71.4282061,51.1242327],[71.4282233,51.1242198],[71.4282462,51.1242111],[71.4282724,51.1242076],[71.428299,51.1242096],[71.4283229,51.1242169],[71.4283418,51.1242287],[71.4283536,51.1242436],[71.428357,51.1242602],[71.4283518,51.1242765],[71.4283383,51.1242909],[71.4283182,51.1243018]]}},{"type":"Feature","id":"way/514781061/road","properties":{"osm_id":"514781061","name":null,"kind":"road","highway":"footway","surface":null,"lanes":null},"geometry":{"type":"LineString","coordinates":[[71.4282936,51.1243081],[71.4283451,51.1244346]]}},{"type":"Feature","id":"way/515074726/road","properties":{"osm_id":"515074726","name":null,"kind":"road","highway":"footway","surface":null,"lanes":null},"geometry":{"type":"LineString","coordinates":[[71.4384757,51.1339122],[71.4386365,51.1338701],[71.4388453,51.1338356],[71.4390552,51.133801],[71.4392639,51.1337677],[71.4394838,51.1337312],[71.439677,51.1336995],[71.4399008,51.1336627],[71.4400893,51.1335741],[71.4401401,51.1335502]]}},{"type":"Feature","id":"way/515074728/road","properties":{"osm_id":"515074728","name":null,"kind":"road","highway":"footway","surface":null,"lanes":null},"geometry":{"type":"LineString","coordinates":[[71.4377654,51.1336961],[71.4377936,51.1337523]]}},{"type":"Feature","id":"way/515074771/road","properties":{"osm_id":"515074771","name":null,"kind":"road","highway":"footway","surface":null,"lanes":null},"geometry":{"type":"LineString","coordinates":[[71.4386943,51.1357899],[71.4390321,51.1357315],[71.4391132,51.1357304],[71.4392313,51.1357289],[71.4392978,51.135749],[71.439337,51.1357608],[71.4394244,51.1358195],[71.4394712,51.1358731],[71.4394755,51.1359065],[71.4394813,51.1359521],[71.4394143,51.1361026],[71.4393824,51.1361485],[71.4393025,51.1362634],[71.4392653,51.1362875],[71.4391801,51.1363428],[71.4391236,51.1363794],[71.4389264,51.1364687],[71.4387732,51.1364974],[71.4387023,51.1365106],[71.4385991,51.1365299],[71.4382963,51.136581],[71.4382048,51.1365758],[71.4381773,51.1365631],[71.4379852,51.1364738],[71.4380279,51.136396],[71.4379721,51.1362663],[71.4379332,51.136176],[71.4379263,51.13616],[71.4381679,51.1361175],[71.4381824,51.136118],[71.4382611,51.1361015],[71.4386629,51.1360177]]}},{"type":"Feature","id":"way/515074772/road","properties":{"osm_id":"515074772","name":null,"kind":"road","highway":"footway","surface":null,"lanes":null},"geometry":{"type":"LineString","coordinates":[[71.4382611,51.1361015],[71.4382861,51.1361817],[71.4382698,51.1362583],[71.4382637,51.1362965],[71.4382942,51.1363424],[71.4383755,51.1363514],[71.4384731,51.1363501],[71.4386154,51.1363348],[71.4386499,51.1364049],[71.4387023,51.1365106]]}},{"type":"Feature","id":"way/515074773/road","properties":{"osm_id":"515074773","name":null,"kind":"road","highway":"footway","surface":null,"lanes":null},"geometry":{"type":"LineString","coordinates":[[71.4379332,51.136176],[71.4378671,51.1361469],[71.4377637,51.1361014],[71.4376477,51.1360293],[71.437609,51.1360291],[71.4375441,51.1360822],[71.4375441,51.1361741],[71.4375726,51.1362506],[71.4376417,51.1362812],[71.4377108,51.1362914],[71.4377473,51.1362901],[71.4377799,51.1362889],[71.437847,51.1362787],[71.4379721,51.1362663]]}},{"type":"Feature","id":"way/515074774/road","properties":{"osm_id":"515074774","name":null,"kind":"road","highway":"footway","surface":null,"lanes":null},"geometry":{"type":"LineString","coordinates":[[71.4377473,51.1362901],[71.4376864,51.136234],[71.4376722,51.1361894],[71.4376783,51.1361651],[71.437723,51.1361422],[71.437784,51.1361396],[71.4378671,51.1361469]]}},{"type":"Feature","id":"way/515074775/road","properties":{"osm_id":"515074775","name":null,"kind":"road","highway":"footway","surface":null,"lanes":null},"geometry":{"type":"LineString","coordinates":[[71.4392653,51.1362875],[71.4394793,51.136382]]}},{"type":"Feature","id":"way/515074776/road","properties":{"osm_id":"515074776","name":null,"kind":"road","highway":"footway","surface":null,"lanes":null},"geometry":{"type":"LineString","coordinates":[[71.4394793,51.136382],[71.4396541,51.1363322],[71.4397415,51.1363424],[71.4397851,51.1363638],[71.4398066,51.1363743],[71.4398167,51.1364037],[71.4398167,51.1364547],[71.4398005,51.1364929],[71.4397476,51.1365414],[71.4396541,51.1365644],[71.4395891,51.1365644],[71.4395281,51.1365516],[71.4394732,51.136507],[71.4394529,51.1364687],[71.4394793,51.136382]]}},{"type":"Feature","id":"way/515074777/road","properties":{"osm_id":"515074777","name":null,"kind":"road","highway":"footway","surface":null,"lanes":null},"geometry":{"type":"LineString","coordinates":[[71.4387732,51.1364974],[71.4388268,51.1367072]]}},{"type":"Feature","id":"way/515074778/road","properties":{"osm_id":"515074778","name":null,"kind":"road","highway":"footway","surface":null,"lanes":null},"geometry":{"type":"LineString","coordinates":[[71.4388268,51.1367072],[71.4389711,51.1366894],[71.439026,51.1367034],[71.4390382,51.1367378],[71.4390301,51.1367672],[71.4389935,51.1367914],[71.438839,51.1368054],[71.438652,51.1368169],[71.4385829,51.136808],[71.4385341,51.136785],[71.4385321,51.136757],[71.4385788,51.1367366],[71.4386479,51.1367302],[71.4388268,51.1367072]]}},{"type":"Feature","id":"way/515074779/road","properties":{"osm_id":"515074779","name":null,"kind":"road","highway":"footway","surface":null,"lanes":null},"geometry":{"type":"LineString","coordinates":[[71.4381773,51.1365631],[71.4381052,51.1366919],[71.4380117,51.1367264],[71.4379283,51.1367264],[71.4378308,51.1367136],[71.4377698,51.1366843],[71.4377352,51.1366294],[71.4377129,51.1365822],[71.437719,51.136521],[71.4377738,51.1364853],[71.4378491,51.1364789],[71.4379141,51.1364917],[71.4379852,51.1364738]]}},{"type":"Feature","id":"way/515074780/road","properties":{"osm_id":"515074780","name":null,"kind":"road","highway":"footway","surface":null,"lanes":null},"geometry":{"type":"LineString","coordinates":[[71.4391132,51.1357304],[71.4390646,51.135646],[71.4390301,51.1355848],[71.4390301,51.1355223],[71.4390526,51.1355007],[71.4390728,51.1354815],[71.4391927,51.1354662],[71.439276,51.1354674],[71.4393614,51.1354828],[71.439398,51.1355134],[71.4393939,51.1355478],[71.4393695,51.1355861],[71.4393431,51.1356294],[71.4393228,51.1356805],[71.4392978,51.135749]]}},{"type":"Feature","id":"way/515074781/road","properties":{"osm_id":"515074781","name":null,"kind":"road","highway":"footway","surface":null,"lanes":null},"geometry":{"type":"LineString","coordinates":[[71.4394755,51.1359065],[71.4397639,51.1359049],[71.4399021,51.1358782],[71.4399895,51.1358616]]}},{"type":"Feature","id":"way/515074782/road","properties":{"osm_id":"515074782","name":null,"kind":"road","highway":"footway","surface":null,"lanes":null},"geometry":{"type":"LineString","coordinates":[[71.4396683,51.1357799],[71.4397883,51.1357672],[71.4398838,51.1357685],[71.4399489,51.1357889],[71.4399895,51.1358616],[71.4399972,51.1358753],[71.4400261,51.1359266],[71.4400322,51.1359789],[71.4400078,51.1360261],[71.4399529,51.1360618],[71.4398899,51.1360746],[71.4398228,51.1360746],[71.4397741,51.1360682],[71.4396866,51.1360299]]}},{"type":"Feature","id":"way/515074783/road","properties":{"osm_id":"515074783","name":null,"kind":"road","highway":"footway","surface":null,"lanes":null},"geometry":{"type":"LineString","coordinates":[[71.4382664,51.1352183],[71.4380743,51.1352072],[71.4380012,51.1351829],[71.4379871,51.1351434],[71.4379849,51.1350911],[71.4380113,51.1350541],[71.4380804,51.1350261],[71.4381963,51.1350184]]}},{"type":"Feature","id":"way/515074784/road","properties":{"osm_id":"515074784","name":null,"kind":"road","highway":"footway","surface":null,"lanes":null},"geometry":{"type":"LineString","coordinates":[[71.4384324,51.1350615],[71.4386028,51.1349967],[71.4386923,51.1349508],[71.4387045,51.1349138],[71.4386821,51.1348756],[71.4386191,51.1348628],[71.4385215,51.1348666],[71.4384158,51.1348896],[71.4383746,51.1349097]]}},{"type":"Feature","id":"way/515074785/road","properties":{"osm_id":"515074785","name":null,"kind":"road","highway":"footway","surface":null,"lanes":null},"geometry":{"type":"LineString","coordinates":[[71.4382299,51.1346433],[71.4383691,51.1346051],[71.4384605,51.1345911],[71.4385195,51.1346039],[71.438548,51.1346268],[71.438552,51.13466],[71.4385297,51.1346906],[71.4384788,51.1347174],[71.4383874,51.1347454],[71.4383092,51.1347631]]}},{"type":"Feature","id":"way/515074787/road","properties":{"osm_id":"515074787","name":null,"kind":"road","highway":"footway","surface":null,"lanes":null},"geometry":{"type":"LineString","coordinates":[[71.4380924,51.1335849],[71.4381578,51.1334191],[71.4381743,51.1333945],[71.438206,51.1333474],[71.438245,51.1332892],[71.4382533,51.133277],[71.4383608,51.1332111],[71.4384505,51.1331561],[71.4386417,51.1331089],[71.4387939,51.133088]]}},{"type":"Feature","id":"way/515074788/road","properties":{"osm_id":"515074788","name":null,"kind":"road","highway":"footway","surface":null,"lanes":null},"geometry":{"type":"LineString","coordinates":[[71.4381743,51.1333945],[71.4380499,51.1333717],[71.4380099,51.1333437],[71.4379945,51.1333166],[71.4380037,51.1332857],[71.4380546,51.1332625],[71.4381316,51.1332605],[71.4381747,51.1332673],[71.438245,51.1332892]]}},{"type":"Feature","id":"way/515074789/road","properties":{"osm_id":"515074789","name":null,"kind":"road","highway":"footway","surface":null,"lanes":null},"geometry":{"type":"LineString","coordinates":[[71.438206,51.1333474],[71.4383688,51.1333543],[71.4383996,51.1333021],[71.4383608,51.1332111]]}},{"type":"Feature","id":"way/519429627/road","properties":{"osm_id":"519429627","name":null,"kind":"road","highway":"footway","surface":null,"lanes":null},"geometry":{"type":"LineString","coordinates":[[71.4295104,51.1242515],[71.4294612,51.1241259]]}},{"type":"Feature","id":"way/519429628/road","properties":{"osm_id":"519429628","name":null,"kind":"road","highway":"footway","surface":null,"lanes":null},"geometry":{"type":"LineString","coordinates":[[71.4295249,51.1240927],[71.4295104,51.1241083],[71.4294883,51.1241198],[71.4294612,51.1241259],[71.4294352,51.1241262],[71.4294104,51.1241213],[71.4293892,51.1241119],[71.4293736,51.1240988],[71.4293699,51.1240919],[71.4293653,51.1240834],[71.429365,51.124067],[71.4293728,51.1240515],[71.4293878,51.1240382],[71.4294087,51.1240285],[71.4294334,51.1240233],[71.4294622,51.1240234],[71.4294891,51.1240297],[71.429511,51.1240414],[71.4295252,51.1240571],[71.4295274,51.1240652],[71.42953,51.1240749],[71.4295249,51.1240927]]}},{"type":"Feature","id":"way/519430241/road","properties":{"osm_id":"519430241","name":null,"kind":"road","highway":"footway","surface":null,"lanes":null},"geometry":{"type":"LineString","coordinates":[[71.4295274,51.1240652],[71.4299629,51.1239934]]}},{"type":"Feature","id":"way/519430242/road","properties":{"osm_id":"519430242","name":null,"kind":"road","highway":"footway","surface":null,"lanes":null},"geometry":{"type":"LineString","coordinates":[[71.4293699,51.1240919],[71.4288832,51.1241633],[71.4287507,51.124182],[71.4283536,51.1242436]]}},{"type":"Feature","id":"way/519430243/road","properties":{"osm_id":"519430243","name":null,"kind":"road","highway":"footway","surface":null,"lanes":null},"geometry":{"type":"LineString","coordinates":[[71.4281957,51.1242652],[71.4278006,51.1243253]]}},{"type":"Feature","id":"way/519430244/road","properties":{"osm_id":"519430244","name":null,"kind":"road","highway":"footway","surface":null,"lanes":null},"geometry":{"type":"LineString","coordinates":[[71.4288156,51.12436],[71.4287507,51.124182],[71.4286928,51.1240218],[71.4288258,51.1240013],[71.4288832,51.1241633],[71.4289484,51.1243382]]}},{"type":"Feature","id":"way/519430245/road","properties":{"osm_id":"519430245","name":null,"kind":"road","highway":"service","surface":null,"lanes":null},"geometry":{"type":"LineString","coordinates":[[71.4282322,51.1246111],[71.4298241,51.1243655]]}},{"type":"Feature","id":"way/519430246/road","properties":{"osm_id":"519430246","name":null,"kind":"road","highway":"service","surface":null,"lanes":null},"geometry":{"type":"LineString","coordinates":[[71.4338066,51.1334446],[71.4337582,51.1335228],[71.4337182,51.1335801],[71.4336897,51.1336242],[71.4336307,51.1336445],[71.4320309,51.1339203],[71.4319433,51.1339179],[71.4318558,51.1338892],[71.4317645,51.1338546],[71.4316473,51.1338129]]}},{"type":"Feature","id":"way/519430942/road","properties":{"osm_id":"519430942","name":null,"kind":"road","highway":"service","surface":null,"lanes":null},"geometry":{"type":"LineString","coordinates":[[71.4310476,51.1344848],[71.4313158,51.1344437],[71.4315867,51.1344],[71.4316796,51.1343937],[71.4317714,51.1344365],[71.4318502,51.1346456],[71.4319103,51.134695]]}},{"type":"Feature","id":"way/519430946/road","properties":{"osm_id":"519430946","name":null,"kind":"road","highway":"footway","surface":null,"lanes":null},"geometry":{"type":"LineString","coordinates":[[71.4309217,51.1342016],[71.4313218,51.1341338],[71.4316201,51.1341668],[71.4316984,51.1341755],[71.4321064,51.1341919],[71.4321455,51.1341934],[71.432486,51.1341839],[71.4325982,51.1341791],[71.4327289,51.1341687]]}},{"type":"Feature","id":"way/519430949/road","properties":{"osm_id":"519430949","name":null,"kind":"road","highway":"footway","surface":null,"lanes":null},"geometry":{"type":"LineString","coordinates":[[71.4328784,51.1341657],[71.432848,51.1341788],[71.4328125,51.1341852],[71.4327757,51.134184],[71.4327409,51.1341752],[71.4327289,51.1341687],[71.4327126,51.1341597],[71.4326938,51.1341393],[71.4326868,51.1341162],[71.4326922,51.1340929],[71.4327094,51.134072],[71.4327366,51.1340558],[71.432767,51.1340473],[71.4328081,51.1340439],[71.432834,51.1340479],[71.4328445,51.1340495],[71.4328756,51.134062],[71.4328986,51.1340801],[71.4329111,51.1341019],[71.4329117,51.134125],[71.4329004,51.1341471],[71.4328784,51.1341657]]}},{"type":"Feature","id":"way/519430952/road","properties":{"osm_id":"519430952","name":null,"kind":"road","highway":"footway","surface":null,"lanes":null},"geometry":{"type":"LineString","coordinates":[[71.4329004,51.1341471],[71.4330329,51.1341164],[71.433382,51.1340204],[71.4334806,51.1339807],[71.4335732,51.1339434],[71.4337678,51.1338603]]}},{"type":"Feature","id":"way/519430954/road","properties":{"osm_id":"519430954","name":null,"kind":"road","highway":"service","surface":null,"lanes":null},"geometry":{"type":"LineString","coordinates":[[71.4346835,51.1338423],[71.4344325,51.1338893],[71.4343202,51.1339103]]}},{"type":"Feature","id":"way/519430956/road","properties":{"osm_id":"519430956","name":null,"kind":"road","highway":"service","surface":null,"lanes":null},"geometry":{"type":"LineString","coordinates":[[71.4340709,51.1342564],[71.4340711,51.1343191],[71.433996,51.1343527],[71.4319843,51.1347062],[71.4319103,51.134695]]}},{"type":"Feature","id":"way/519430958/road","properties":{"osm_id":"519430958","name":null,"kind":"road","highway":"service","surface":null,"lanes":null},"geometry":{"type":"LineString","coordinates":[[71.4340874,51.1339455],[71.4340378,51.1339225],[71.4339978,51.1338139],[71.4340625,51.1337673],[71.4342565,51.1337411],[71.4343202,51.1339103]]}},{"type":"Feature","id":"way/519430960/road","properties":{"osm_id":"519430960","name":null,"kind":"road","highway":"footway","surface":null,"lanes":null},"geometry":{"type":"LineString","coordinates":[[71.4335502,51.1337077],[71.4337349,51.1337547],[71.4337678,51.1338603]]}},{"type":"Feature","id":"way/519430963/road","properties":{"osm_id":"519430963","name":null,"kind":"road","highway":"footway","surface":null,"lanes":null},"geometry":{"type":"LineString","coordinates":[[71.4321064,51.1341919],[71.4322343,51.1340634],[71.4324113,51.1339631],[71.4324832,51.1339412],[71.4326548,51.1338891],[71.4326996,51.1338842],[71.432845,51.1338664],[71.4329306,51.1338671],[71.433001,51.1338676],[71.4331988,51.1338915],[71.4332355,51.1339018],[71.4334062,51.13395],[71.4334806,51.1339807]]}},{"type":"Feature","id":"way/519430966/road","properties":{"osm_id":"519430966","name":null,"kind":"road","highway":"footway","surface":null,"lanes":null},"geometry":{"type":"LineString","coordinates":[[71.4316201,51.1341668],[71.4316446,51.1341075],[71.4317327,51.1340015]]}},{"type":"Feature","id":"way/519430969/road","properties":{"osm_id":"519430969","name":null,"kind":"road","highway":"footway","surface":null,"lanes":null},"geometry":{"type":"LineString","coordinates":[[71.4318532,51.1339819],[71.4319794,51.1340216],[71.4322343,51.1340634],[71.4325026,51.1340992],[71.4326868,51.1341162]]}},{"type":"Feature","id":"way/519430971/road","properties":{"osm_id":"519430971","name":null,"kind":"road","highway":"footway","surface":null,"lanes":null},"geometry":{"type":"LineString","coordinates":[[71.4328986,51.1340801],[71.4331322,51.1339619],[71.4332355,51.1339018],[71.43337,51.1338091],[71.4334004,51.1337299]]}},{"type":"Feature","id":"way/519430974/road","properties":{"osm_id":"519430974","name":null,"kind":"road","highway":"footway","surface":null,"lanes":null},"geometry":{"type":"LineString","coordinates":[[71.432767,51.1340473],[71.4326996,51.1338842],[71.4326828,51.1338485]]}},{"type":"Feature","id":"way/519430976/road","properties":{"osm_id":"519430976","name":null,"kind":"road","highway":"footway","surface":null,"lanes":null},"geometry":{"type":"LineString","coordinates":[[71.4327094,51.134072],[71.4324832,51.1339412],[71.432416,51.1338914]]}},{"type":"Feature","id":"way/519430978/road","properties":{"osm_id":"519430978","name":null,"kind":"road","highway":"footway","surface":null,"lanes":null},"geometry":{"type":"LineString","coordinates":[[71.432834,51.1340479],[71.4329306,51.1338671],[71.4329597,51.1338027]]}},{"type":"Feature","id":"way/520458762/road","properties":{"osm_id":"520458762","name":"Түркістан көшесі","kind":"road","highway":"secondary","surface":"asphalt","lanes":4.0},"geometry":{"type":"LineString","coordinates":[[71.4303702,51.1230726],[71.4302919,51.1228749]]}},{"type":"Feature","id":"way/521865930/road","properties":{"osm_id":"521865930","name":"Родниковая көшесі","kind":"road","highway":"residential","surface":null,"lanes":null},"geometry":{"type":"LineString","coordinates":[[71.4349639,51.1344416],[71.434672,51.1344831],[71.4341105,51.1345628],[71.4331537,51.1347398],[71.4329928,51.1347899],[71.4328294,51.1349154],[71.4327115,51.1351068],[71.4323477,51.1357378],[71.4322557,51.1359301],[71.4321345,51.1362209],[71.4321372,51.1362647],[71.4324725,51.1367558],[71.432726,51.137095],[71.4329485,51.1374093],[71.4337324,51.1384265],[71.433488,51.1389086],[71.4333219,51.1392826]]}},{"type":"Feature","id":"way/521865931/road","properties":{"osm_id":"521865931","name":"Жиембет Жырау көшесі","kind":"road","highway":"residential","surface":null,"lanes":null},"geometry":{"type":"LineString","coordinates":[[71.4263683,51.1376543],[71.426408,51.137606],[71.4266142,51.137511],[71.4271134,51.1372812],[71.4276768,51.1370447],[71.428099,51.1368786],[71.4283686,51.1367448],[71.4288267,51.1365598],[71.4293771,51.1363448],[71.4297308,51.1361855],[71.4297952,51.136116],[71.4298075,51.1360728]]}},{"type":"Feature","id":"way/521865932/road","properties":{"osm_id":"521865932","name":null,"kind":"road","highway":"residential","surface":null,"lanes":null},"geometry":{"type":"LineString","coordinates":[[71.4309045,51.1357654],[71.4307341,51.135767],[71.4304506,51.1357449],[71.429703,51.1358352]]}},{"type":"Feature","id":"way/521865933/road","properties":{"osm_id":"521865933","name":null,"kind":"road","highway":"service","surface":null,"lanes":null},"geometry":{"type":"LineString","coordinates":[[71.4214645,51.136346],[71.4225815,51.136156],[71.4231545,51.136049],[71.4240772,51.1358628]]}},{"type":"Feature","id":"way/521865934/road","properties":{"osm_id":"521865934","name":null,"kind":"road","highway":"service","surface":null,"lanes":null},"geometry":{"type":"LineString","coordinates":[[71.4212012,51.1358005],[71.4212688,51.1359369],[71.4212924,51.1359862],[71.4214645,51.136346],[71.4216301,51.1367499],[71.4228461,51.1365491],[71.4228736,51.1365141],[71.4228981,51.1363507],[71.4229275,51.1363183],[71.4241501,51.1360913]]}},{"type":"Feature","id":"way/521865935/road","properties":{"osm_id":"521865935","name":null,"kind":"road","highway":"service","surface":null,"lanes":null},"geometry":{"type":"LineString","coordinates":[[71.4248224,51.1364577],[71.4245737,51.1362479],[71.4243376,51.1361141],[71.4241501,51.1360913],[71.4240772,51.1358628],[71.4239299,51.1355332],[71.4239191,51.1355091],[71.423839,51.135329]]}},{"type":"Feature","id":"way/521865936/road","properties":{"osm_id":"521865936","name":null,"kind":"road","highway":"residential","surface":null,"lanes":null},"geometry":{"type":"LineString","coordinates":[[71.425565,51.1363186],[71.426454,51.1361602],[71.4272059,51.1360196],[71.4276612,51.1359392]]}},{"type":"Feature","id":"way/526060122/road","properties":{"osm_id":"526060122","name":"Түркістан көшесі","kind":"road","highway":"secondary","surface":"asphalt","lanes":4.0},"geometry":{"type":"LineString","coordinates":[[71.429364,51.1205311],[71.4293058,51.1203842],[71.4292885,51.1203406],[71.4290793,51.1198129],[71.4290267,51.1196802],[71.4288438,51.1192187],[71.4287651,51.1190201],[71.4285915,51.1185823],[71.4285395,51.1184511],[71.4284948,51.1183388],[71.428201,51.1175972],[71.4280629,51.1172488],[71.4280033,51.1170985],[71.4278558,51.1167264],[71.4278365,51.1166776],[71.4276927,51.1163129],[71.4276318,51.1161612]]}},{"type":"Feature","id":"way/557016724/road","properties":{"osm_id":"557016724","name":null,"kind":"road","highway":"service","surface":null,"lanes":null},"geometry":{"type":"LineString","coordinates":[[71.4376764,51.1261879],[71.4373532,51.1262377]]}},{"type":"Feature","id":"way/557016725/road","properties":{"osm_id":"557016725","name":null,"kind":"road","highway":"service","surface":null,"lanes":null},"geometry":{"type":"LineString","coordinates":[[71.4373532,51.1262377],[71.4371704,51.1262659]]}},{"type":"Feature","id":"way/557016726","properties":{"osm_id":"557016726","name":null,"kind":"building","building":"yes","height_m":12.0,"height_source":"visual-fallback:12m","levels":null},"geometry":{"type":"Polygon","coordinates":[[[71.4383178,51.1306849],[71.4384276,51.1306679],[71.4383924,51.1305834],[71.4382853,51.1306004],[71.4383178,51.1306849]]]}},{"type":"Feature","id":"way/557274521","properties":{"osm_id":"557274521","name":null,"kind":"building","building":"yes","height_m":3.0,"height_source":"osm:building:levels×3m","levels":1.0},"geometry":{"type":"Polygon","coordinates":[[[71.4308741,51.1205518],[71.4308924,51.1205946],[71.4309601,51.1205832],[71.4309418,51.1205404],[71.4308741,51.1205518]]]}},{"type":"Feature","id":"way/557274523","properties":{"osm_id":"557274523","name":null,"kind":"building","building":"yes","height_m":12.0,"height_source":"visual-fallback:12m","levels":null},"geometry":{"type":"Polygon","coordinates":[[[71.4326702,51.1210651],[71.432693,51.1211226],[71.4328078,51.1211046],[71.432785,51.1210471],[71.4326702,51.1210651]]]}},{"type":"Feature","id":"way/557274525","properties":{"osm_id":"557274525","name":null,"kind":"building","building":"yes","height_m":12.0,"height_source":"visual-fallback:12m","levels":null},"geometry":{"type":"Polygon","coordinates":[[[71.4324488,51.120498],[71.4324307,51.1204471],[71.4325347,51.1204326],[71.4325528,51.1204834],[71.4324488,51.120498]]]}},{"type":"Feature","id":"way/557274528","properties":{"osm_id":"557274528","name":null,"kind":"building","building":"yes","height_m":12.0,"height_source":"visual-fallback:12m","levels":null},"geometry":{"type":"Polygon","coordinates":[[[71.4331181,51.1203565],[71.4331352,51.1204055],[71.4332404,51.1203911],[71.4332233,51.1203421],[71.4331181,51.1203565]]]}},{"type":"Feature","id":"way/557274530","properties":{"osm_id":"557274530","name":null,"kind":"building","building":"yes","height_m":12.0,"height_source":"visual-fallback:12m","levels":null},"geometry":{"type":"Polygon","coordinates":[[[71.4351097,51.1201979],[71.4351439,51.1203067],[71.4352601,51.1202923],[71.4352258,51.1201835],[71.4351097,51.1201979]]]}},{"type":"Feature","id":"way/557274532","properties":{"osm_id":"557274532","name":null,"kind":"building","building":"yes","height_m":12.0,"height_source":"visual-fallback:12m","levels":null},"geometry":{"type":"Polygon","coordinates":[[[71.4352783,51.1205997],[71.4352941,51.1206499],[71.4353778,51.1206395],[71.4353621,51.1205893],[71.4352783,51.1205997]]]}},{"type":"Feature","id":"way/557274534","properties":{"osm_id":"557274534","name":null,"kind":"building","building":"yes","height_m":12.0,"height_source":"visual-fallback:12m","levels":null},"geometry":{"type":"Polygon","coordinates":[[[71.4353524,51.1208119],[71.4353698,51.120867],[71.4354565,51.1208562],[71.4354391,51.1208011],[71.4353524,51.1208119]]]}},{"type":"Feature","id":"way/557274536","properties":{"osm_id":"557274536","name":null,"kind":"building","building":"yes","height_m":12.0,"height_source":"visual-fallback:12m","levels":null},"geometry":{"type":"Polygon","coordinates":[[[71.4349367,51.1214435],[71.4350154,51.1214754],[71.4350703,51.1214221],[71.4349916,51.1213902],[71.4349367,51.1214435]]]}},{"type":"Feature","id":"way/559629142","properties":{"osm_id":"559629142","name":null,"kind":"building","building":"yes","height_m":12.0,"height_source":"visual-fallback:12m","levels":null},"geometry":{"type":"Polygon","coordinates":[[[71.4374109,51.1203147],[71.4373887,51.1202558],[71.4376131,51.1202225],[71.4376352,51.1202815],[71.4374109,51.1203147]]]}},{"type":"Feature","id":"way/559969394","properties":{"osm_id":"559969394","name":null,"kind":"building","building":"yes","height_m":12.0,"height_source":"visual-fallback:12m","levels":null},"geometry":{"type":"Polygon","coordinates":[[[71.4272609,51.131977],[71.4282871,51.1319666],[71.4282911,51.1321214],[71.4272649,51.1321318],[71.4272609,51.131977]]]}},{"type":"Feature","id":"way/559972590","properties":{"osm_id":"559972590","name":null,"kind":"building","building":"yes","height_m":18.0,"height_source":"osm:building:levels×3m","levels":6.0},"geometry":{"type":"Polygon","coordinates":[[[71.4333218,51.1367174],[71.4330588,51.1372276],[71.4333341,51.1372835],[71.4335971,51.1367733],[71.4333218,51.1367174]]]}},{"type":"Feature","id":"way/559972591","properties":{"osm_id":"559972591","name":null,"kind":"building","building":"yes","height_m":3.0,"height_source":"osm:building:levels×3m","levels":1.0},"geometry":{"type":"Polygon","coordinates":[[[71.4349014,51.1356542],[71.4348717,51.135719],[71.4345837,51.1356671],[71.4346134,51.1356023],[71.4349014,51.1356542]]]}},{"type":"Feature","id":"way/559972592","properties":{"osm_id":"559972592","name":null,"kind":"building","building":"yes","height_m":3.0,"height_source":"osm:building:levels×3m","levels":1.0},"geometry":{"type":"Polygon","coordinates":[[[71.4345454,51.1357121],[71.4344207,51.1356931],[71.4344616,51.1355875],[71.4345863,51.1356065],[71.4345454,51.1357121]]]}},{"type":"Feature","id":"way/559972594","properties":{"osm_id":"559972594","name":null,"kind":"building","building":"yes","height_m":12.0,"height_source":"visual-fallback:12m","levels":null},"geometry":{"type":"Polygon","coordinates":[[[71.4290582,51.1367286],[71.4289568,51.1366395],[71.4290031,51.1366187],[71.4289643,51.1365846],[71.429086,51.13653],[71.4292263,51.1366533],[71.4290582,51.1367286]]]}},{"type":"Feature","id":"way/559975243","properties":{"osm_id":"559975243","name":null,"kind":"building","building":"yes","height_m":12.0,"height_source":"visual-fallback:12m","levels":null},"geometry":{"type":"Polygon","coordinates":[[[71.4235705,51.1370159],[71.4234096,51.1370521],[71.4234728,51.1371627],[71.4236337,51.1371264],[71.4235705,51.1370159]]]}},{"type":"Feature","id":"way/559975244","properties":{"osm_id":"559975244","name":null,"kind":"building","building":"yes","height_m":12.0,"height_source":"visual-fallback:12m","levels":null},"geometry":{"type":"Polygon","coordinates":[[[71.4247683,51.1381819],[71.4246122,51.1382233],[71.4246746,51.1383161],[71.4248308,51.1382747],[71.4247683,51.1381819]]]}},{"type":"Feature","id":"way/559975245","properties":{"osm_id":"559975245","name":null,"kind":"building","building":"yes","height_m":12.0,"height_source":"visual-fallback:12m","levels":null},"geometry":{"type":"Polygon","coordinates":[[[71.4239255,51.1370567],[71.4238705,51.1369776],[71.4239951,51.1369435],[71.4240501,51.1370226],[71.4239255,51.1370567]]]}},{"type":"Feature","id":"way/559975246","properties":{"osm_id":"559975246","name":null,"kind":"building","building":"yes","height_m":12.0,"height_source":"visual-fallback:12m","levels":null},"geometry":{"type":"Polygon","coordinates":[[[71.4235517,51.1369973],[71.4235021,51.1369165],[71.4237665,51.1368525],[71.4237846,51.1368819],[71.4238162,51.1369333],[71.4235517,51.1369973]]]}},{"type":"Feature","id":"way/559975247","properties":{"osm_id":"559975247","name":null,"kind":"building","building":"yes","height_m":12.0,"height_source":"visual-fallback:12m","levels":null},"geometry":{"type":"Polygon","coordinates":[[[71.4237846,51.1368819],[71.4239711,51.1368368],[71.4240027,51.1368882],[71.4238162,51.1369333],[71.4237846,51.1368819]]]}},{"type":"Feature","id":"way/559977735","properties":{"osm_id":"559977735","name":null,"kind":"building","building":"yes","height_m":12.0,"height_source":"visual-fallback:12m","levels":null},"geometry":{"type":"Polygon","coordinates":[[[71.4216804,51.1394561],[71.4215895,51.1393051],[71.4217555,51.1392657],[71.4218465,51.1394168],[71.4216804,51.1394561]]]}},{"type":"Feature","id":"way/559989809","properties":{"osm_id":"559989809","name":null,"kind":"building","building":"yes","height_m":12.0,"height_source":"visual-fallback:12m","levels":null},"geometry":{"type":"Polygon","coordinates":[[[71.4262616,51.1389655],[71.4262117,51.1388724],[71.4263445,51.1388443],[71.4263944,51.1389375],[71.4262616,51.1389655]]]}},{"type":"Feature","id":"way/559989810","properties":{"osm_id":"559989810","name":null,"kind":"building","building":"detached","height_m":6.0,"height_source":"osm:building:levels×3m","levels":2.0},"geometry":{"type":"Polygon","coordinates":[[[71.4228001,51.1398752],[71.4229565,51.1398326],[71.4230312,51.1399405],[71.4228748,51.1399831],[71.4228001,51.1398752]]]}},{"type":"Feature","id":"way/559992423","properties":{"osm_id":"559992423","name":null,"kind":"building","building":"yes","height_m":12.0,"height_source":"visual-fallback:12m","levels":null},"geometry":{"type":"Polygon","coordinates":[[[71.4286228,51.1389233],[71.428585,51.1388621],[71.428714,51.1388308],[71.4287517,51.1388919],[71.4286228,51.1389233]]]}},{"type":"Feature","id":"way/559992424","properties":{"osm_id":"559992424","name":null,"kind":"building","building":"yes","height_m":3.0,"height_source":"osm:building:levels×3m","levels":1.0},"geometry":{"type":"Polygon","coordinates":[[[71.4302124,51.140043],[71.4302631,51.1399429],[71.4301093,51.1399123],[71.4300586,51.1400124],[71.4302124,51.140043]]]}},{"type":"Feature","id":"way/559992425","properties":{"osm_id":"559992425","name":null,"kind":"building","building":"yes","height_m":12.0,"height_source":"visual-fallback:12m","levels":null},"geometry":{"type":"Polygon","coordinates":[[[71.4268564,51.1385858],[71.4269715,51.1385619],[71.4270145,51.1386433],[71.4268994,51.1386672],[71.4268564,51.1385858]]]}},{"type":"Feature","id":"way/559992427","properties":{"osm_id":"559992427","name":null,"kind":"building","building":"yes","height_m":12.0,"height_source":"visual-fallback:12m","levels":null},"geometry":{"type":"Polygon","coordinates":[[[71.4271934,51.1396945],[71.4271252,51.13957],[71.4273094,51.1395303],[71.4273776,51.1396547],[71.4271934,51.1396945]]]}},{"type":"Feature","id":"way/560005441","properties":{"osm_id":"560005441","name":null,"kind":"building","building":"yes","height_m":12.0,"height_source":"visual-fallback:12m","levels":null},"geometry":{"type":"Polygon","coordinates":[[[71.4331158,51.1390607],[71.4331669,51.1389686],[71.4333305,51.1390043],[71.4332793,51.1390965],[71.4331158,51.1390607]]]}},{"type":"Feature","id":"way/560023908","properties":{"osm_id":"560023908","name":null,"kind":"building","building":"yes","height_m":12.0,"height_source":"visual-fallback:12m","levels":null},"geometry":{"type":"Polygon","coordinates":[[[71.4351397,51.1398208],[71.4350792,51.1399434],[71.4352112,51.1399695],[71.4352743,51.1398439],[71.4351397,51.1398208]]]}},{"type":"Feature","id":"way/578227356/road","properties":{"osm_id":"578227356","name":null,"kind":"road","highway":"service","surface":"asphalt","lanes":null},"geometry":{"type":"LineString","coordinates":[[71.4308161,51.124216],[71.4310694,51.1241795],[71.4312008,51.1241606]]}},{"type":"Feature","id":"way/578228391/road","properties":{"osm_id":"578228391","name":null,"kind":"road","highway":"footway","surface":"paved","lanes":null},"geometry":{"type":"LineString","coordinates":[[71.4310803,51.1242057],[71.4311246,51.1243203],[71.4313867,51.1249994],[71.4314284,51.125116],[71.4315676,51.1254906]]}},{"type":"Feature","id":"way/605644439/road","properties":{"osm_id":"605644439","name":null,"kind":"road","highway":"service","surface":null,"lanes":null},"geometry":{"type":"LineString","coordinates":[[71.4318157,51.1218589],[71.4318577,51.1219561],[71.4318834,51.1219722],[71.4319249,51.1219757],[71.4322467,51.1219314],[71.4322686,51.121916],[71.4322714,51.1218924],[71.4321848,51.1216693]]}},{"type":"Feature","id":"way/605644440/road","properties":{"osm_id":"605644440","name":null,"kind":"road","highway":"service","surface":null,"lanes":null},"geometry":{"type":"LineString","coordinates":[[71.4303902,51.1211146],[71.4300332,51.1211823]]}},{"type":"Feature","id":"way/605648424/road","properties":{"osm_id":"605648424","name":null,"kind":"road","highway":"service","surface":null,"lanes":null},"geometry":{"type":"LineString","coordinates":[[71.4355355,51.1206387],[71.4353949,51.1201392]]}},{"type":"Feature","id":"way/609670346/road","properties":{"osm_id":"609670346","name":"Достық көшесі","kind":"road","highway":"tertiary","surface":null,"lanes":null},"geometry":{"type":"LineString","coordinates":[[71.4387064,51.1245004],[71.4389252,51.1244653]]}},{"type":"Feature","id":"way/609670347/road","properties":{"osm_id":"609670347","name":"Достық көшесі","kind":"road","highway":"tertiary","surface":null,"lanes":null},"geometry":{"type":"LineString","coordinates":[[71.4383309,51.124636],[71.4378988,51.1247074],[71.4378486,51.1247153],[71.4375894,51.1247571]]}},{"type":"Feature","id":"way/609670348/road","properties":{"osm_id":"609670348","name":"Достық көшесі","kind":"road","highway":"tertiary","surface":null,"lanes":null},"geometry":{"type":"LineString","coordinates":[[71.4389108,51.1245435],[71.4386919,51.1245791]]}},{"type":"Feature","id":"way/609934671/road","properties":{"osm_id":"609934671","name":null,"kind":"road","highway":"service","surface":null,"lanes":null},"geometry":{"type":"LineString","coordinates":[[71.4322431,51.1386864],[71.4314854,51.1385805],[71.4314157,51.1385805],[71.4313513,51.1385872],[71.4309757,51.1386343]]}},{"type":"Feature","id":"way/609934673","properties":{"osm_id":"609934673","name":null,"kind":"building","building":"yes","height_m":3.0,"height_source":"osm:building:levels×3m","levels":1.0},"geometry":{"type":"Polygon","coordinates":[[[71.4320513,51.1380183],[71.4322072,51.1379736],[71.4321213,51.1378558],[71.4319655,51.1379005],[71.4320513,51.1380183]]]}},{"type":"Feature","id":"way/609934680/road","properties":{"osm_id":"609934680","name":null,"kind":"road","highway":"service","surface":null,"lanes":null},"geometry":{"type":"LineString","coordinates":[[71.4317465,51.1356746],[71.4309567,51.1356251]]}},{"type":"Feature","id":"way/609934681/road","properties":{"osm_id":"609934681","name":null,"kind":"road","highway":"service","surface":null,"lanes":null},"geometry":{"type":"LineString","coordinates":[[71.4259329,51.1351239],[71.4258767,51.1349838]]}},{"type":"Feature","id":"way/609934682/road","properties":{"osm_id":"609934682","name":null,"kind":"road","highway":"service","surface":null,"lanes":null},"geometry":{"type":"LineString","coordinates":[[71.4285682,51.1346749],[71.4259329,51.1351239],[71.4254672,51.1352142],[71.4253767,51.1352361],[71.4252773,51.1353168]]}},{"type":"Feature","id":"way/609934683/road","properties":{"osm_id":"609934683","name":null,"kind":"road","highway":"service","surface":null,"lanes":null},"geometry":{"type":"LineString","coordinates":[[71.4212688,51.1359369],[71.4204459,51.136077],[71.4205371,51.1363568],[71.4205099,51.1364234],[71.4204411,51.1364677]]}},{"type":"Feature","id":"way/609941956/road","properties":{"osm_id":"609941956","name":"Нұртас Оңдасынов көшесі","kind":"road","highway":"residential","surface":null,"lanes":null},"geometry":{"type":"LineString","coordinates":[[71.4240277,51.1366261],[71.4253436,51.1387202],[71.4257471,51.1393634]]}},{"type":"Feature","id":"way/609969231","properties":{"osm_id":"609969231","name":null,"kind":"building","building":"yes","height_m":3.0,"height_source":"osm:building:levels×3m","levels":1.0},"geometry":{"type":"Polygon","coordinates":[[[71.4344579,51.1279037],[71.4345558,51.1278877],[71.4345159,51.1277915],[71.434418,51.1278075],[71.4344579,51.1279037]]]}},{"type":"Feature","id":"way/609969232","properties":{"osm_id":"609969232","name":null,"kind":"building","building":"yes","height_m":3.0,"height_source":"osm:building:levels×3m","levels":1.0},"geometry":{"type":"Polygon","coordinates":[[[71.4343128,51.127561],[71.4344147,51.127545],[71.4343767,51.1274497],[71.4342748,51.1274657],[71.4343128,51.127561]]]}},{"type":"Feature","id":"way/610182661","properties":{"osm_id":"610182661","name":null,"kind":"building","building":"yes","height_m":3.0,"height_source":"osm:building:levels×3m","levels":1.0},"geometry":{"type":"Polygon","coordinates":[[[71.4226904,51.1363286],[71.4229116,51.1362904],[71.4228527,51.1361561],[71.4226316,51.1361943],[71.4226904,51.1363286]]]}},{"type":"Feature","id":"way/610182666/road","properties":{"osm_id":"610182666","name":null,"kind":"road","highway":"footway","surface":null,"lanes":null},"geometry":{"type":"LineString","coordinates":[[71.4257025,51.1345619],[71.4255926,51.134702],[71.4250803,51.1347962],[71.4228179,51.135185],[71.422729,51.135102]]}},{"type":"Feature","id":"way/610182667/road","properties":{"osm_id":"610182667","name":null,"kind":"road","highway":"footway","surface":null,"lanes":null},"geometry":{"type":"LineString","coordinates":[[71.4251926,51.1350308],[71.4251528,51.1349401],[71.4251058,51.1348476],[71.4250803,51.1347962]]}},{"type":"Feature","id":"way/611248333/road","properties":{"osm_id":"611248333","name":null,"kind":"road","highway":"footway","surface":null,"lanes":null},"geometry":{"type":"LineString","coordinates":[[71.4327613,51.1285157],[71.4327367,51.1285617],[71.4382392,51.1277681]]}},{"type":"Feature","id":"way/627124720/road","properties":{"osm_id":"627124720","name":"Сарайшық көшесі","kind":"road","highway":"secondary","surface":"asphalt","lanes":null},"geometry":{"type":"LineString","coordinates":[[71.4344378,51.1332524],[71.4347877,51.1331871],[71.4353547,51.1330843],[71.4367316,51.1328087]]}},{"type":"Feature","id":"way/628842630/road","properties":{"osm_id":"628842630","name":"Арай көшесі","kind":"road","highway":"tertiary","surface":null,"lanes":4.0},"geometry":{"type":"LineString","coordinates":[[71.4333839,51.1392364],[71.4337161,51.1390842],[71.4339038,51.1389612]]}},{"type":"Feature","id":"way/628842635/road","properties":{"osm_id":"628842635","name":null,"kind":"road","highway":"service","surface":null,"lanes":null},"geometry":{"type":"LineString","coordinates":[[71.429647,51.121246],[71.4298829,51.1212058],[71.4300332,51.1211823]]}},{"type":"Feature","id":"way/628842636/road","properties":{"osm_id":"628842636","name":null,"kind":"road","highway":"service","surface":null,"lanes":null},"geometry":{"type":"LineString","coordinates":[[71.4298297,51.1217073],[71.430054,51.1216671]]}},{"type":"Feature","id":"way/628842637/road","properties":{"osm_id":"628842637","name":null,"kind":"road","highway":"service","surface":null,"lanes":null},"geometry":{"type":"LineString","coordinates":[[71.4304926,51.1233867],[71.4305917,51.123368],[71.4307314,51.1233416],[71.4308653,51.1233208]]}},{"type":"Feature","id":"way/628842639/road","properties":{"osm_id":"628842639","name":null,"kind":"road","highway":"service","surface":null,"lanes":null},"geometry":{"type":"LineString","coordinates":[[71.436204,51.1332471],[71.4362611,51.1333849],[71.4355584,51.1334993]]}},{"type":"Feature","id":"way/628842641/road","properties":{"osm_id":"628842641","name":null,"kind":"road","highway":"residential","surface":null,"lanes":null},"geometry":{"type":"LineString","coordinates":[[71.4371635,51.1329589],[71.4371935,51.1330968],[71.437241,51.1332453],[71.4373259,51.1334708],[71.4374171,51.1337611],[71.4357793,51.1340264],[71.4355584,51.1334993],[71.4354938,51.1333642],[71.4353805,51.1331851]]}},{"type":"Feature","id":"way/628842642/road","properties":{"osm_id":"628842642","name":null,"kind":"road","highway":"service","surface":null,"lanes":null},"geometry":{"type":"LineString","coordinates":[[71.4320245,51.1370035],[71.4321909,51.1372424],[71.432726,51.137095]]}},{"type":"Feature","id":"way/629228204/road","properties":{"osm_id":"629228204","name":null,"kind":"road","highway":"footway","surface":null,"lanes":null},"geometry":{"type":"LineString","coordinates":[[71.4387014,51.1380054],[71.4383184,51.1389651],[71.4382871,51.1390441]]}},{"type":"Feature","id":"way/629228205/road","properties":{"osm_id":"629228205","name":null,"kind":"road","highway":"footway","surface":null,"lanes":null},"geometry":{"type":"LineString","coordinates":[[71.4385825,51.1375841],[71.4386471,51.1375636],[71.4387167,51.1375513],[71.4387888,51.1375478],[71.4388607,51.1375532],[71.4388857,51.1375583],[71.4389294,51.1375673],[71.4389925,51.1375896],[71.4390475,51.1376191],[71.4390922,51.1376548],[71.4391249,51.1376953],[71.4391444,51.137739],[71.43915,51.1377843],[71.4391414,51.1378293],[71.4391189,51.1378725],[71.4390835,51.137912],[71.4390364,51.1379465],[71.4389795,51.1379746],[71.438915,51.1379951],[71.4388453,51.1380074],[71.4387732,51.1380109],[71.4387014,51.1380054],[71.4386326,51.1379913],[71.4385695,51.1379691],[71.4385146,51.1379396],[71.4384699,51.1379039],[71.4384371,51.1378634],[71.4384176,51.1378197],[71.438412,51.1377744],[71.4384207,51.1377294],[71.4384431,51.1376862],[71.4384786,51.1376466],[71.4385257,51.1376122],[71.4385825,51.1375841]]}},{"type":"Feature","id":"way/629228208/road","properties":{"osm_id":"629228208","name":"Жауқазын көшесі","kind":"road","highway":"residential","surface":null,"lanes":null},"geometry":{"type":"LineString","coordinates":[[71.4407022,51.1394237],[71.4399114,51.1392746]]}},{"type":"Feature","id":"way/641438957/road","properties":{"osm_id":"641438957","name":"Достық көшесі","kind":"road","highway":"tertiary","surface":null,"lanes":null},"geometry":{"type":"LineString","coordinates":[[71.44125,51.1241653],[71.4404077,51.1243015],[71.439771,51.1244045],[71.4393868,51.1244667],[71.4389108,51.1245435]]}},{"type":"Feature","id":"way/649748229/road","properties":{"osm_id":"649748229","name":"Сауран көшесі","kind":"road","highway":"tertiary","surface":null,"lanes":4.0},"geometry":{"type":"LineString","coordinates":[[71.422945,51.1242177],[71.4228442,51.1240157]]}},{"type":"Feature","id":"way/669462282/road","properties":{"osm_id":"669462282","name":null,"kind":"road","highway":"service","surface":null,"lanes":null},"geometry":{"type":"LineString","coordinates":[[71.4322088,51.1201134],[71.4321026,51.1198484],[71.4331841,51.1196925],[71.4332732,51.1196797]]}},{"type":"Feature","id":"way/669462284/road","properties":{"osm_id":"669462284","name":null,"kind":"road","highway":"service","surface":null,"lanes":null},"geometry":{"type":"LineString","coordinates":[[71.4322088,51.1201134],[71.4319632,51.120151],[71.4310885,51.1202812],[71.4310204,51.1202913],[71.430642,51.120345],[71.4296176,51.1204916],[71.429364,51.1205311]]}},{"type":"Feature","id":"way/674088606/road","properties":{"osm_id":"674088606","name":null,"kind":"road","highway":"footway","surface":null,"lanes":null},"geometry":{"type":"LineString","coordinates":[[71.4388888,51.1292289],[71.4387883,51.1289385]]}},{"type":"Feature","id":"way/688297557/road","properties":{"osm_id":"688297557","name":"Қонаев көшесі","kind":"road","highway":"secondary","surface":"asphalt","lanes":4.0},"geometry":{"type":"LineString","coordinates":[[71.4215055,51.1321567],[71.4208048,51.1322639],[71.4205674,51.1323002],[71.4198516,51.1324096],[71.4195174,51.1324608],[71.4186767,51.1325893],[71.4183428,51.1326413],[71.4180991,51.1326777],[71.4172008,51.1328151],[71.4170227,51.1328423],[71.4168665,51.1328662],[71.4163302,51.1329482],[71.4154146,51.1330883],[71.4147892,51.1331839],[71.4144146,51.1332385]]}},{"type":"Feature","id":"way/688297712/road","properties":{"osm_id":"688297712","name":"Мәңгілік Ел даңғылы","kind":"road","highway":"secondary","surface":"asphalt","lanes":null},"geometry":{"type":"LineString","coordinates":[[71.4392822,51.1293783],[71.4392126,51.1292052],[71.4391024,51.1289254],[71.4386023,51.127655],[71.438127,51.1264473],[71.437614,51.1251444],[71.4375523,51.1249877],[71.4375268,51.124923],[71.4374692,51.1247766],[71.4374385,51.1246986],[71.4373827,51.1245569],[71.4373662,51.1245149],[71.436587,51.1225357],[71.4364749,51.122251]]}},{"type":"Feature","id":"way/688297714/road","properties":{"osm_id":"688297714","name":"Қонаев көшесі","kind":"road","highway":"secondary","surface":"asphalt","lanes":4.0},"geometry":{"type":"LineString","coordinates":[[71.4392822,51.1293783],[71.4390703,51.1294086],[71.4386104,51.1294744]]}},{"type":"Feature","id":"way/688297715/road","properties":{"osm_id":"688297715","name":"Мәңгілік Ел даңғылы","kind":"road","highway":"secondary","surface":"asphalt","lanes":null},"geometry":{"type":"LineString","coordinates":[[71.4394761,51.1293505],[71.4395451,51.1295191],[71.4399065,51.1303991]]}},{"type":"Feature","id":"way/696098444/road","properties":{"osm_id":"696098444","name":null,"kind":"road","highway":"footway","surface":null,"lanes":null},"geometry":{"type":"LineString","coordinates":[[71.4371856,51.1249673],[71.4371568,51.1248857],[71.4371455,51.1248583]]}},{"type":"Feature","id":"way/696098445/road","properties":{"osm_id":"696098445","name":null,"kind":"road","highway":"footway","surface":null,"lanes":null},"geometry":{"type":"LineString","coordinates":[[71.4372271,51.1245798],[71.4373827,51.1245569],[71.4375023,51.1245394],[71.4376912,51.1245116]]}},{"type":"Feature","id":"way/696098446/road","properties":{"osm_id":"696098446","name":null,"kind":"road","highway":"footway","surface":null,"lanes":null},"geometry":{"type":"LineString","coordinates":[[71.4378679,51.1247748],[71.4378486,51.1247153],[71.4378234,51.124638],[71.4378016,51.1245708]]}},{"type":"Feature","id":"way/696099168/road","properties":{"osm_id":"696099168","name":null,"kind":"road","highway":"footway","surface":null,"lanes":null},"geometry":{"type":"LineString","coordinates":[[71.4390882,51.1295948],[71.4391069,51.1295825],[71.4391308,51.1295668]]}},{"type":"Feature","id":"way/696099169/road","properties":{"osm_id":"696099169","name":null,"kind":"road","highway":"footway","surface":null,"lanes":null},"geometry":{"type":"LineString","coordinates":[[71.4391031,51.1294906],[71.4390703,51.1294086],[71.4390353,51.1293243]]}},{"type":"Feature","id":"way/696099171/road","properties":{"osm_id":"696099171","name":null,"kind":"road","highway":"footway","surface":null,"lanes":null},"geometry":{"type":"LineString","coordinates":[[71.4397041,51.1294008],[71.4396732,51.129319],[71.4396355,51.1292193]]}},{"type":"Feature","id":"way/696099251/road","properties":{"osm_id":"696099251","name":null,"kind":"road","highway":"footway","surface":null,"lanes":null},"geometry":{"type":"LineString","coordinates":[[71.4392671,51.1295588],[71.4393496,51.129547],[71.4395451,51.1295191],[71.4396019,51.129511]]}},{"type":"Feature","id":"way/696348869/road","properties":{"osm_id":"696348869","name":null,"kind":"road","highway":"footway","surface":null,"lanes":null},"geometry":{"type":"LineString","coordinates":[[71.4296321,51.1205328],[71.4296176,51.1204916],[71.4295972,51.1204324]]}},{"type":"Feature","id":"way/696349496/road","properties":{"osm_id":"696349496","name":null,"kind":"road","highway":"footway","surface":null,"lanes":null},"geometry":{"type":"LineString","coordinates":[[71.4316483,51.1257398],[71.4316295,51.1256867],[71.431604,51.1256113],[71.4315958,51.1255834]]}},{"type":"Feature","id":"way/696349805/road","properties":{"osm_id":"696349805","name":null,"kind":"road","highway":"footway","surface":null,"lanes":null},"geometry":{"type":"LineString","coordinates":[[71.4342271,51.1334577],[71.4341895,51.1333792],[71.4341503,51.1332973],[71.4341228,51.1332399]]}},{"type":"Feature","id":"way/696349806/road","properties":{"osm_id":"696349806","name":null,"kind":"road","highway":"footway","surface":null,"lanes":null},"geometry":{"type":"LineString","coordinates":[[71.4345393,51.133496],[71.4346058,51.1334813],[71.4346443,51.1334737]]}},{"type":"Feature","id":"way/696370629/road","properties":{"osm_id":"696370629","name":null,"kind":"road","highway":"footway","surface":null,"lanes":null},"geometry":{"type":"LineString","coordinates":[[71.4293734,51.1309728],[71.4293535,51.1309089],[71.4293309,51.1308365]]}},{"type":"Feature","id":"way/696370631/road","properties":{"osm_id":"696370631","name":null,"kind":"road","highway":"footway","surface":null,"lanes":null},"geometry":{"type":"LineString","coordinates":[[71.4298558,51.1309215],[71.4298213,51.130834],[71.4297675,51.130756]]}},{"type":"Feature","id":"way/696370740/road","properties":{"osm_id":"696370740","name":null,"kind":"road","highway":"footway","surface":null,"lanes":null},"geometry":{"type":"LineString","coordinates":[[71.428546,51.1285921],[71.4286349,51.1285791],[71.4287549,51.1285629]]}},{"type":"Feature","id":"way/696372956/road","properties":{"osm_id":"696372956","name":null,"kind":"road","highway":"footway","surface":null,"lanes":null},"geometry":{"type":"LineString","coordinates":[[71.4275335,51.1263742],[71.4275152,51.1263306],[71.4274831,51.1262545],[71.4274642,51.1262096]]}},{"type":"Feature","id":"way/696372957/road","properties":{"osm_id":"696372957","name":null,"kind":"road","highway":"footway","surface":null,"lanes":null},"geometry":{"type":"LineString","coordinates":[[71.4275962,51.1261067],[71.4276654,51.1260973],[71.4277984,51.1260794]]}},{"type":"Feature","id":"way/696372958/road","properties":{"osm_id":"696372958","name":null,"kind":"road","highway":"footway","surface":null,"lanes":null},"geometry":{"type":"LineString","coordinates":[[71.4280076,51.1263065],[71.4279874,51.1262565],[71.427955,51.1261808],[71.4279506,51.1261672]]}},{"type":"Feature","id":"way/696616486/road","properties":{"osm_id":"696616486","name":null,"kind":"road","highway":"footway","surface":null,"lanes":null},"geometry":{"type":"LineString","coordinates":[[71.4181986,51.1275858],[71.4183091,51.1275691],[71.4195065,51.127388],[71.4196483,51.1274101],[71.4198133,51.1273863],[71.4198923,51.1273385],[71.4201144,51.1273053],[71.4203845,51.1272651],[71.4221683,51.1269999],[71.4222785,51.1269496],[71.4235844,51.1267538],[71.4237463,51.1267318]]}},{"type":"Feature","id":"way/696618031/road","properties":{"osm_id":"696618031","name":null,"kind":"road","highway":"cycleway","surface":"paving_stones","lanes":null},"geometry":{"type":"LineString","coordinates":[[71.4184731,51.1324132],[71.4185066,51.1324075],[71.4185319,51.1324035],[71.4197821,51.1322061],[71.4198501,51.1321956],[71.4212651,51.1319768],[71.4213694,51.1319607],[71.4218558,51.1318855],[71.4224206,51.1317982],[71.4248554,51.1314219],[71.4250787,51.1313859],[71.4258188,51.1312666],[71.4258975,51.1312539],[71.425955,51.1312446],[71.4274556,51.1310027],[71.4285407,51.1308275],[71.4292136,51.1307231],[71.4292698,51.1307454],[71.4293309,51.1308365]]}},{"type":"Feature","id":"way/696619885/road","properties":{"osm_id":"696619885","name":null,"kind":"road","highway":"footway","surface":null,"lanes":null},"geometry":{"type":"LineString","coordinates":[[71.4342054,51.133134],[71.4343768,51.1331063]]}},{"type":"Feature","id":"way/698225896/road","properties":{"osm_id":"698225896","name":"Мәңгілік Ел даңғылы","kind":"road","highway":"secondary","surface":"asphalt","lanes":null},"geometry":{"type":"LineString","coordinates":[[71.4365836,51.1222413],[71.436696,51.1225224],[71.4374712,51.1244534],[71.4374825,51.1244845],[71.4375023,51.1245394],[71.4375585,51.1246798],[71.4375894,51.1247571]]}},{"type":"Feature","id":"way/698225897/road","properties":{"osm_id":"698225897","name":"Мәңгілік Ел даңғылы","kind":"road","highway":"secondary","surface":"asphalt","lanes":null},"geometry":{"type":"LineString","coordinates":[[71.4364452,51.1218399],[71.4365836,51.1222413]]}},{"type":"Feature","id":"way/698225927/road","properties":{"osm_id":"698225927","name":"Мәңгілік Ел даңғылы","kind":"road","highway":"secondary","surface":"asphalt","lanes":null},"geometry":{"type":"LineString","coordinates":[[71.4364749,51.122251],[71.4363418,51.1218825]]}},{"type":"Feature","id":"way/698225928/road","properties":{"osm_id":"698225928","name":"Мәңгілік Ел даңғылы","kind":"road","highway":"secondary","surface":"asphalt","lanes":null},"geometry":{"type":"LineString","coordinates":[[71.4363418,51.1218825],[71.4362532,51.1216366],[71.435324,51.1190587],[71.4352917,51.1189691],[71.4348505,51.1177613],[71.4348309,51.1177076]]}},{"type":"Feature","id":"way/699309777/road","properties":{"osm_id":"699309777","name":null,"kind":"road","highway":"service","surface":"asphalt","lanes":null},"geometry":{"type":"LineString","coordinates":[[71.4209851,51.1276528],[71.4210271,51.1277614],[71.4210395,51.1277933]]}},{"type":"Feature","id":"way/723049184/road","properties":{"osm_id":"723049184","name":"Сарайшық көшесі","kind":"road","highway":"secondary","surface":"asphalt","lanes":3.0},"geometry":{"type":"LineString","coordinates":[[71.4307973,51.133961],[71.4304738,51.1340187],[71.4298723,51.134126],[71.4290537,51.1342721],[71.426396,51.1347272],[71.4252156,51.1349293],[71.4251528,51.1349401],[71.4250056,51.134965],[71.4248991,51.1349852],[71.4245542,51.1350433],[71.4228843,51.1353248],[71.4203948,51.1357445],[71.4202777,51.1357643],[71.4200255,51.1358068]]}},{"type":"Feature","id":"way/723049185/road","properties":{"osm_id":"723049185","name":"Әлімхан Ермеков көшесі","kind":"road","highway":"residential","surface":null,"lanes":4.0},"geometry":{"type":"LineString","coordinates":[[71.4307973,51.133961],[71.4308718,51.1340844],[71.4308827,51.1341101],[71.4309217,51.1342016]]}},{"type":"Feature","id":"way/723049186/road","properties":{"osm_id":"723049186","name":"Ақмешіт көшесі","kind":"road","highway":"secondary","surface":"asphalt","lanes":4.0},"geometry":{"type":"LineString","coordinates":[[71.4307973,51.133961],[71.4307618,51.1338779]]}},{"type":"Feature","id":"way/730188747/road","properties":{"osm_id":"730188747","name":"Достық көшесі","kind":"road","highway":"tertiary","surface":"asphalt","lanes":null},"geometry":{"type":"LineString","coordinates":[[71.4239984,51.1267978],[71.4242083,51.1267651],[71.4251421,51.1266195],[71.4274831,51.1262545],[71.4277124,51.1262187],[71.427955,51.1261808],[71.4294911,51.1259411],[71.4296299,51.1259194],[71.4310685,51.1256949],[71.4313737,51.1256484],[71.431604,51.1256113],[71.4320032,51.1255498],[71.4325296,51.1254687],[71.4332202,51.1253622],[71.4336198,51.1253004],[71.4338781,51.125264],[71.4355828,51.1249931]]}},{"type":"Feature","id":"way/734360465/road","properties":{"osm_id":"734360465","name":"Сарайшық көшесі","kind":"road","highway":"secondary","surface":"asphalt","lanes":null},"geometry":{"type":"LineString","coordinates":[[71.4200255,51.1358068],[71.416177,51.1364663],[71.4160609,51.1364862],[71.4157898,51.136531]]}},{"type":"Feature","id":"way/734360466/road","properties":{"osm_id":"734360466","name":"Елубай Тайбеков көшесі","kind":"road","highway":"residential","surface":null,"lanes":null},"geometry":{"type":"LineString","coordinates":[[71.4200255,51.1358068],[71.4199944,51.1357219]]}},{"type":"Feature","id":"way/734360467/road","properties":{"osm_id":"734360467","name":"Сарайшық көшесі","kind":"road","highway":"secondary","surface":"asphalt","lanes":null},"geometry":{"type":"LineString","coordinates":[[71.4199944,51.1357219],[71.4200652,51.1357096],[71.4202472,51.1356781],[71.4227336,51.135247],[71.4234625,51.1351243],[71.4249594,51.1348722],[71.4251058,51.1348476],[71.4252046,51.1348304],[71.4259723,51.1346972],[71.4271176,51.1344984],[71.4280458,51.1343399],[71.4297801,51.1340437],[71.4303941,51.1339389],[71.4304358,51.1339318],[71.4307618,51.1338779],[71.4310987,51.1338148],[71.4313059,51.1337758],[71.4320964,51.1336434],[71.4335399,51.1334016],[71.4340552,51.1333136],[71.4341503,51.1332973],[71.4344378,51.1332524]]}},{"type":"Feature","id":"way/734360468/road","properties":{"osm_id":"734360468","name":"Елубай Тайбеков көшесі","kind":"road","highway":"residential","surface":null,"lanes":null},"geometry":{"type":"LineString","coordinates":[[71.4201284,51.1359763],[71.4200845,51.1359068],[71.4200255,51.1358068]]}},{"type":"Feature","id":"way/734360469/road","properties":{"osm_id":"734360469","name":null,"kind":"road","highway":"service","surface":null,"lanes":null},"geometry":{"type":"LineString","coordinates":[[71.4204398,51.1359258],[71.4212012,51.1358005],[71.4225603,51.1355584],[71.423839,51.135329],[71.4243124,51.1352504],[71.4247312,51.1351809]]}},{"type":"Feature","id":"way/734361220/road","properties":{"osm_id":"734361220","name":"Арай көшесі","kind":"road","highway":"tertiary","surface":null,"lanes":4.0},"geometry":{"type":"LineString","coordinates":[[71.4354924,51.1357317],[71.4351997,51.1349759],[71.4349639,51.1344416]]}},{"type":"Feature","id":"way/734361224/road","properties":{"osm_id":"734361224","name":"Арай көшесі","kind":"road","highway":"tertiary","surface":null,"lanes":4.0},"geometry":{"type":"LineString","coordinates":[[71.4354239,51.1365611],[71.4354784,51.1363578],[71.4355072,51.1361475],[71.4355236,51.136028],[71.4354924,51.1357317]]}},{"type":"Feature","id":"way/734361225/road","properties":{"osm_id":"734361225","name":"Арай көшесі","kind":"road","highway":"tertiary","surface":null,"lanes":4.0},"geometry":{"type":"LineString","coordinates":[[71.434855,51.1377423],[71.434903,51.137664],[71.4349718,51.1375186],[71.4350245,51.1374194],[71.4351444,51.1371637],[71.4352261,51.1369846],[71.4353394,51.1367613],[71.4354239,51.1365611]]}},{"type":"Feature","id":"way/734361228/road","properties":{"osm_id":"734361228","name":"Арай көшесі","kind":"road","highway":"tertiary","surface":null,"lanes":4.0},"geometry":{"type":"LineString","coordinates":[[71.4339038,51.1389612],[71.4342598,51.1385859],[71.4343546,51.138486]]}},{"type":"Feature","id":"way/734363797/road","properties":{"osm_id":"734363797","name":"Достық көшесі","kind":"road","highway":"tertiary","surface":"asphalt","lanes":null},"geometry":{"type":"LineString","coordinates":[[71.4136075,51.1284238],[71.4139884,51.1283606],[71.416055,51.128038],[71.4161411,51.1280246],[71.4164907,51.1279663],[71.4168066,51.1279208],[71.4181213,51.1277162],[71.4192453,51.1275404],[71.4198432,51.127447],[71.4201505,51.1273989],[71.4204258,51.1273559],[71.4221896,51.1270806],[71.4237892,51.1268305],[71.4239984,51.1267978]]}},{"type":"Feature","id":"way/734373260/road","properties":{"osm_id":"734373260","name":"Сауран көшесі","kind":"road","highway":"tertiary","surface":null,"lanes":5.0},"geometry":{"type":"LineString","coordinates":[[71.4240335,51.1268718],[71.4239984,51.1267978]]}},{"type":"Feature","id":"way/734373263/road","properties":{"osm_id":"734373263","name":null,"kind":"road","highway":"service","surface":null,"lanes":null},"geometry":{"type":"LineString","coordinates":[[71.433168,51.1199507],[71.4325342,51.1200633],[71.4322088,51.1201134]]}},{"type":"Feature","id":"way/734374610/road","properties":{"osm_id":"734374610","name":null,"kind":"road","highway":"service","surface":null,"lanes":null},"geometry":{"type":"LineString","coordinates":[[71.4382198,51.1191177],[71.4385678,51.1201294],[71.4401269,51.1199181],[71.4402088,51.119907]]}},{"type":"Feature","id":"way/734377146/road","properties":{"osm_id":"734377146","name":null,"kind":"road","highway":"service","surface":null,"lanes":null},"geometry":{"type":"LineString","coordinates":[[71.4180566,51.1210666],[71.4184462,51.1210222],[71.4186314,51.1210011],[71.4187393,51.1213848],[71.419829,51.1212641],[71.420342,51.121195],[71.4205216,51.1211708]]}},{"type":"Feature","id":"way/734377190/road","properties":{"osm_id":"734377190","name":null,"kind":"road","highway":"service","surface":null,"lanes":null},"geometry":{"type":"LineString","coordinates":[[71.4187632,51.1239583],[71.4195817,51.1239297],[71.4200779,51.1238653],[71.4206444,51.1237918],[71.4212486,51.1236734],[71.4211056,51.1234228],[71.4208424,51.1229617],[71.4207586,51.122815]]}},{"type":"Feature","id":"way/734377523/road","properties":{"osm_id":"734377523","name":null,"kind":"road","highway":"service","surface":null,"lanes":null},"geometry":{"type":"LineString","coordinates":[[71.4205973,51.1206309],[71.4206647,51.1206164]]}},{"type":"Feature","id":"way/734377836/road","properties":{"osm_id":"734377836","name":null,"kind":"road","highway":"service","surface":null,"lanes":null},"geometry":{"type":"LineString","coordinates":[[71.4212736,51.1215431],[71.421213,51.1215634]]}},{"type":"Feature","id":"way/734377837/road","properties":{"osm_id":"734377837","name":null,"kind":"road","highway":"living_street","surface":null,"lanes":null},"geometry":{"type":"LineString","coordinates":[[71.4209567,51.1216144],[71.4204385,51.1216853],[71.418604,51.1219364],[71.4179182,51.1220302],[71.4167232,51.1221938]]}},{"type":"Feature","id":"way/734377838/road","properties":{"osm_id":"734377838","name":null,"kind":"road","highway":"service","surface":null,"lanes":null},"geometry":{"type":"LineString","coordinates":[[71.4209567,51.1216144],[71.4215306,51.1225101],[71.4216397,51.1226748],[71.4218025,51.1229013],[71.4220176,51.1232006],[71.4223701,51.1237998]]}},{"type":"Feature","id":"way/734514010/road","properties":{"osm_id":"734514010","name":null,"kind":"road","highway":"footway","surface":null,"lanes":null},"geometry":{"type":"LineString","coordinates":[[71.4273229,51.1203772],[71.4272969,51.1202793],[71.4271885,51.1199917],[71.4271268,51.1198289],[71.4270195,51.1196033],[71.4269593,51.1194989],[71.4269524,51.1193844],[71.4268749,51.1192142],[71.426821,51.119147],[71.4267325,51.1189147],[71.4267076,51.118812],[71.4266832,51.1187111],[71.4266442,51.1186538],[71.4264942,51.1184336],[71.4264062,51.1182068],[71.426412,51.118156],[71.4264482,51.1178422],[71.4263613,51.11763],[71.4263388,51.1175751],[71.426175,51.1173518],[71.4260175,51.1171025],[71.4259742,51.1169916],[71.4259173,51.1167817],[71.4259029,51.1167286],[71.4258608,51.116587]]}},{"type":"Feature","id":"way/734514011/road","properties":{"osm_id":"734514011","name":null,"kind":"road","highway":"footway","surface":null,"lanes":null},"geometry":{"type":"LineString","coordinates":[[71.4278014,51.1194484],[71.4277518,51.1198221],[71.4277106,51.1199587],[71.4276445,51.1201235],[71.4275489,51.1202469],[71.4273229,51.1203772],[71.4270525,51.1203527],[71.4268567,51.1202592],[71.4266436,51.1201398],[71.4264876,51.1199594],[71.4262555,51.1197166],[71.4262426,51.1196793],[71.4261854,51.1196133],[71.425975,51.1193359],[71.4258394,51.1190763],[71.4257907,51.1189787],[71.425751,51.118899],[71.4257364,51.1188609],[71.4256016,51.11851],[71.4255877,51.1184739],[71.4255618,51.1183877],[71.4254871,51.1180636],[71.4254794,51.1180302],[71.4254646,51.1179348],[71.4254303,51.1176965],[71.4254309,51.1176199],[71.425431,51.117582],[71.4254317,51.1173556],[71.4255038,51.117112],[71.4255524,51.1169944],[71.4256315,51.1168909],[71.4257643,51.1167722],[71.4259029,51.1167286],[71.4260942,51.116741],[71.4262766,51.1167848],[71.4265785,51.1169501],[71.4266825,51.117023],[71.4270085,51.1173649],[71.4270492,51.1174376],[71.4271843,51.1176051],[71.4272148,51.1176523],[71.4272772,51.1177489],[71.4272904,51.1177743],[71.4274581,51.1180953],[71.4275033,51.1181818],[71.4275263,51.1182259],[71.4276284,51.1184213],[71.4276594,51.1185559],[71.427669,51.1185978],[71.4276876,51.1186786],[71.4277726,51.1190487],[71.4277786,51.1190746],[71.4278014,51.1194484]]}},{"type":"Feature","id":"way/734514829/road","properties":{"osm_id":"734514829","name":null,"kind":"road","highway":"footway","surface":null,"lanes":null},"geometry":{"type":"LineString","coordinates":[[71.4277106,51.1199587],[71.4283598,51.1202049],[71.4287452,51.1203511],[71.4288855,51.1203302],[71.4289829,51.1203534],[71.429026,51.1203637],[71.4291811,51.1204007]]}},{"type":"Feature","id":"way/734514830","properties":{"osm_id":"734514830","name":null,"kind":"building","building":"yes","height_m":3.0,"height_source":"osm:building:levels×3m","levels":1.0},"geometry":{"type":"Polygon","coordinates":[[[71.4211321,51.1200629],[71.4210409,51.1197632],[71.420749,51.1197982],[71.4208402,51.1200979],[71.4211321,51.1200629]]]}},{"type":"Feature","id":"way/735041697/road","properties":{"osm_id":"735041697","name":"Мәңгілік Ел даңғылы","kind":"road","highway":"secondary","surface":"asphalt","lanes":null},"geometry":{"type":"LineString","coordinates":[[71.4399065,51.1303991],[71.4400569,51.1308],[71.4401136,51.1308877],[71.4401914,51.1309666],[71.4403477,51.1310902],[71.44056,51.1311968],[71.44076,51.1312745],[71.4415097,51.1315714],[71.441653,51.1316603],[71.4417839,51.1317547],[71.4418671,51.1318424],[71.441922,51.1319348],[71.4419535,51.1319934],[71.4419757,51.1320505],[71.4420014,51.1321304],[71.4420119,51.132211],[71.4420002,51.132304],[71.4419629,51.1324073],[71.441915,51.1324916],[71.4418345,51.1325985],[71.4417387,51.1327062],[71.4416193,51.1328386],[71.4414423,51.133038],[71.4413511,51.1331458],[71.441262,51.1332591],[71.4411965,51.1334157],[71.4411806,51.1335567],[71.441193,51.1338332],[71.441356,51.1342834],[71.4413922,51.1343688],[71.4415813,51.1349243],[71.4416204,51.1350665],[71.4417447,51.1354655],[71.4418618,51.1357548],[71.4419885,51.136001],[71.4420883,51.1361542],[71.4423187,51.1364821]]}},{"type":"Feature","id":"way/735041698/road","properties":{"osm_id":"735041698","name":"Мәңгілік Ел даңғылы","kind":"road","highway":"secondary","surface":"asphalt","lanes":null},"geometry":{"type":"LineString","coordinates":[[71.4397347,51.1305348],[71.4396153,51.1302387],[71.4394217,51.1297347],[71.4393496,51.129547],[71.4392822,51.1293783]]}},{"type":"Feature","id":"way/735041764/road","properties":{"osm_id":"735041764","name":null,"kind":"road","highway":"footway","surface":null,"lanes":null},"geometry":{"type":"LineString","coordinates":[[71.4394852,51.1291538],[71.4395134,51.1291702],[71.4395419,51.1291882],[71.4396139,51.1292216],[71.4396355,51.1292193],[71.4397084,51.1292116],[71.4401482,51.1291315]]}},{"type":"Feature","id":"way/735041921/road","properties":{"osm_id":"735041921","name":null,"kind":"road","highway":"service","surface":null,"lanes":null},"geometry":{"type":"LineString","coordinates":[[71.4397453,51.1287303],[71.4396325,51.1285664],[71.4396172,51.1285443],[71.4394716,51.1283515],[71.4393393,51.1281768],[71.4392104,51.1279753]]}},{"type":"Feature","id":"way/735041922/road","properties":{"osm_id":"735041922","name":null,"kind":"road","highway":"service","surface":null,"lanes":null},"geometry":{"type":"LineString","coordinates":[[71.4392104,51.1279753],[71.4391649,51.1278743],[71.438936,51.1273348]]}},{"type":"Feature","id":"way/735041923/road","properties":{"osm_id":"735041923","name":null,"kind":"road","highway":"service","surface":null,"lanes":null},"geometry":{"type":"LineString","coordinates":[[71.4383203,51.1251722],[71.4383216,51.12521],[71.4383284,51.1254048],[71.4383311,51.1254278],[71.4383794,51.1258359],[71.4384221,51.1260497],[71.4384663,51.1261568],[71.4385893,51.1264665]]}},{"type":"Feature","id":"way/735041924/road","properties":{"osm_id":"735041924","name":null,"kind":"road","highway":"service","surface":null,"lanes":null},"geometry":{"type":"LineString","coordinates":[[71.4387923,51.1232824],[71.4388121,51.1232479],[71.4390108,51.1228519],[71.439027,51.1228172],[71.4390626,51.1227488],[71.4390939,51.1226966],[71.439332,51.122339],[71.4391539,51.1222888],[71.4391599,51.122245],[71.4391574,51.1221905]]}},{"type":"Feature","id":"way/735042007/road","properties":{"osm_id":"735042007","name":null,"kind":"road","highway":"footway","surface":null,"lanes":null},"geometry":{"type":"LineString","coordinates":[[71.4382233,51.1245447],[71.4381811,51.1244405],[71.4381225,51.1242956],[71.438077,51.1241831],[71.4380125,51.1240403],[71.4379458,51.12386],[71.4379242,51.1238055],[71.4378297,51.1235718],[71.4378056,51.1235121],[71.4377625,51.1234056],[71.4377012,51.1232542],[71.4376566,51.1231439]]}},{"type":"Feature","id":"way/735043084/road","properties":{"osm_id":"735043084","name":"Әлімхан Ермеков көшесі","kind":"road","highway":"residential","surface":null,"lanes":null},"geometry":{"type":"LineString","coordinates":[[71.4311799,51.1350306],[71.4309567,51.1356251],[71.4309045,51.1357654],[71.4306176,51.1366102],[71.4305922,51.1366673],[71.4305582,51.1367276],[71.4305073,51.1367756],[71.430433,51.1368227],[71.4303185,51.1368664],[71.4298708,51.1370325],[71.4289501,51.1373766],[71.4280125,51.1377403]]}},{"type":"Feature","id":"way/738374990/road","properties":{"osm_id":"738374990","name":null,"kind":"road","highway":"service","surface":null,"lanes":null},"geometry":{"type":"LineString","coordinates":[[71.4368059,51.1241776],[71.4366113,51.1242059],[71.4363427,51.1242194],[71.4353651,51.1243767]]}},{"type":"Feature","id":"way/738374991/road","properties":{"osm_id":"738374991","name":null,"kind":"road","highway":"service","surface":null,"lanes":null},"geometry":{"type":"LineString","coordinates":[[71.4338375,51.1251476],[71.4338217,51.1251022],[71.4337123,51.1250842],[71.4335741,51.1250615],[71.4333214,51.1244259]]}},{"type":"Feature","id":"way/738374992/road","properties":{"osm_id":"738374992","name":null,"kind":"road","highway":"service","surface":"asphalt","lanes":null},"geometry":{"type":"LineString","coordinates":[[71.4355145,51.1248226],[71.4352471,51.1248713],[71.4338887,51.1250919],[71.4338217,51.1251022]]}},{"type":"Feature","id":"way/738374993/road","properties":{"osm_id":"738374993","name":null,"kind":"road","highway":"service","surface":null,"lanes":null},"geometry":{"type":"LineString","coordinates":[[71.4355223,51.1248415],[71.4355145,51.1248226],[71.435492,51.1247679],[71.4353651,51.1243767],[71.4353042,51.1242419],[71.4352611,51.1241576],[71.4351885,51.124144],[71.4351211,51.1241388],[71.4350782,51.1241454],[71.4341115,51.1242931]]}},{"type":"Feature","id":"way/739600680/road","properties":{"osm_id":"739600680","name":null,"kind":"road","highway":"footway","surface":null,"lanes":null},"geometry":{"type":"LineString","coordinates":[[71.4307024,51.1231763],[71.4306667,51.1230585]]}},{"type":"Feature","id":"way/739600681/road","properties":{"osm_id":"739600681","name":null,"kind":"road","highway":"footway","surface":null,"lanes":null},"geometry":{"type":"LineString","coordinates":[[71.4315676,51.1254906],[71.4315958,51.1255834]]}},{"type":"Feature","id":"way/739600682/road","properties":{"osm_id":"739600682","name":null,"kind":"road","highway":"footway","surface":"asphalt","lanes":null},"geometry":{"type":"LineString","coordinates":[[71.4301704,51.1232513],[71.4302088,51.1232445],[71.4302943,51.1232295]]}},{"type":"Feature","id":"way/739600683/road","properties":{"osm_id":"739600683","name":null,"kind":"road","highway":"footway","surface":"paved","lanes":null},"geometry":{"type":"LineString","coordinates":[[71.4307024,51.1231763],[71.4305569,51.1231883]]}},{"type":"Feature","id":"way/739600684/road","properties":{"osm_id":"739600684","name":null,"kind":"road","highway":"secondary_link","surface":null,"lanes":null},"geometry":{"type":"LineString","coordinates":[[71.4261211,51.1235093],[71.4262908,51.1233508],[71.4263147,51.1233217],[71.4263633,51.1232624],[71.4264148,51.1231332],[71.4264527,51.1230058]]}},{"type":"Feature","id":"way/739600685/road","properties":{"osm_id":"739600685","name":null,"kind":"road","highway":"footway","surface":null,"lanes":null},"geometry":{"type":"LineString","coordinates":[[71.4230413,51.1237432],[71.4231159,51.1239331]]}},{"type":"Feature","id":"way/739600686/road","properties":{"osm_id":"739600686","name":null,"kind":"road","highway":"footway","surface":null,"lanes":null},"geometry":{"type":"LineString","coordinates":[[71.4230413,51.1237432],[71.4229417,51.1237557],[71.4228207,51.1237709]]}},{"type":"Feature","id":"way/739600687/road","properties":{"osm_id":"739600687","name":null,"kind":"road","highway":"service","surface":null,"lanes":null},"geometry":{"type":"LineString","coordinates":[[71.4213882,51.1239474],[71.4214153,51.1240017],[71.4214717,51.1241125],[71.4215324,51.1242319]]}},{"type":"Feature","id":"way/739600688/road","properties":{"osm_id":"739600688","name":null,"kind":"road","highway":"service","surface":null,"lanes":null},"geometry":{"type":"LineString","coordinates":[[71.4213051,51.1237782],[71.4213882,51.1239474]]}},{"type":"Feature","id":"way/739600689/road","properties":{"osm_id":"739600689","name":null,"kind":"road","highway":"service","surface":null,"lanes":null},"geometry":{"type":"LineString","coordinates":[[71.4212486,51.1236734],[71.4213051,51.1237782]]}},{"type":"Feature","id":"way/739602237/road","properties":{"osm_id":"739602237","name":null,"kind":"road","highway":"footway","surface":null,"lanes":null},"geometry":{"type":"LineString","coordinates":[[71.4227542,51.1243523],[71.4228967,51.124316]]}},{"type":"Feature","id":"way/739602238/road","properties":{"osm_id":"739602238","name":null,"kind":"road","highway":"footway","surface":null,"lanes":null},"geometry":{"type":"LineString","coordinates":[[71.4232875,51.124314],[71.4231062,51.1242821]]}},{"type":"Feature","id":"way/739602239/road","properties":{"osm_id":"739602239","name":null,"kind":"road","highway":"footway","surface":null,"lanes":null},"geometry":{"type":"LineString","coordinates":[[71.4232875,51.124314],[71.4232485,51.1242164]]}},{"type":"Feature","id":"way/762777577/road","properties":{"osm_id":"762777577","name":null,"kind":"road","highway":"service","surface":null,"lanes":null},"geometry":{"type":"LineString","coordinates":[[71.4251278,51.1296002],[71.4257564,51.1311161]]}},{"type":"Feature","id":"way/762777578/road","properties":{"osm_id":"762777578","name":null,"kind":"road","highway":"service","surface":null,"lanes":null},"geometry":{"type":"LineString","coordinates":[[71.4257564,51.1311161],[71.4258188,51.1312666],[71.4258272,51.1312869],[71.4258949,51.1314602]]}},{"type":"Feature","id":"way/762778201/road","properties":{"osm_id":"762778201","name":"Қонаев көшесі","kind":"road","highway":"secondary","surface":"asphalt","lanes":4.0},"geometry":{"type":"LineString","coordinates":[[71.4268353,51.1313109],[71.4260214,51.1314401],[71.4258949,51.1314602],[71.4249316,51.131613]]}},{"type":"Feature","id":"way/762778202/road","properties":{"osm_id":"762778202","name":null,"kind":"road","highway":"residential","surface":null,"lanes":null},"geometry":{"type":"LineString","coordinates":[[71.4268353,51.1313109],[71.4268697,51.131397],[71.4269192,51.1315207]]}},{"type":"Feature","id":"way/762778203/road","properties":{"osm_id":"762778203","name":null,"kind":"road","highway":"residential","surface":null,"lanes":null},"geometry":{"type":"LineString","coordinates":[[71.4269192,51.1315207],[71.4269432,51.1315808],[71.4270782,51.1319187],[71.4272923,51.1324543],[71.427363,51.1326313],[71.4274249,51.1327863],[71.4274413,51.1328272],[71.4275029,51.1329813],[71.4277399,51.1335744],[71.4277936,51.1337087],[71.4279435,51.1340841],[71.4279647,51.1341371],[71.4279865,51.1341916],[71.4279923,51.134206],[71.4280458,51.1343399]]}},{"type":"Feature","id":"way/762778206/road","properties":{"osm_id":"762778206","name":null,"kind":"road","highway":"service","surface":null,"lanes":null},"geometry":{"type":"LineString","coordinates":[[71.429662,51.13328],[71.429787,51.133259]]}},{"type":"Feature","id":"way/762778207/road","properties":{"osm_id":"762778207","name":null,"kind":"road","highway":"service","surface":null,"lanes":null},"geometry":{"type":"LineString","coordinates":[[71.4301224,51.1332113],[71.4301908,51.1332015],[71.4304781,51.1331478]]}},{"type":"Feature","id":"way/762778578/road","properties":{"osm_id":"762778578","name":"Мәңгілік Ел даңғылы","kind":"road","highway":"secondary","surface":"asphalt","lanes":null},"geometry":{"type":"LineString","coordinates":[[71.4349595,51.1176919],[71.4349809,51.1177512],[71.4353018,51.1186395],[71.4353644,51.1188053],[71.4354458,51.1190426],[71.4363645,51.121614],[71.4364452,51.1218399]]}},{"type":"Feature","id":"way/762780007","properties":{"osm_id":"762780007","name":"Abu Dhabi Plaza","kind":"building","building":"yes","height_m":6.0,"height_source":"osm:building:levels×3m","levels":2.0},"geometry":{"type":"Polygon","coordinates":[[[71.4280287,51.1226971],[71.4279804,51.1225798],[71.4278839,51.1223452],[71.4278356,51.1222279],[71.4283481,51.1221448],[71.4283964,51.1222621],[71.4284929,51.1224968],[71.4285412,51.1226141],[71.4288002,51.1225721],[71.4290156,51.1225372],[71.4287765,51.1219562],[71.4290631,51.1219098],[71.4293496,51.1218633],[71.4290904,51.1212334],[71.4282086,51.1213764],[71.4281732,51.1212903],[71.4281496,51.121233],[71.4281142,51.1211469],[71.4279082,51.1211606],[71.4276978,51.1211878],[71.4274956,51.1212257],[71.4272943,51.1212798],[71.4274045,51.1215477],[71.4265148,51.1216919],[71.426591,51.1218795],[71.4270138,51.1218179],[71.4271741,51.1222063],[71.4274143,51.1227967],[71.4280287,51.1226971]]]}},{"type":"Feature","id":"way/762781545/road","properties":{"osm_id":"762781545","name":null,"kind":"road","highway":"secondary_link","surface":null,"lanes":null},"geometry":{"type":"LineString","coordinates":[[71.4264527,51.1230058],[71.4267301,51.1232469],[71.4267613,51.1232685],[71.4268023,51.1232885],[71.4268525,51.123311],[71.42693,51.1233276],[71.4270331,51.1233582]]}},{"type":"Feature","id":"way/802836708/road","properties":{"osm_id":"802836708","name":null,"kind":"road","highway":"footway","surface":null,"lanes":null},"geometry":{"type":"LineString","coordinates":[[71.4365602,51.1240141],[71.4365709,51.1236993],[71.4365467,51.1236336]]}},{"type":"Feature","id":"way/802836709/road","properties":{"osm_id":"802836709","name":null,"kind":"road","highway":"service","surface":null,"lanes":null},"geometry":{"type":"LineString","coordinates":[[71.4365467,51.1236336],[71.4364568,51.1234126]]}},{"type":"Feature","id":"way/802836710/road","properties":{"osm_id":"802836710","name":null,"kind":"road","highway":"footway","surface":null,"lanes":null},"geometry":{"type":"LineString","coordinates":[[71.4358467,51.123063],[71.4353827,51.1228795],[71.4348328,51.1226673],[71.4346758,51.1226381],[71.436418,51.1232953],[71.4364568,51.1234126]]}},{"type":"Feature","id":"way/823796093/road","properties":{"osm_id":"823796093","name":null,"kind":"road","highway":"footway","surface":null,"lanes":null},"geometry":{"type":"LineString","coordinates":[[71.4377936,51.1337523],[71.4378644,51.133937],[71.437882,51.1339728]]}},{"type":"Feature","id":"way/823796095/road","properties":{"osm_id":"823796095","name":null,"kind":"road","highway":"footway","surface":null,"lanes":null},"geometry":{"type":"LineString","coordinates":[[71.4360857,51.1350294],[71.4361608,51.1351927],[71.4362278,51.1352482],[71.4362761,51.1353004],[71.4362868,51.1353576],[71.4362785,51.1353987],[71.4362681,51.1354502],[71.4363082,51.1354912],[71.4363434,51.1355273],[71.4364575,51.1356566],[71.4364907,51.1356942],[71.4366757,51.1358928]]}},{"type":"Feature","id":"way/823796096/road","properties":{"osm_id":"823796096","name":null,"kind":"road","highway":"residential","surface":null,"lanes":null},"geometry":{"type":"LineString","coordinates":[[71.4357793,51.1340264],[71.4358675,51.1342001],[71.4358806,51.1342268],[71.4358992,51.1342648],[71.4359515,51.1343469],[71.4360513,51.1344523],[71.4361107,51.1345548],[71.4361417,51.1346987],[71.4360488,51.1348404],[71.4353421,51.1349321],[71.4351997,51.1349759]]}},{"type":"Feature","id":"way/823796310/road","properties":{"osm_id":"823796310","name":null,"kind":"road","highway":"footway","surface":null,"lanes":null},"geometry":{"type":"LineString","coordinates":[[71.4360857,51.1350294],[71.4361181,51.1348766],[71.4360488,51.1348404]]}},{"type":"Feature","id":"way/823813454/road","properties":{"osm_id":"823813454","name":null,"kind":"road","highway":"service","surface":null,"lanes":null},"geometry":{"type":"LineString","coordinates":[[71.4320032,51.1255498],[71.4320865,51.1254993],[71.4321227,51.1254501],[71.4321314,51.1254015],[71.432143,51.1253363],[71.4330386,51.1251961],[71.4333376,51.1251493]]}},{"type":"Feature","id":"way/823821289/road","properties":{"osm_id":"823821289","name":null,"kind":"road","highway":"service","surface":null,"lanes":null},"geometry":{"type":"LineString","coordinates":[[71.4203486,51.1228717],[71.4201945,51.1225185],[71.4208508,51.1224057],[71.4206758,51.1219494],[71.4195718,51.1221194],[71.4193675,51.1221509],[71.4191199,51.122189],[71.4189716,51.1222119],[71.4187889,51.12224],[71.4185733,51.1222732],[71.4175122,51.1224367],[71.417553,51.1225263]]}},{"type":"Feature","id":"way/823821290/road","properties":{"osm_id":"823821290","name":null,"kind":"road","highway":"service","surface":null,"lanes":null},"geometry":{"type":"LineString","coordinates":[[71.4201033,51.1229123],[71.4199664,51.1225598],[71.4201945,51.1225185]]}},{"type":"Feature","id":"way/824089989/road","properties":{"osm_id":"824089989","name":null,"kind":"road","highway":"service","surface":null,"lanes":null},"geometry":{"type":"LineString","coordinates":[[71.4345437,51.1330048],[71.4360061,51.1327575],[71.4374478,51.1325137]]}},{"type":"Feature","id":"way/824089990/road","properties":{"osm_id":"824089990","name":null,"kind":"road","highway":"service","surface":null,"lanes":null},"geometry":{"type":"LineString","coordinates":[[71.4360061,51.1327575],[71.4358415,51.1323669],[71.4356773,51.1319879]]}},{"type":"Feature","id":"way/824089991/road","properties":{"osm_id":"824089991","name":null,"kind":"road","highway":"service","surface":null,"lanes":null},"geometry":{"type":"LineString","coordinates":[[71.4358415,51.1323669],[71.4353621,51.1324528],[71.4354297,51.1325928],[71.4349495,51.132682],[71.4348896,51.1325205],[71.4348345,51.1323721],[71.4352945,51.1322957],[71.4353621,51.1324528]]}},{"type":"Feature","id":"way/824089992/road","properties":{"osm_id":"824089992","name":null,"kind":"road","highway":"service","surface":null,"lanes":null},"geometry":{"type":"LineString","coordinates":[[71.4348896,51.1325205],[71.4343764,51.1325936],[71.4342243,51.13222]]}},{"type":"Feature","id":"way/824089993/road","properties":{"osm_id":"824089993","name":null,"kind":"road","highway":"service","surface":null,"lanes":null},"geometry":{"type":"LineString","coordinates":[[71.4358415,51.1323669],[71.4362955,51.1322915],[71.4363496,51.1324528],[71.4368636,51.1323636],[71.4367419,51.132058],[71.4362279,51.1321344],[71.4362955,51.1322915]]}},{"type":"Feature","id":"way/824518219/road","properties":{"osm_id":"824518219","name":null,"kind":"road","highway":"service","surface":null,"lanes":null},"geometry":{"type":"LineString","coordinates":[[71.4271134,51.1372812],[71.4269981,51.1370876],[71.4269552,51.1370456],[71.4268774,51.1370035],[71.4266896,51.1365979],[71.4267353,51.1365728],[71.4267701,51.1365642],[71.4273753,51.1364493],[71.4275936,51.1369347],[71.4276768,51.1370447]]}},{"type":"Feature","id":"way/824518221/road","properties":{"osm_id":"824518221","name":null,"kind":"road","highway":"service","surface":null,"lanes":null},"geometry":{"type":"LineString","coordinates":[[71.4273753,51.1364493],[71.4272059,51.1360196]]}},{"type":"Feature","id":"way/824558758/road","properties":{"osm_id":"824558758","name":null,"kind":"road","highway":"service","surface":null,"lanes":null},"geometry":{"type":"LineString","coordinates":[[71.4296366,51.1223139],[71.4291552,51.1211472],[71.4292864,51.1210369],[71.4293986,51.1209627],[71.4295066,51.1208912]]}},{"type":"Feature","id":"way/824558759/road","properties":{"osm_id":"824558759","name":null,"kind":"road","highway":"service","surface":null,"lanes":null},"geometry":{"type":"LineString","coordinates":[[71.4296366,51.1223139],[71.4298573,51.1223949],[71.4301303,51.1224665]]}},{"type":"Feature","id":"way/824774157/road","properties":{"osm_id":"824774157","name":null,"kind":"road","highway":"service","surface":null,"lanes":null},"geometry":{"type":"LineString","coordinates":[[71.4333214,51.1244259],[71.4335628,51.1243926],[71.4341115,51.1242931]]}},{"type":"Feature","id":"way/824774158/road","properties":{"osm_id":"824774158","name":null,"kind":"road","highway":"service","surface":null,"lanes":null},"geometry":{"type":"LineString","coordinates":[[71.433936,51.1236019],[71.4337878,51.1232384],[71.4337099,51.1230443],[71.4335804,51.122725],[71.4335212,51.1225841]]}},{"type":"Feature","id":"way/824774159/road","properties":{"osm_id":"824774159","name":null,"kind":"road","highway":"service","surface":null,"lanes":null},"geometry":{"type":"LineString","coordinates":[[71.4350675,51.1236279],[71.4349756,51.1236365],[71.4349157,51.1236741],[71.4350305,51.1239622],[71.4350005,51.1239997],[71.4349257,51.124031],[71.4341824,51.1241438],[71.4341325,51.1241156],[71.4339698,51.1236877],[71.433936,51.1236019]]}},{"type":"Feature","id":"way/824774160/road","properties":{"osm_id":"824774160","name":null,"kind":"road","highway":"service","surface":null,"lanes":null},"geometry":{"type":"LineString","coordinates":[[71.4333214,51.1244259],[71.4332665,51.124294],[71.433496,51.1242502],[71.4332964,51.1237743],[71.4338701,51.1236835],[71.433936,51.1236019]]}},{"type":"Feature","id":"way/835673541/road","properties":{"osm_id":"835673541","name":null,"kind":"road","highway":"service","surface":null,"lanes":null},"geometry":{"type":"LineString","coordinates":[[71.4360665,51.130116],[71.4361279,51.1300173]]}},{"type":"Feature","id":"way/847851336","properties":{"osm_id":"847851336","name":null,"kind":"building","building":"yes","height_m":12.0,"height_source":"visual-fallback:12m","levels":null},"geometry":{"type":"Polygon","coordinates":[[[71.4307009,51.1391118],[71.4307062,51.1392189],[71.4308823,51.1392155],[71.430877,51.1391084],[71.4307009,51.1391118]]]}},{"type":"Feature","id":"way/847950420/road","properties":{"osm_id":"847950420","name":null,"kind":"road","highway":"footway","surface":null,"lanes":null},"geometry":{"type":"LineString","coordinates":[[71.4343764,51.1325936],[71.4345437,51.1330048],[71.4345735,51.1330812]]}},{"type":"Feature","id":"way/858472810/road","properties":{"osm_id":"858472810","name":null,"kind":"road","highway":"footway","surface":null,"lanes":null},"geometry":{"type":"LineString","coordinates":[[71.4260519,51.1315218],[71.4260214,51.1314401],[71.425984,51.1313395]]}},{"type":"Feature","id":"way/866894885/road","properties":{"osm_id":"866894885","name":null,"kind":"road","highway":"service","surface":null,"lanes":null},"geometry":{"type":"LineString","coordinates":[[71.4312008,51.1241606],[71.4312547,51.1243021],[71.4315128,51.1249789],[71.4315569,51.125095]]}},{"type":"Feature","id":"way/866894886/road","properties":{"osm_id":"866894886","name":null,"kind":"road","highway":"service","surface":null,"lanes":null},"geometry":{"type":"LineString","coordinates":[[71.4311827,51.1251581],[71.4314284,51.125116],[71.4315569,51.125095]]}},{"type":"Feature","id":"way/866894887/road","properties":{"osm_id":"866894887","name":null,"kind":"road","highway":"service","surface":null,"lanes":null},"geometry":{"type":"LineString","coordinates":[[71.4311401,51.1250488],[71.4313867,51.1249994],[71.4315128,51.1249789]]}},{"type":"Feature","id":"way/867264698/road","properties":{"osm_id":"867264698","name":null,"kind":"road","highway":"residential","surface":null,"lanes":null},"geometry":{"type":"LineString","coordinates":[[71.428099,51.1368786],[71.4276612,51.1359392]]}},{"type":"Feature","id":"way/867264699/road","properties":{"osm_id":"867264699","name":null,"kind":"road","highway":"service","surface":null,"lanes":null},"geometry":{"type":"LineString","coordinates":[[71.4288267,51.1365598],[71.4286654,51.1361419],[71.42926,51.1360523],[71.4293771,51.1363448]]}},{"type":"Feature","id":"way/867264700/road","properties":{"osm_id":"867264700","name":null,"kind":"road","highway":"service","surface":null,"lanes":null},"geometry":{"type":"LineString","coordinates":[[71.4283686,51.1367448],[71.4280817,51.1361182]]}},{"type":"Feature","id":"way/867655003/road","properties":{"osm_id":"867655003","name":null,"kind":"road","highway":"service","surface":null,"lanes":null},"geometry":{"type":"LineString","coordinates":[[71.4338185,51.1366171],[71.4333529,51.1365185]]}},{"type":"Feature","id":"way/867655005/road","properties":{"osm_id":"867655005","name":null,"kind":"road","highway":"service","surface":null,"lanes":null},"geometry":{"type":"LineString","coordinates":[[71.4203467,51.1202547],[71.4206339,51.1201926],[71.4212676,51.1200787],[71.4211127,51.1196818]]}},{"type":"Feature","id":"way/867659668/road","properties":{"osm_id":"867659668","name":null,"kind":"road","highway":"service","surface":null,"lanes":null},"geometry":{"type":"LineString","coordinates":[[71.4207252,51.1369005],[71.4216301,51.1367499]]}},{"type":"Feature","id":"way/868576409/road","properties":{"osm_id":"868576409","name":null,"kind":"road","highway":"service","surface":null,"lanes":null},"geometry":{"type":"LineString","coordinates":[[71.4222118,51.1230737],[71.4225292,51.1229905],[71.4229646,51.1228756],[71.4230177,51.1228079],[71.4230297,51.1227523],[71.4230526,51.1227069]]}},{"type":"Feature","id":"way/868641220/road","properties":{"osm_id":"868641220","name":null,"kind":"road","highway":"service","surface":null,"lanes":null},"geometry":{"type":"LineString","coordinates":[[71.4282389,51.1357688],[71.4281403,51.1355118]]}},{"type":"Feature","id":"way/868655586/road","properties":{"osm_id":"868655586","name":null,"kind":"road","highway":"service","surface":null,"lanes":null},"geometry":{"type":"LineString","coordinates":[[71.4198342,51.123612],[71.4199765,51.1235908],[71.4211056,51.1234228]]}},{"type":"Feature","id":"way/868655587/road","properties":{"osm_id":"868655587","name":null,"kind":"road","highway":"service","surface":null,"lanes":null},"geometry":{"type":"LineString","coordinates":[[71.4199765,51.1235908],[71.4200779,51.1238653]]}},{"type":"Feature","id":"way/868655611/road","properties":{"osm_id":"868655611","name":null,"kind":"road","highway":"service","surface":null,"lanes":null},"geometry":{"type":"LineString","coordinates":[[71.4209997,51.1227974],[71.4213523,51.1233735],[71.421479,51.1235671]]}},{"type":"Feature","id":"way/868655612/road","properties":{"osm_id":"868655612","name":null,"kind":"road","highway":"service","surface":null,"lanes":null},"geometry":{"type":"LineString","coordinates":[[71.4213523,51.1233735],[71.421882,51.1232358],[71.4220176,51.1232006]]}},{"type":"Feature","id":"way/868655630/road","properties":{"osm_id":"868655630","name":null,"kind":"road","highway":"service","surface":null,"lanes":null},"geometry":{"type":"LineString","coordinates":[[71.4251634,51.1363895],[71.4258654,51.1377136]]}},{"type":"Feature","id":"way/869005242/road","properties":{"osm_id":"869005242","name":null,"kind":"road","highway":"service","surface":null,"lanes":null},"geometry":{"type":"LineString","coordinates":[[71.4222901,51.1254458],[71.4225144,51.1259312]]}},{"type":"Feature","id":"way/870021304/road","properties":{"osm_id":"870021304","name":null,"kind":"road","highway":"service","surface":null,"lanes":null},"geometry":{"type":"LineString","coordinates":[[71.4323933,51.1262423],[71.4324471,51.1263702],[71.4327094,51.1269942]]}},{"type":"Feature","id":"way/870714804/road","properties":{"osm_id":"870714804","name":null,"kind":"road","highway":"service","surface":null,"lanes":null},"geometry":{"type":"LineString","coordinates":[[71.4339047,51.1299006],[71.4337282,51.1294122],[71.4355275,51.1291273],[71.4361937,51.1290264],[71.4379508,51.1287436],[71.4379805,51.1287171],[71.4379946,51.1286871],[71.4378113,51.1282146],[71.4363908,51.1284397]]}},{"type":"Feature","id":"way/870714805/road","properties":{"osm_id":"870714805","name":null,"kind":"road","highway":"service","surface":null,"lanes":null},"geometry":{"type":"LineString","coordinates":[[71.4363908,51.1284397],[71.4362763,51.128552],[71.4360417,51.1286539],[71.4357996,51.1286947],[71.4355078,51.1286983],[71.4351774,51.1286438],[71.433513,51.1288875],[71.4337282,51.1294122]]}},{"type":"Feature","id":"way/870797329/road","properties":{"osm_id":"870797329","name":null,"kind":"road","highway":"service","surface":null,"lanes":null},"geometry":{"type":"LineString","coordinates":[[71.435881,51.1355955],[71.4358328,51.1361558],[71.4357241,51.1361564],[71.4356595,51.1361552],[71.4355072,51.1361475]]}},{"type":"Feature","id":"way/910569073/road","properties":{"osm_id":"910569073","name":"Түркістан көшесі","kind":"road","highway":"secondary","surface":"asphalt","lanes":4.0},"geometry":{"type":"LineString","coordinates":[[71.4302919,51.1228749],[71.4301783,51.1225879],[71.4301303,51.1224665],[71.4298297,51.1217073],[71.429647,51.121246]]}},{"type":"Feature","id":"way/910570043/road","properties":{"osm_id":"910570043","name":null,"kind":"road","highway":"service","surface":null,"lanes":null},"geometry":{"type":"LineString","coordinates":[[71.4309212,51.1200253],[71.4306916,51.1200625],[71.4306619,51.1199892],[71.4305264,51.1200108],[71.4306087,51.120214],[71.4307443,51.1201924],[71.4306916,51.1200625]]}},{"type":"Feature","id":"way/915349162/road","properties":{"osm_id":"915349162","name":null,"kind":"road","highway":"service","surface":null,"lanes":null},"geometry":{"type":"LineString","coordinates":[[71.4337765,51.1223495],[71.433682,51.1220772],[71.4336713,51.1220517],[71.4335293,51.121637],[71.4335306,51.1215689],[71.4335963,51.1215512],[71.4336861,51.121568],[71.4339329,51.1215537],[71.4341917,51.1215124],[71.4345243,51.1213913],[71.4346236,51.1212835],[71.4343339,51.120472],[71.4345213,51.1203472],[71.4346826,51.1202397],[71.4352431,51.1201626],[71.4352627,51.1201596],[71.435607,51.120106]]}},{"type":"Feature","id":"way/915349163/road","properties":{"osm_id":"915349163","name":null,"kind":"road","highway":"residential","surface":null,"lanes":null},"geometry":{"type":"LineString","coordinates":[[71.435784,51.1368672],[71.4358809,51.1368905],[71.4360988,51.1369429],[71.4361792,51.1369833],[71.436233,51.1370994],[71.4358676,51.1378106],[71.4357716,51.1379309],[71.4352324,51.1378265]]}},{"type":"Feature","id":"way/915349164/road","properties":{"osm_id":"915349164","name":null,"kind":"road","highway":"footway","surface":null,"lanes":null},"geometry":{"type":"LineString","coordinates":[[71.4394599,51.1367451],[71.4393657,51.1367763],[71.4393069,51.1368193],[71.4392961,51.1368272],[71.4390814,51.1369783],[71.4383572,51.1369412],[71.4381051,51.1370523],[71.4381031,51.1371547]]}},{"type":"Feature","id":"way/915391400","properties":{"osm_id":"915391400","name":null,"kind":"building","building":"yes","height_m":12.0,"height_source":"visual-fallback:12m","levels":null},"geometry":{"type":"Polygon","coordinates":[[[71.426042,51.1324118],[71.4260128,51.1323396],[71.4262257,51.1323056],[71.4262549,51.1323778],[71.426042,51.1324118]]]}},{"type":"Feature","id":"way/915391401","properties":{"osm_id":"915391401","name":"Лазурный","kind":"building","building":"yes","height_m":12.0,"height_source":"visual-fallback:12m","levels":null},"geometry":{"type":"Polygon","coordinates":[[[71.4291699,51.1350041],[71.4289511,51.1350452],[71.4288817,51.1348997],[71.4291005,51.1348586],[71.4291699,51.1350041]]]}},{"type":"Feature","id":"way/915404379/road","properties":{"osm_id":"915404379","name":null,"kind":"road","highway":"service","surface":null,"lanes":null},"geometry":{"type":"LineString","coordinates":[[71.4322793,51.1353054],[71.4319629,51.135339],[71.4318448,51.1354265],[71.4317465,51.1356746]]}},{"type":"Feature","id":"way/915404380/road","properties":{"osm_id":"915404380","name":null,"kind":"road","highway":"residential","surface":null,"lanes":null},"geometry":{"type":"LineString","coordinates":[[71.435299,51.1386134],[71.4352468,51.1385216],[71.4352352,51.1384727],[71.4352351,51.1384239],[71.4352995,51.1381698]]}},{"type":"Feature","id":"way/915404383/road","properties":{"osm_id":"915404383","name":null,"kind":"road","highway":"residential","surface":null,"lanes":null},"geometry":{"type":"LineString","coordinates":[[71.4348261,51.1377873],[71.4346802,51.1378074],[71.4345689,51.1378222],[71.4344278,51.1380688],[71.4344776,51.1381311],[71.4345593,51.1381995]]}},{"type":"Feature","id":"way/915404384/road","properties":{"osm_id":"915404384","name":null,"kind":"road","highway":"service","surface":null,"lanes":null},"geometry":{"type":"LineString","coordinates":[[71.434855,51.1377423],[71.4347385,51.1377143],[71.4346628,51.137696],[71.4343285,51.137611],[71.4344466,51.137399],[71.4348617,51.1374935],[71.4349718,51.1375186]]}},{"type":"Feature","id":"way/915404387","properties":{"osm_id":"915404387","name":null,"kind":"building","building":"yes","height_m":12.0,"height_source":"visual-fallback:12m","levels":null},"geometry":{"type":"Polygon","coordinates":[[[71.4299096,51.1392512],[71.4298454,51.1391441],[71.4299953,51.1391087],[71.4300595,51.1392159],[71.4299096,51.1392512]]]}},{"type":"Feature","id":"way/915404388","properties":{"osm_id":"915404388","name":null,"kind":"building","building":"yes","height_m":12.0,"height_source":"visual-fallback:12m","levels":null},"geometry":{"type":"Polygon","coordinates":[[[71.4343251,51.1382132],[71.434372,51.1381305],[71.4341202,51.1380742],[71.4340732,51.1381569],[71.4343251,51.1382132]]]}},{"type":"Feature","id":"way/915404389","properties":{"osm_id":"915404389","name":"NAK","kind":"building","building":"yes","height_m":12.0,"height_source":"visual-fallback:12m","levels":null},"geometry":{"type":"Polygon","coordinates":[[[71.4339553,51.138037],[71.4341397,51.1376761],[71.4345516,51.137759],[71.4343672,51.1381199],[71.4339553,51.138037]]]}},{"type":"Feature","id":"way/915404392","properties":{"osm_id":"915404392","name":null,"kind":"building","building":"yes","height_m":12.0,"height_source":"visual-fallback:12m","levels":null},"geometry":{"type":"Polygon","coordinates":[[[71.4207673,51.1397677],[71.4207081,51.1396667],[71.4208826,51.1396264],[71.4209419,51.1397274],[71.4207673,51.1397677]]]}},{"type":"Feature","id":"way/917237011/road","properties":{"osm_id":"917237011","name":null,"kind":"road","highway":"service","surface":null,"lanes":null},"geometry":{"type":"LineString","coordinates":[[71.4375817,51.1203883],[71.4377027,51.120369],[71.4379754,51.1203255],[71.4385879,51.1202279],[71.4385678,51.1201294]]}},{"type":"Feature","id":"way/918112811","properties":{"osm_id":"918112811","name":null,"kind":"building","building":"yes","height_m":12.0,"height_source":"visual-fallback:12m","levels":null},"geometry":{"type":"Polygon","coordinates":[[[71.4229742,51.1391938],[71.4229305,51.1391253],[71.4227447,51.139172],[71.4227883,51.1392405],[71.4229742,51.1391938]]]}},{"type":"Feature","id":"way/918112812","properties":{"osm_id":"918112812","name":null,"kind":"building","building":"yes","height_m":12.0,"height_source":"visual-fallback:12m","levels":null},"geometry":{"type":"Polygon","coordinates":[[[71.4240625,51.1392713],[71.423998,51.1391619],[71.4238316,51.1392005],[71.4238961,51.1393099],[71.4240625,51.1392713]]]}},{"type":"Feature","id":"way/963390401","properties":{"osm_id":"963390401","name":"Landmark","kind":"building","building":"apartments","height_m":30.0,"height_source":"osm:building:levels×3m","levels":10.0},"geometry":{"type":"Polygon","coordinates":[[[71.4215692,51.1264668],[71.4218208,51.1264323],[71.421919,51.1267138],[71.4216896,51.1267453],[71.4217405,51.126891],[71.4209457,51.1270002],[71.420894,51.1268521],[71.4216665,51.126746],[71.4215692,51.1264668]]]}},{"type":"Feature","id":"way/963416041","properties":{"osm_id":"963416041","name":null,"kind":"building","building":"apartments","height_m":27.0,"height_source":"osm:building:levels×3m","levels":9.0},"geometry":{"type":"Polygon","coordinates":[[[71.4206229,51.1351957],[71.4196522,51.1353635],[71.4192278,51.1343971],[71.4196426,51.1343355],[71.4196938,51.1344808],[71.4195464,51.1344995],[71.4198341,51.1351548],[71.4205505,51.1350309],[71.4206229,51.1351957]]]}},{"type":"Feature","id":"way/966335513/road","properties":{"osm_id":"966335513","name":"Ақмешіт көшесі","kind":"road","highway":"secondary","surface":"asphalt","lanes":4.0},"geometry":{"type":"LineString","coordinates":[[71.4266997,51.12364],[71.4266178,51.12343]]}},{"type":"Feature","id":"way/966335515/road","properties":{"osm_id":"966335515","name":"Сығанақ көшесі","kind":"road","highway":"secondary","surface":null,"lanes":4.0},"geometry":{"type":"LineString","coordinates":[[71.4270331,51.1233582],[71.4275646,51.1232796],[71.4295876,51.1229803],[71.430106,51.1229037],[71.4302919,51.1228749],[71.4305851,51.1228294],[71.4310369,51.1227593],[71.4317742,51.122649],[71.4327891,51.1224972],[71.4329645,51.122471]]}},{"type":"Feature","id":"way/977003529/road","properties":{"osm_id":"977003529","name":null,"kind":"road","highway":"cycleway","surface":"paving_stones","lanes":null},"geometry":{"type":"LineString","coordinates":[[71.4394599,51.1291592],[71.4393353,51.1288394],[71.4392717,51.128676],[71.4391242,51.1282971],[71.4390111,51.1280067],[71.4386276,51.1270221],[71.43823,51.1259872],[71.4382382,51.1258962],[71.4381398,51.1256624],[71.4380788,51.125613],[71.438013,51.125444],[71.4379311,51.1252339],[71.437862,51.1250563],[71.4377995,51.1248879],[71.4376508,51.1249065],[71.4375268,51.124923],[71.4374084,51.1249384]]}},{"type":"Feature","id":"way/1026327241","properties":{"osm_id":"1026327241","name":null,"kind":"building","building":"apartments","height_m":63.0,"height_source":"osm:building:levels×3m","levels":21.0},"geometry":{"type":"Polygon","coordinates":[[[71.4209825,51.1351382],[71.4217892,51.1350047],[71.4217125,51.1348222],[71.4209058,51.1349558],[71.4209825,51.1351382]]]}},{"type":"Feature","id":"way/1026327242","properties":{"osm_id":"1026327242","name":null,"kind":"building","building":"apartments","height_m":63.0,"height_source":"osm:building:levels×3m","levels":21.0},"geometry":{"type":"Polygon","coordinates":[[[71.4219581,51.1349676],[71.422386,51.134893],[71.422311,51.1347235],[71.4218831,51.134798],[71.4219581,51.1349676]]]}},{"type":"Feature","id":"way/1042817544","properties":{"osm_id":"1042817544","name":null,"kind":"building","building":"apartments","height_m":12.0,"height_source":"visual-fallback:12m","levels":null},"geometry":{"type":"Polygon","coordinates":[[[71.4237463,51.1250109],[71.4237412,51.1249962],[71.4236278,51.1246671],[71.4238496,51.124637],[71.4239681,51.1249808],[71.4237463,51.1250109]]]}},{"type":"Feature","id":"way/1044708435/road","properties":{"osm_id":"1044708435","name":null,"kind":"road","highway":"service","surface":null,"lanes":null},"geometry":{"type":"LineString","coordinates":[[71.4281556,51.1335085],[71.4284054,51.1334695]]}},{"type":"Feature","id":"way/1044708436/road","properties":{"osm_id":"1044708436","name":null,"kind":"road","highway":"service","surface":null,"lanes":null},"geometry":{"type":"LineString","coordinates":[[71.4279187,51.1335459],[71.4281556,51.1335085]]}},{"type":"Feature","id":"way/1044708437/road","properties":{"osm_id":"1044708437","name":null,"kind":"road","highway":"service","surface":null,"lanes":null},"geometry":{"type":"LineString","coordinates":[[71.4299913,51.1332253],[71.4301224,51.1332113]]}},{"type":"Feature","id":"way/1044708438/road","properties":{"osm_id":"1044708438","name":null,"kind":"road","highway":"service","surface":null,"lanes":null},"geometry":{"type":"LineString","coordinates":[[71.429787,51.133259],[71.4299913,51.1332253]]}},{"type":"Feature","id":"way/1086841543/road","properties":{"osm_id":"1086841543","name":null,"kind":"road","highway":"service","surface":null,"lanes":null},"geometry":{"type":"LineString","coordinates":[[71.4270993,51.1246347],[71.427361,51.1245892],[71.4274627,51.1245733],[71.4276888,51.1245377]]}},{"type":"Feature","id":"way/1086841544/road","properties":{"osm_id":"1086841544","name":"Ақмешіт көшесі","kind":"road","highway":"secondary","surface":"asphalt","lanes":4.0},"geometry":{"type":"LineString","coordinates":[[71.4270993,51.1246347],[71.4270334,51.1244631]]}},{"type":"Feature","id":"way/1086841545/road","properties":{"osm_id":"1086841545","name":"Ақмешіт көшесі","kind":"road","highway":"secondary","surface":"asphalt","lanes":4.0},"geometry":{"type":"LineString","coordinates":[[71.4270292,51.1244521],[71.4267536,51.1237728]]}},{"type":"Feature","id":"way/1087660956/road","properties":{"osm_id":"1087660956","name":"Достық көшесі","kind":"road","highway":"tertiary","surface":null,"lanes":null},"geometry":{"type":"LineString","coordinates":[[71.4327377,51.125517],[71.4316295,51.1256867],[71.4314036,51.1257251]]}},{"type":"Feature","id":"way/1089447287","properties":{"osm_id":"1089447287","name":null,"kind":"building","building":"yes","height_m":12.0,"height_source":"visual-fallback:12m","levels":null},"geometry":{"type":"Polygon","coordinates":[[[71.4376438,51.1305656],[71.4377993,51.1305404],[71.4377777,51.1304878],[71.4376221,51.1305131],[71.4376438,51.1305656]]]}},{"type":"Feature","id":"way/1089447288","properties":{"osm_id":"1089447288","name":"Sensata","kind":"building","building":"office","height_m":12.0,"height_source":"visual-fallback:12m","levels":null},"geometry":{"type":"Polygon","coordinates":[[[71.4318711,51.1331281],[71.4319392,51.1333009],[71.4328727,51.133156],[71.4328046,51.1329832],[71.4318711,51.1331281]]]}},{"type":"Feature","id":"way/1089447291","properties":{"osm_id":"1089447291","name":null,"kind":"building","building":"yes","height_m":12.0,"height_source":"visual-fallback:12m","levels":null},"geometry":{"type":"Polygon","coordinates":[[[71.4370557,51.1330479],[71.4370629,51.133065],[71.4370926,51.1330601],[71.4370854,51.133043],[71.4370557,51.1330479]]]}},{"type":"Feature","id":"way/1089447292","properties":{"osm_id":"1089447292","name":null,"kind":"building","building":"yes","height_m":12.0,"height_source":"visual-fallback:12m","levels":null},"geometry":{"type":"Polygon","coordinates":[[[71.4381071,51.1332785],[71.4381171,51.1333024],[71.4381826,51.1332915],[71.4381725,51.1332677],[71.4381071,51.1332785]]]}},{"type":"Feature","id":"way/1089447295","properties":{"osm_id":"1089447295","name":null,"kind":"building","building":"yes","height_m":12.0,"height_source":"visual-fallback:12m","levels":null},"geometry":{"type":"Polygon","coordinates":[[[71.4370725,51.1341823],[71.4370811,51.1342064],[71.4371771,51.1341928],[71.4371684,51.1341687],[71.4370725,51.1341823]]]}},{"type":"Feature","id":"way/1089447296","properties":{"osm_id":"1089447296","name":null,"kind":"building","building":"yes","height_m":12.0,"height_source":"visual-fallback:12m","levels":null},"geometry":{"type":"Polygon","coordinates":[[[71.436988,51.1342025],[71.4369956,51.1342236],[71.4370376,51.1342177],[71.43703,51.1341966],[71.436988,51.1342025]]]}},{"type":"Feature","id":"way/1089447297","properties":{"osm_id":"1089447297","name":null,"kind":"building","building":"yes","height_m":12.0,"height_source":"visual-fallback:12m","levels":null},"geometry":{"type":"Polygon","coordinates":[[[71.4368237,51.1342252],[71.4368318,51.1342478],[71.4369357,51.1342331],[71.4369276,51.1342105],[71.4368237,51.1342252]]]}},{"type":"Feature","id":"way/1089447299","properties":{"osm_id":"1089447299","name":null,"kind":"building","building":"yes","height_m":12.0,"height_source":"visual-fallback:12m","levels":null},"geometry":{"type":"Polygon","coordinates":[[[71.4365219,51.1342951],[71.436611,51.1342809],[71.4366024,51.1342597],[71.4365134,51.1342739],[71.4365219,51.1342951]]]}},{"type":"Feature","id":"way/1089447300","properties":{"osm_id":"1089447300","name":null,"kind":"building","building":"yes","height_m":12.0,"height_source":"visual-fallback:12m","levels":null},"geometry":{"type":"Polygon","coordinates":[[[71.4363704,51.1343157],[71.4364594,51.1343015],[71.4364509,51.1342804],[71.4363618,51.1342945],[71.4363704,51.1343157]]]}},{"type":"Feature","id":"way/1089447301","properties":{"osm_id":"1089447301","name":null,"kind":"building","building":"yes","height_m":12.0,"height_source":"visual-fallback:12m","levels":null},"geometry":{"type":"Polygon","coordinates":[[[71.4361022,51.1341188],[71.4361209,51.1341651],[71.4361592,51.134159],[71.4361404,51.1341127],[71.4361022,51.1341188]]]}},{"type":"Feature","id":"way/1089447302","properties":{"osm_id":"1089447302","name":null,"kind":"building","building":"yes","height_m":12.0,"height_source":"visual-fallback:12m","levels":null},"geometry":{"type":"Polygon","coordinates":[[[71.4357139,51.1342088],[71.4357776,51.1343663],[71.4358896,51.1343485],[71.4358259,51.134191],[71.4357139,51.1342088]]]}},{"type":"Feature","id":"way/1089447303","properties":{"osm_id":"1089447303","name":null,"kind":"building","building":"yes","height_m":12.0,"height_source":"visual-fallback:12m","levels":null},"geometry":{"type":"Polygon","coordinates":[[[71.4358695,51.1347331],[71.435913,51.1348338],[71.4360546,51.1348097],[71.436011,51.134709],[71.4358695,51.1347331]]]}},{"type":"Feature","id":"way/1089447304","properties":{"osm_id":"1089447304","name":null,"kind":"building","building":"yes","height_m":12.0,"height_source":"visual-fallback:12m","levels":null},"geometry":{"type":"Polygon","coordinates":[[[71.4357662,51.1350781],[71.4358058,51.1350714],[71.4357966,51.1350501],[71.435757,51.1350569],[71.4357662,51.1350781]]]}},{"type":"Feature","id":"way/1089447305","properties":{"osm_id":"1089447305","name":null,"kind":"building","building":"yes","height_m":12.0,"height_source":"visual-fallback:12m","levels":null},"geometry":{"type":"Polygon","coordinates":[[[71.4371261,51.1349923],[71.4371583,51.1350714],[71.4372976,51.1350491],[71.4372654,51.13497],[71.4371261,51.1349923]]]}},{"type":"Feature","id":"way/1089447307","properties":{"osm_id":"1089447307","name":null,"kind":"building","building":"yes","height_m":12.0,"height_source":"visual-fallback:12m","levels":null},"geometry":{"type":"Polygon","coordinates":[[[71.4381936,51.1360846],[71.4382026,51.136106],[71.438309,51.1360884],[71.4383,51.136067],[71.4381936,51.1360846]]]}},{"type":"Feature","id":"way/1089480809/road","properties":{"osm_id":"1089480809","name":null,"kind":"road","highway":"footway","surface":null,"lanes":null},"geometry":{"type":"LineString","coordinates":[[71.4242426,51.127001],[71.4242044,51.1269162]]}},{"type":"Feature","id":"way/1089480810/road","properties":{"osm_id":"1089480810","name":null,"kind":"road","highway":"footway","surface":null,"lanes":null},"geometry":{"type":"LineString","coordinates":[[71.4238071,51.1269878],[71.4238378,51.1270533]]}},{"type":"Feature","id":"way/1089480811/road","properties":{"osm_id":"1089480811","name":null,"kind":"road","highway":"footway","surface":null,"lanes":null},"geometry":{"type":"LineString","coordinates":[[71.4391308,51.1295668],[71.4391031,51.1294906]]}},{"type":"Feature","id":"way/1089480812/road","properties":{"osm_id":"1089480812","name":null,"kind":"road","highway":"footway","surface":null,"lanes":null},"geometry":{"type":"LineString","coordinates":[[71.4391308,51.1295668],[71.4392671,51.1295588]]}},{"type":"Feature","id":"way/1089701438","properties":{"osm_id":"1089701438","name":"Номад бизнес орталығы","kind":"building","building":"yes","height_m":12.0,"height_source":"visual-fallback:12m","levels":null},"geometry":{"type":"Polygon","coordinates":[[[71.4216901,51.1238849],[71.4219743,51.1238272],[71.421887,51.1236576],[71.4216028,51.1237152],[71.4216901,51.1238849]]]}},{"type":"Feature","id":"way/1089701466","properties":{"osm_id":"1089701466","name":"The One","kind":"building","building":"apartments","height_m":42.0,"height_source":"osm:building:levels×3m","levels":14.0},"geometry":{"type":"Polygon","coordinates":[[[71.4241634,51.1298944],[71.4243061,51.1302141],[71.4248337,51.1301214],[71.4246911,51.1298017],[71.4241634,51.1298944]]]}},{"type":"Feature","id":"way/1089701467","properties":{"osm_id":"1089701467","name":null,"kind":"building","building":"yes","height_m":12.0,"height_source":"visual-fallback:12m","levels":null},"geometry":{"type":"Polygon","coordinates":[[[71.4378566,51.1276672],[71.4378621,51.1276812],[71.4378909,51.1276767],[71.4378854,51.1276627],[71.4378566,51.1276672]]]}},{"type":"Feature","id":"way/1089701468","properties":{"osm_id":"1089701468","name":null,"kind":"building","building":"yes","height_m":12.0,"height_source":"visual-fallback:12m","levels":null},"geometry":{"type":"Polygon","coordinates":[[[71.4332651,51.1228365],[71.4332805,51.1228757],[71.4333472,51.1228653],[71.4333318,51.1228262],[71.4332651,51.1228365]]]}},{"type":"Feature","id":"way/1089701469","properties":{"osm_id":"1089701469","name":null,"kind":"building","building":"yes","height_m":12.0,"height_source":"visual-fallback:12m","levels":null},"geometry":{"type":"Polygon","coordinates":[[[71.4345968,51.1228273],[71.4346136,51.1228701],[71.4346792,51.1228599],[71.4346623,51.1228171],[71.4345968,51.1228273]]]}},{"type":"Feature","id":"way/1089701470","properties":{"osm_id":"1089701470","name":null,"kind":"building","building":"yes","height_m":12.0,"height_source":"visual-fallback:12m","levels":null},"geometry":{"type":"Polygon","coordinates":[[[71.4228916,51.1246378],[71.4228981,51.1246547],[71.4229285,51.12465],[71.422922,51.1246332],[71.4228916,51.1246378]]]}},{"type":"Feature","id":"way/1089701471","properties":{"osm_id":"1089701471","name":null,"kind":"building","building":"apartments","height_m":63.0,"height_source":"osm:building:levels×3m","levels":21.0},"geometry":{"type":"Polygon","coordinates":[[[71.4194423,51.1263271],[71.4197186,51.1270005],[71.4199711,51.1269597],[71.4200026,51.1270365],[71.4208313,51.1269026],[71.4207681,51.1267486],[71.4199177,51.1268861],[71.4196731,51.1262898],[71.4194423,51.1263271]]]}},{"type":"Feature","id":"way/1089701482","properties":{"osm_id":"1089701482","name":null,"kind":"building","building":"detached","height_m":9.0,"height_source":"osm:building:levels×3m","levels":3.0},"geometry":{"type":"Polygon","coordinates":[[[71.4216761,51.1324479],[71.4217577,51.1324357],[71.4217402,51.1323894],[71.4216586,51.1324015],[71.4216761,51.1324479]]]}},{"type":"Feature","id":"way/1089701483","properties":{"osm_id":"1089701483","name":null,"kind":"building","building":"detached","height_m":9.0,"height_source":"osm:building:levels×3m","levels":3.0},"geometry":{"type":"Polygon","coordinates":[[[71.4222486,51.1333313],[71.4224082,51.1333075],[71.4223679,51.1332012],[71.4222083,51.133225],[71.4222486,51.1333313]]]}},{"type":"Feature","id":"way/1089701484","properties":{"osm_id":"1089701484","name":null,"kind":"building","building":"detached","height_m":9.0,"height_source":"osm:building:levels×3m","levels":3.0},"geometry":{"type":"Polygon","coordinates":[[[71.4220595,51.1328449],[71.4222191,51.1328211],[71.4221788,51.1327148],[71.4220192,51.1327386],[71.4220595,51.1328449]]]}},{"type":"Feature","id":"way/1089701485","properties":{"osm_id":"1089701485","name":null,"kind":"building","building":"detached","height_m":9.0,"height_source":"osm:building:levels×3m","levels":3.0},"geometry":{"type":"Polygon","coordinates":[[[71.4225128,51.1327767],[71.4226724,51.132753],[71.4226321,51.1326466],[71.4224725,51.1326704],[71.4225128,51.1327767]]]}},{"type":"Feature","id":"way/1089701486","properties":{"osm_id":"1089701486","name":null,"kind":"building","building":"detached","height_m":9.0,"height_source":"osm:building:levels×3m","levels":3.0},"geometry":{"type":"Polygon","coordinates":[[[71.4229607,51.1327061],[71.4231203,51.1326823],[71.42308,51.132576],[71.4229204,51.1325997],[71.4229607,51.1327061]]]}},{"type":"Feature","id":"way/1089701487","properties":{"osm_id":"1089701487","name":null,"kind":"building","building":"detached","height_m":9.0,"height_source":"osm:building:levels×3m","levels":3.0},"geometry":{"type":"Polygon","coordinates":[[[71.4231498,51.1331883],[71.4233094,51.1331645],[71.4232691,51.1330582],[71.4231095,51.133082],[71.4231498,51.1331883]]]}},{"type":"Feature","id":"way/1089701488","properties":{"osm_id":"1089701488","name":null,"kind":"building","building":"detached","height_m":9.0,"height_source":"osm:building:levels×3m","levels":3.0},"geometry":{"type":"Polygon","coordinates":[[[71.4238136,51.1330806],[71.4239732,51.1330568],[71.423933,51.1329504],[71.4237734,51.1329742],[71.4238136,51.1330806]]]}},{"type":"Feature","id":"way/1089701489","properties":{"osm_id":"1089701489","name":null,"kind":"building","building":"detached","height_m":9.0,"height_source":"osm:building:levels×3m","levels":3.0},"geometry":{"type":"Polygon","coordinates":[[[71.4247095,51.1329434],[71.4248691,51.1329196],[71.4248288,51.1328133],[71.4246692,51.1328371],[71.4247095,51.1329434]]]}},{"type":"Feature","id":"way/1089701490","properties":{"osm_id":"1089701490","name":null,"kind":"building","building":"detached","height_m":9.0,"height_source":"osm:building:levels×3m","levels":3.0},"geometry":{"type":"Polygon","coordinates":[[[71.425317,51.13285],[71.4254766,51.1328262],[71.4254363,51.1327199],[71.4252768,51.1327437],[71.425317,51.13285]]]}},{"type":"Feature","id":"way/1089701491","properties":{"osm_id":"1089701491","name":null,"kind":"building","building":"detached","height_m":9.0,"height_source":"osm:building:levels×3m","levels":3.0},"geometry":{"type":"Polygon","coordinates":[[[71.4261954,51.1327111],[71.426355,51.1326873],[71.4263148,51.132581],[71.4261552,51.1326048],[71.4261954,51.1327111]]]}},{"type":"Feature","id":"way/1089701492","properties":{"osm_id":"1089701492","name":null,"kind":"building","building":"detached","height_m":9.0,"height_source":"osm:building:levels×3m","levels":3.0},"geometry":{"type":"Polygon","coordinates":[[[71.4236312,51.1325967],[71.4237908,51.1325729],[71.4237506,51.1324665],[71.423591,51.1324903],[71.4236312,51.1325967]]]}},{"type":"Feature","id":"way/1089701493","properties":{"osm_id":"1089701493","name":null,"kind":"building","building":"detached","height_m":9.0,"height_source":"osm:building:levels×3m","levels":3.0},"geometry":{"type":"Polygon","coordinates":[[[71.4240725,51.1325302],[71.4242321,51.1325064],[71.4241918,51.1324001],[71.4240322,51.1324239],[71.4240725,51.1325302]]]}},{"type":"Feature","id":"way/1089701494","properties":{"osm_id":"1089701494","name":null,"kind":"building","building":"detached","height_m":9.0,"height_source":"osm:building:levels×3m","levels":3.0},"geometry":{"type":"Polygon","coordinates":[[[71.4245204,51.1324578],[71.42468,51.132434],[71.4246397,51.1323277],[71.4244801,51.1323515],[71.4245204,51.1324578]]]}},{"type":"Feature","id":"way/1089701495","properties":{"osm_id":"1089701495","name":null,"kind":"building","building":"detached","height_m":9.0,"height_source":"osm:building:levels×3m","levels":3.0},"geometry":{"type":"Polygon","coordinates":[[[71.4251279,51.1323635],[71.4252875,51.1323397],[71.4252473,51.1322334],[71.4250877,51.1322572],[71.4251279,51.1323635]]]}},{"type":"Feature","id":"way/1089701496","properties":{"osm_id":"1089701496","name":null,"kind":"building","building":"detached","height_m":9.0,"height_source":"osm:building:levels×3m","levels":3.0},"geometry":{"type":"Polygon","coordinates":[[[71.4255946,51.132287],[71.4257542,51.1322632],[71.425714,51.1321568],[71.4255544,51.1321806],[71.4255946,51.132287]]]}},{"type":"Feature","id":"way/1089701497","properties":{"osm_id":"1089701497","name":null,"kind":"building","building":"detached","height_m":9.0,"height_source":"osm:building:levels×3m","levels":3.0},"geometry":{"type":"Polygon","coordinates":[[[71.4260117,51.1322238],[71.4261713,51.1322],[71.426131,51.1320937],[71.4259715,51.1321175],[71.4260117,51.1322238]]]}},{"type":"Feature","id":"way/1089701498","properties":{"osm_id":"1089701498","name":null,"kind":"building","building":"detached","height_m":9.0,"height_source":"osm:building:levels×3m","levels":3.0},"geometry":{"type":"Polygon","coordinates":[[[71.4265762,51.1319095],[71.4267979,51.1318765],[71.4267502,51.1317507],[71.4265286,51.1317838],[71.4265762,51.1319095]]]}},{"type":"Feature","id":"way/1089701499","properties":{"osm_id":"1089701499","name":null,"kind":"building","building":"detached","height_m":9.0,"height_source":"osm:building:levels×3m","levels":3.0},"geometry":{"type":"Polygon","coordinates":[[[71.4267949,51.1322684],[71.4269545,51.1322446],[71.4269142,51.1321383],[71.4267547,51.1321621],[71.4267949,51.1322684]]]}},{"type":"Feature","id":"way/1089701500","properties":{"osm_id":"1089701500","name":null,"kind":"building","building":"detached","height_m":9.0,"height_source":"osm:building:levels×3m","levels":3.0},"geometry":{"type":"Polygon","coordinates":[[[71.4225356,51.1340559],[71.4226952,51.1340321],[71.4226549,51.1339258],[71.4224953,51.1339496],[71.4225356,51.1340559]]]}},{"type":"Feature","id":"way/1089701501","properties":{"osm_id":"1089701501","name":null,"kind":"building","building":"detached","height_m":9.0,"height_source":"osm:building:levels×3m","levels":3.0},"geometry":{"type":"Polygon","coordinates":[[[71.4227783,51.1346938],[71.4229379,51.13467],[71.4228976,51.1345637],[71.422738,51.1345875],[71.4227783,51.1346938]]]}},{"type":"Feature","id":"way/1089701502","properties":{"osm_id":"1089701502","name":null,"kind":"building","building":"detached","height_m":9.0,"height_source":"osm:building:levels×3m","levels":3.0},"geometry":{"type":"Polygon","coordinates":[[[71.4232343,51.1346139],[71.4233939,51.1345901],[71.4233536,51.1344838],[71.423194,51.1345075],[71.4232343,51.1346139]]]}},{"type":"Feature","id":"way/1089701503","properties":{"osm_id":"1089701503","name":null,"kind":"building","building":"detached","height_m":9.0,"height_source":"osm:building:levels×3m","levels":3.0},"geometry":{"type":"Polygon","coordinates":[[[71.4234341,51.1339196],[71.4235937,51.1338958],[71.4235534,51.1337895],[71.4233938,51.1338133],[71.4234341,51.1339196]]]}},{"type":"Feature","id":"way/1089701504","properties":{"osm_id":"1089701504","name":null,"kind":"building","building":"detached","height_m":9.0,"height_source":"osm:building:levels×3m","levels":3.0},"geometry":{"type":"Polygon","coordinates":[[[71.4236782,51.1345356],[71.4238378,51.1345118],[71.4237975,51.1344055],[71.4236379,51.1344293],[71.4236782,51.1345356]]]}},{"type":"Feature","id":"way/1089701505","properties":{"osm_id":"1089701505","name":null,"kind":"building","building":"detached","height_m":9.0,"height_source":"osm:building:levels×3m","levels":3.0},"geometry":{"type":"Polygon","coordinates":[[[71.4243461,51.1344296],[71.4245056,51.1344058],[71.4244654,51.1342995],[71.4243058,51.1343233],[71.4243461,51.1344296]]]}},{"type":"Feature","id":"way/1089701506","properties":{"osm_id":"1089701506","name":null,"kind":"building","building":"detached","height_m":9.0,"height_source":"osm:building:levels×3m","levels":3.0},"geometry":{"type":"Polygon","coordinates":[[[71.4247859,51.1343538],[71.4249455,51.13433],[71.4249053,51.1342237],[71.4247457,51.1342475],[71.4247859,51.1343538]]]}},{"type":"Feature","id":"way/1089701507","properties":{"osm_id":"1089701507","name":null,"kind":"building","building":"detached","height_m":9.0,"height_source":"osm:building:levels×3m","levels":3.0},"geometry":{"type":"Polygon","coordinates":[[[71.4241047,51.1338152],[71.4242642,51.1337914],[71.424224,51.1336851],[71.4240644,51.1337089],[71.4241047,51.1338152]]]}},{"type":"Feature","id":"way/1089701508","properties":{"osm_id":"1089701508","name":null,"kind":"building","building":"detached","height_m":9.0,"height_source":"osm:building:levels×3m","levels":3.0},"geometry":{"type":"Polygon","coordinates":[[[71.4249978,51.1336772],[71.4251574,51.1336534],[71.4251172,51.1335471],[71.4249576,51.1335709],[71.4249978,51.1336772]]]}},{"type":"Feature","id":"way/1089701509","properties":{"osm_id":"1089701509","name":null,"kind":"building","building":"detached","height_m":9.0,"height_source":"osm:building:levels×3m","levels":3.0},"geometry":{"type":"Polygon","coordinates":[[[71.4252325,51.1342806],[71.4253921,51.1342568],[71.4253519,51.1341505],[71.4251923,51.1341743],[71.4252325,51.1342806]]]}},{"type":"Feature","id":"way/1089701510","properties":{"osm_id":"1089701510","name":null,"kind":"building","building":"detached","height_m":9.0,"height_source":"osm:building:levels×3m","levels":3.0},"geometry":{"type":"Polygon","coordinates":[[[71.4264905,51.1334424],[71.4266501,51.1334186],[71.4266098,51.1333123],[71.4264502,51.1333361],[71.4264905,51.1334424]]]}},{"type":"Feature","id":"way/1089701511","properties":{"osm_id":"1089701511","name":null,"kind":"building","building":"detached","height_m":9.0,"height_source":"osm:building:levels×3m","levels":3.0},"geometry":{"type":"Polygon","coordinates":[[[71.4256,51.1335804],[71.4257596,51.1335566],[71.4257193,51.1334503],[71.4255597,51.1334741],[71.4256,51.1335804]]]}},{"type":"Feature","id":"way/1089701512","properties":{"osm_id":"1089701512","name":null,"kind":"building","building":"detached","height_m":9.0,"height_source":"osm:building:levels×3m","levels":3.0},"geometry":{"type":"Polygon","coordinates":[[[71.4258347,51.1341746],[71.4259943,51.1341508],[71.425954,51.1340445],[71.4257944,51.1340683],[71.4258347,51.1341746]]]}},{"type":"Feature","id":"way/1089701513","properties":{"osm_id":"1089701513","name":null,"kind":"building","building":"detached","height_m":9.0,"height_source":"osm:building:levels×3m","levels":3.0},"geometry":{"type":"Polygon","coordinates":[[[71.4263081,51.1340921],[71.4264677,51.1340683],[71.4264274,51.133962],[71.4262678,51.1339858],[71.4263081,51.1340921]]]}},{"type":"Feature","id":"way/1089701514","properties":{"osm_id":"1089701514","name":null,"kind":"building","building":"detached","height_m":9.0,"height_source":"osm:building:levels×3m","levels":3.0},"geometry":{"type":"Polygon","coordinates":[[[71.4267118,51.1340231],[71.4268714,51.1339993],[71.4268311,51.133893],[71.4266715,51.1339168],[71.4267118,51.1340231]]]}},{"type":"Feature","id":"way/1089701515","properties":{"osm_id":"1089701515","name":null,"kind":"building","building":"detached","height_m":9.0,"height_source":"osm:building:levels×3m","levels":3.0},"geometry":{"type":"Polygon","coordinates":[[[71.4269263,51.1326],[71.4270859,51.1325762],[71.4270457,51.1324699],[71.4268861,51.1324937],[71.4269263,51.1326]]]}},{"type":"Feature","id":"way/1089701516","properties":{"osm_id":"1089701516","name":null,"kind":"building","building":"detached","height_m":9.0,"height_source":"osm:building:levels×3m","levels":3.0},"geometry":{"type":"Polygon","coordinates":[[[71.427212,51.133328],[71.4273716,51.1333042],[71.4273313,51.1331979],[71.4271717,51.1332217],[71.427212,51.133328]]]}},{"type":"Feature","id":"way/1089701517","properties":{"osm_id":"1089701517","name":null,"kind":"building","building":"detached","height_m":9.0,"height_source":"osm:building:levels×3m","levels":3.0},"geometry":{"type":"Polygon","coordinates":[[[71.4273515,51.1336772],[71.4275111,51.1336534],[71.4274708,51.1335471],[71.4273112,51.1335709],[71.4273515,51.1336772]]]}},{"type":"Feature","id":"way/1089701518","properties":{"osm_id":"1089701518","name":null,"kind":"building","building":"yes","height_m":12.0,"height_source":"visual-fallback:12m","levels":null},"geometry":{"type":"Polygon","coordinates":[[[71.4285196,51.1314754],[71.4285283,51.1315188],[71.4285383,51.1315608],[71.4285511,51.131597],[71.4285752,51.131637],[71.4286087,51.1316837],[71.4286376,51.1317111],[71.4286624,51.1317342],[71.4286939,51.1317561],[71.4288307,51.1317266],[71.4288287,51.1315873],[71.428763,51.1315756],[71.428767,51.131528],[71.4287046,51.1315175],[71.4285196,51.1314754]]]}},{"type":"Feature","id":"way/1089868517","properties":{"osm_id":"1089868517","name":null,"kind":"building","building":"yes","height_m":12.0,"height_source":"visual-fallback:12m","levels":null},"geometry":{"type":"Polygon","coordinates":[[[71.4269497,51.1211768],[71.4269689,51.1212219],[71.4270886,51.1212018],[71.4270694,51.1211567],[71.4269497,51.1211768]]]}},{"type":"Feature","id":"way/1089868520","properties":{"osm_id":"1089868520","name":null,"kind":"building","building":"yes","height_m":12.0,"height_source":"visual-fallback:12m","levels":null},"geometry":{"type":"Polygon","coordinates":[[[71.4337257,51.1220013],[71.4337412,51.1220381],[71.4338059,51.1220274],[71.4337904,51.1219906],[71.4337257,51.1220013]]]}},{"type":"Feature","id":"way/1093590388","properties":{"osm_id":"1093590388","name":null,"kind":"building","building":"yes","height_m":12.0,"height_source":"visual-fallback:12m","levels":null},"geometry":{"type":"Polygon","coordinates":[[[71.4347523,51.1389456],[71.4347594,51.138923],[71.4347784,51.1389032],[71.4348071,51.1388887],[71.4348419,51.1388812],[71.4348787,51.1388816],[71.434913,51.1388899],[71.4349407,51.1389051],[71.4349585,51.1389253],[71.4349642,51.1389481],[71.4349572,51.1389708],[71.4349382,51.1389906],[71.4349085,51.1390058],[71.4349093,51.1390417],[71.4348181,51.1390424],[71.4348173,51.1390065],[71.4347758,51.1389886],[71.434758,51.1389684],[71.4347523,51.1389456]]]}},{"type":"Feature","id":"way/1093904690","properties":{"osm_id":"1093904690","name":null,"kind":"building","building":"yes","height_m":12.0,"height_source":"visual-fallback:12m","levels":null},"geometry":{"type":"Polygon","coordinates":[[[71.4367875,51.1342656],[71.436786,51.1342831],[71.4367707,51.1342977],[71.4367459,51.1343056],[71.4367181,51.1343046],[71.4366948,51.1342951],[71.4366822,51.1342795],[71.4366837,51.1342621],[71.4366989,51.1342474],[71.4367238,51.1342395],[71.4367516,51.1342405],[71.4367749,51.13425],[71.4367875,51.1342656]]]}},{"type":"Feature","id":"way/1093904691","properties":{"osm_id":"1093904691","name":null,"kind":"building","building":"yes","height_m":12.0,"height_source":"visual-fallback:12m","levels":null},"geometry":{"type":"Polygon","coordinates":[[[71.4267138,51.1379316],[71.4267857,51.138],[71.4268452,51.1379754],[71.4267733,51.137907],[71.4267138,51.1379316]]]}},{"type":"Feature","id":"way/1093904692","properties":{"osm_id":"1093904692","name":null,"kind":"building","building":"yes","height_m":12.0,"height_source":"visual-fallback:12m","levels":null},"geometry":{"type":"Polygon","coordinates":[[[71.4281461,51.1375812],[71.428186,51.1376185],[71.4283077,51.1375673],[71.4282677,51.1375299],[71.4281461,51.1375812]]]}},{"type":"Feature","id":"way/1093904693","properties":{"osm_id":"1093904693","name":null,"kind":"building","building":"yes","height_m":12.0,"height_source":"visual-fallback:12m","levels":null},"geometry":{"type":"Polygon","coordinates":[[[71.4284223,51.1374621],[71.4284638,51.1375],[71.4285752,51.137452],[71.4285338,51.1374141],[71.4284223,51.1374621]]]}},{"type":"Feature","id":"way/1093904694","properties":{"osm_id":"1093904694","name":null,"kind":"building","building":"yes","height_m":12.0,"height_source":"visual-fallback:12m","levels":null},"geometry":{"type":"Polygon","coordinates":[[[71.4279153,51.1370663],[71.4280202,51.1371661],[71.4282963,51.1370518],[71.4281913,51.136952],[71.4279153,51.1370663]]]}},{"type":"Feature","id":"way/1093904695","properties":{"osm_id":"1093904695","name":null,"kind":"building","building":"detached","height_m":3.0,"height_source":"osm:building:levels×3m","levels":1.0},"geometry":{"type":"Polygon","coordinates":[[[71.4221928,51.1397546],[71.4221252,51.1396379],[71.422303,51.1395974],[71.4223705,51.1397141],[71.4221928,51.1397546]]]}},{"type":"Feature","id":"way/1093904697","properties":{"osm_id":"1093904697","name":null,"kind":"building","building":"retail","height_m":3.0,"height_source":"osm:building:levels×3m","levels":1.0},"geometry":{"type":"Polygon","coordinates":[[[71.4215284,51.1384092],[71.4215449,51.1384366],[71.4215861,51.1384269],[71.4215696,51.1383994],[71.4215284,51.1384092]]]}},{"type":"Feature","id":"way/1093904698","properties":{"osm_id":"1093904698","name":null,"kind":"building","building":"yes","height_m":12.0,"height_source":"visual-fallback:12m","levels":null},"geometry":{"type":"Polygon","coordinates":[[[71.4212997,51.1379072],[71.4213162,51.1379347],[71.4213574,51.1379249],[71.4213409,51.1378975],[71.4212997,51.1379072]]]}},{"type":"Feature","id":"way/1093904699","properties":{"osm_id":"1093904699","name":null,"kind":"building","building":"yes","height_m":12.0,"height_source":"visual-fallback:12m","levels":null},"geometry":{"type":"Polygon","coordinates":[[[71.4212146,51.1379199],[71.421231,51.1379473],[71.4212722,51.1379375],[71.4212558,51.1379101],[71.4212146,51.1379199]]]}},{"type":"Feature","id":"way/1093904700","properties":{"osm_id":"1093904700","name":null,"kind":"building","building":"yes","height_m":12.0,"height_source":"visual-fallback:12m","levels":null},"geometry":{"type":"Polygon","coordinates":[[[71.4211903,51.1374015],[71.4212543,51.1375063],[71.4214307,51.1374638],[71.4213666,51.137359],[71.4211903,51.1374015]]]}},{"type":"Feature","id":"way/1093904701","properties":{"osm_id":"1093904701","name":null,"kind":"building","building":"yes","height_m":12.0,"height_source":"visual-fallback:12m","levels":null},"geometry":{"type":"Polygon","coordinates":[[[71.4205447,51.1371718],[71.4205665,51.1372075],[71.420715,51.1371718],[71.4206932,51.1371361],[71.4205447,51.1371718]]]}},{"type":"Feature","id":"way/1093904702","properties":{"osm_id":"1093904702","name":null,"kind":"building","building":"yes","height_m":12.0,"height_source":"visual-fallback:12m","levels":null},"geometry":{"type":"Polygon","coordinates":[[[71.4206184,51.1369959],[71.4206468,51.1370423],[71.4206942,51.1370308],[71.4206659,51.1369845],[71.4206184,51.1369959]]]}},{"type":"Feature","id":"way/1093904703","properties":{"osm_id":"1093904703","name":null,"kind":"building","building":"yes","height_m":12.0,"height_source":"visual-fallback:12m","levels":null},"geometry":{"type":"Polygon","coordinates":[[[71.4201115,51.136778],[71.4201719,51.1368689],[71.4203243,51.136829],[71.420264,51.1367381],[71.4201115,51.136778]]]}},{"type":"Feature","id":"way/1093904704","properties":{"osm_id":"1093904704","name":null,"kind":"building","building":"yes","height_m":12.0,"height_source":"visual-fallback:12m","levels":null},"geometry":{"type":"Polygon","coordinates":[[[71.4231719,51.1397269],[71.4232282,51.1398077],[71.4233585,51.1397719],[71.4233022,51.1396911],[71.4231719,51.1397269]]]}},{"type":"Feature","id":"way/1093904705","properties":{"osm_id":"1093904705","name":null,"kind":"building","building":"yes","height_m":12.0,"height_source":"visual-fallback:12m","levels":null},"geometry":{"type":"Polygon","coordinates":[[[71.424603,51.1389794],[71.4246285,51.139024],[71.4247234,51.1390027],[71.4246979,51.1389581],[71.424603,51.1389794]]]}},{"type":"Feature","id":"way/1093904707","properties":{"osm_id":"1093904707","name":null,"kind":"building","building":"yes","height_m":12.0,"height_source":"visual-fallback:12m","levels":null},"geometry":{"type":"Polygon","coordinates":[[[71.4247531,51.1389338],[71.4247785,51.1389784],[71.4248734,51.1389571],[71.4248479,51.1389125],[71.4247531,51.1389338]]]}},{"type":"Feature","id":"way/1093904708","properties":{"osm_id":"1093904708","name":null,"kind":"building","building":"yes","height_m":12.0,"height_source":"visual-fallback:12m","levels":null},"geometry":{"type":"Polygon","coordinates":[[[71.4245895,51.1367123],[71.4246037,51.1367356],[71.4246672,51.1367203],[71.424653,51.136697],[71.4245895,51.1367123]]]}},{"type":"Feature","id":"way/1093904709","properties":{"osm_id":"1093904709","name":null,"kind":"building","building":"detached","height_m":6.0,"height_source":"osm:building:levels×3m","levels":2.0},"geometry":{"type":"Polygon","coordinates":[[[71.426033,51.1378525],[71.426097,51.1379573],[71.4262733,51.1379149],[71.4262093,51.1378101],[71.426033,51.1378525]]]}},{"type":"Feature","id":"way/1093904710","properties":{"osm_id":"1093904710","name":null,"kind":"building","building":"yes","height_m":12.0,"height_source":"visual-fallback:12m","levels":null},"geometry":{"type":"Polygon","coordinates":[[[71.4267122,51.1389082],[71.4266475,51.1388026],[71.4268066,51.1387642],[71.4268712,51.1388699],[71.4267122,51.1389082]]]}},{"type":"Feature","id":"way/1093904712","properties":{"osm_id":"1093904712","name":null,"kind":"building","building":"yes","height_m":12.0,"height_source":"visual-fallback:12m","levels":null},"geometry":{"type":"Polygon","coordinates":[[[71.4280207,51.138134],[71.4280455,51.1381706],[71.4281065,51.1381544],[71.4280817,51.1381177],[71.4280207,51.138134]]]}},{"type":"Feature","id":"way/1093904713","properties":{"osm_id":"1093904713","name":null,"kind":"building","building":"yes","height_m":12.0,"height_source":"visual-fallback:12m","levels":null},"geometry":{"type":"Polygon","coordinates":[[[71.4281997,51.1377427],[71.4282221,51.1377651],[71.4283032,51.1377331],[71.4282808,51.1377108],[71.4281997,51.1377427]]]}},{"type":"Feature","id":"way/1093904714","properties":{"osm_id":"1093904714","name":null,"kind":"building","building":"apartments","height_m":18.0,"height_source":"osm:building:levels×3m","levels":6.0},"geometry":{"type":"Polygon","coordinates":[[[71.4322016,51.1350647],[71.4316211,51.1351539],[71.4315391,51.1351909],[71.4314988,51.1352296],[71.4313433,51.1355965],[71.431641,51.1356453],[71.4317349,51.135371],[71.4318502,51.1352935],[71.4322659,51.1352296],[71.4322016,51.1350647]]]}},{"type":"Feature","id":"way/1093904715","properties":{"osm_id":"1093904715","name":null,"kind":"building","building":"yes","height_m":12.0,"height_source":"visual-fallback:12m","levels":null},"geometry":{"type":"Polygon","coordinates":[[[71.4340121,51.1367595],[71.4342924,51.1368139],[71.4343543,51.1366887],[71.4342514,51.1366687],[71.434225,51.1367222],[71.4341939,51.1367162],[71.4342402,51.1366224],[71.4340938,51.1365939],[71.4340121,51.1367595]]]}},{"type":"Feature","id":"way/1093904716","properties":{"osm_id":"1093904716","name":null,"kind":"building","building":"yes","height_m":12.0,"height_source":"visual-fallback:12m","levels":null},"geometry":{"type":"Polygon","coordinates":[[[71.4328091,51.1390146],[71.4329467,51.139042],[71.4330344,51.138869],[71.4328968,51.1388416],[71.4328091,51.1390146]]]}},{"type":"Feature","id":"way/1093904717","properties":{"osm_id":"1093904717","name":null,"kind":"building","building":"yes","height_m":12.0,"height_source":"visual-fallback:12m","levels":null},"geometry":{"type":"Polygon","coordinates":[[[71.4322364,51.1392384],[71.4323852,51.1392681],[71.4324403,51.1391593],[71.4322916,51.1391297],[71.4322364,51.1392384]]]}},{"type":"Feature","id":"way/1100946317","properties":{"osm_id":"1100946317","name":null,"kind":"building","building":"yes","height_m":12.0,"height_source":"visual-fallback:12m","levels":null},"geometry":{"type":"Polygon","coordinates":[[[71.4310133,51.1388093],[71.4311941,51.1387976],[71.4311727,51.1386664],[71.4309919,51.138678],[71.4310133,51.1388093]]]}},{"type":"Feature","id":"way/1100946320","properties":{"osm_id":"1100946320","name":null,"kind":"building","building":"yes","height_m":12.0,"height_source":"visual-fallback:12m","levels":null},"geometry":{"type":"Polygon","coordinates":[[[71.4313888,51.1390954],[71.4315511,51.1391225],[71.431594,51.1390216],[71.4314318,51.1389944],[71.4313888,51.1390954]]]}},{"type":"Feature","id":"way/1100946323","properties":{"osm_id":"1100946323","name":null,"kind":"building","building":"yes","height_m":12.0,"height_source":"visual-fallback:12m","levels":null},"geometry":{"type":"Polygon","coordinates":[[[71.4319498,51.136404],[71.4321198,51.1363578],[71.432047,51.1362522],[71.431877,51.1362983],[71.4319498,51.136404]]]}},{"type":"Feature","id":"way/1100946329","properties":{"osm_id":"1100946329","name":null,"kind":"building","building":"apartments","height_m":12.0,"height_source":"visual-fallback:12m","levels":null},"geometry":{"type":"Polygon","coordinates":[[[71.4334038,51.1330698],[71.4335874,51.1328867],[71.4332977,51.1327723],[71.4331141,51.1329553],[71.4334038,51.1330698]]]}},{"type":"Feature","id":"way/1100946330","properties":{"osm_id":"1100946330","name":null,"kind":"building","building":"apartments","height_m":12.0,"height_source":"visual-fallback:12m","levels":null},"geometry":{"type":"Polygon","coordinates":[[[71.4310471,51.1332989],[71.4313593,51.1334044],[71.4315095,51.1332293],[71.4311973,51.1331238],[71.4310471,51.1332989]]]}},{"type":"Feature","id":"way/1100946331","properties":{"osm_id":"1100946331","name":null,"kind":"building","building":"apartments","height_m":12.0,"height_source":"visual-fallback:12m","levels":null},"geometry":{"type":"Polygon","coordinates":[[[71.4308325,51.1327805],[71.4311774,51.1327431],[71.4311238,51.1325479],[71.4307789,51.1325852],[71.4308325,51.1327805]]]}},{"type":"Feature","id":"way/1100946332","properties":{"osm_id":"1100946332","name":null,"kind":"building","building":"yes","height_m":12.0,"height_source":"visual-fallback:12m","levels":null},"geometry":{"type":"Polygon","coordinates":[[[71.4333951,51.1242599],[71.4340105,51.1241672],[71.4339673,51.1240543],[71.4340578,51.1240406],[71.4339466,51.1237499],[71.4338374,51.1237664],[71.4338308,51.1237492],[71.4332342,51.123839],[71.4333951,51.1242599]]]}},{"type":"Feature","id":"way/1103224518","properties":{"osm_id":"1103224518","name":null,"kind":"building","building":"apartments","height_m":12.0,"height_source":"visual-fallback:12m","levels":null},"geometry":{"type":"Polygon","coordinates":[[[71.4316401,51.1326621],[71.4320103,51.1325107],[71.4318809,51.1323862],[71.4315108,51.1325377],[71.4316401,51.1326621]]]}},{"type":"Feature","id":"way/1106901997/road","properties":{"osm_id":"1106901997","name":null,"kind":"road","highway":"footway","surface":"asphalt","lanes":null},"geometry":{"type":"LineString","coordinates":[[71.4404114,51.1211022],[71.4395464,51.1212384],[71.4393103,51.121276],[71.4390998,51.1212776],[71.4382935,51.1214001],[71.4380676,51.1214322],[71.4379145,51.1213505],[71.437736,51.1212834],[71.4375011,51.1211951],[71.4372039,51.1210984],[71.4366272,51.1208878],[71.436593,51.1208611],[71.4365003,51.1206071],[71.4364885,51.1205625],[71.436482,51.120538],[71.4363629,51.1202155],[71.4361667,51.1196394],[71.4358667,51.1187932],[71.4358427,51.1187372],[71.4357379,51.1184904],[71.4356551,51.1182517],[71.4355969,51.1180995],[71.4354747,51.1177731],[71.4354281,51.1176413],[71.4353956,51.1175491],[71.4353732,51.1174797],[71.4353495,51.1174248],[71.4351759,51.1168936],[71.4350499,51.1165003],[71.4350132,51.1163951]]}},{"type":"Feature","id":"way/1116692283/road","properties":{"osm_id":"1116692283","name":null,"kind":"road","highway":"residential","surface":null,"lanes":null},"geometry":{"type":"LineString","coordinates":[[71.4318435,51.1380405],[71.4317949,51.1379628],[71.4316678,51.1377894]]}},{"type":"Feature","id":"way/1116705480","properties":{"osm_id":"1116705480","name":null,"kind":"building","building":"yes","height_m":12.0,"height_source":"visual-fallback:12m","levels":null},"geometry":{"type":"Polygon","coordinates":[[[71.4290017,51.1370994],[71.4290751,51.1371686],[71.4293004,51.1370743],[71.429227,51.1370052],[71.4290017,51.1370994]]]}},{"type":"Feature","id":"way/1116705481/road","properties":{"osm_id":"1116705481","name":null,"kind":"road","highway":"residential","surface":null,"lanes":null},"geometry":{"type":"LineString","coordinates":[[71.4360164,51.1401281],[71.4361158,51.1398943]]}},{"type":"Feature","id":"way/1116705482/road","properties":{"osm_id":"1116705482","name":null,"kind":"road","highway":"residential","surface":null,"lanes":null},"geometry":{"type":"LineString","coordinates":[[71.4330771,51.1397649],[71.4337921,51.1399166]]}},{"type":"Feature","id":"way/1116705483","properties":{"osm_id":"1116705483","name":null,"kind":"building","building":"yes","height_m":12.0,"height_source":"visual-fallback:12m","levels":null},"geometry":{"type":"Polygon","coordinates":[[[71.4339666,51.1399074],[71.4339072,51.1400104],[71.4340683,51.140047],[71.4341277,51.139944],[71.4339666,51.1399074]]]}},{"type":"Feature","id":"way/1116705484","properties":{"osm_id":"1116705484","name":null,"kind":"building","building":"yes","height_m":12.0,"height_source":"visual-fallback:12m","levels":null},"geometry":{"type":"Polygon","coordinates":[[[71.4340524,51.1397324],[71.433993,51.1398354],[71.4341541,51.139872],[71.4342135,51.139769],[71.4340524,51.1397324]]]}},{"type":"Feature","id":"way/1116705485","properties":{"osm_id":"1116705485","name":null,"kind":"building","building":"yes","height_m":12.0,"height_source":"visual-fallback:12m","levels":null},"geometry":{"type":"Polygon","coordinates":[[[71.4328318,51.1395914],[71.4328829,51.1394993],[71.4330465,51.139535],[71.4329953,51.1396272],[71.4328318,51.1395914]]]}},{"type":"Feature","id":"way/1116705486","properties":{"osm_id":"1116705486","name":null,"kind":"building","building":"yes","height_m":12.0,"height_source":"visual-fallback:12m","levels":null},"geometry":{"type":"Polygon","coordinates":[[[71.4330249,51.1392077],[71.4330761,51.1391156],[71.4332396,51.1391513],[71.4331884,51.1392435],[71.4330249,51.1392077]]]}},{"type":"Feature","id":"way/1116705487","properties":{"osm_id":"1116705487","name":null,"kind":"building","building":"yes","height_m":3.0,"height_source":"osm:building:levels×3m","levels":1.0},"geometry":{"type":"Polygon","coordinates":[[[71.4319049,51.1388324],[71.4318555,51.1389373],[71.4320209,51.1389679],[71.4320702,51.138863],[71.4319049,51.1388324]]]}},{"type":"Feature","id":"way/1116705488","properties":{"osm_id":"1116705488","name":null,"kind":"building","building":"yes","height_m":12.0,"height_source":"visual-fallback:12m","levels":null},"geometry":{"type":"Polygon","coordinates":[[[71.4308953,51.1395599],[71.430949,51.1394623],[71.4308557,51.1394421],[71.4308021,51.1395397],[71.4308953,51.1395599]]]}},{"type":"Feature","id":"way/1116705489","properties":{"osm_id":"1116705489","name":null,"kind":"building","building":"yes","height_m":3.0,"height_source":"osm:building:levels×3m","levels":1.0},"geometry":{"type":"Polygon","coordinates":[[[71.4299771,51.1389649],[71.4301338,51.1389618],[71.4301292,51.1388691],[71.4299724,51.1388722],[71.4299771,51.1389649]]]}},{"type":"Feature","id":"way/1116705490","properties":{"osm_id":"1116705490","name":null,"kind":"building","building":"yes","height_m":12.0,"height_source":"visual-fallback:12m","levels":null},"geometry":{"type":"Polygon","coordinates":[[[71.4302747,51.139886],[71.4303713,51.1399053],[71.430422,51.1398052],[71.4303254,51.1397859],[71.4302747,51.139886]]]}},{"type":"Feature","id":"way/1116705491","properties":{"osm_id":"1116705491","name":null,"kind":"building","building":"apartments","height_m":12.0,"height_source":"visual-fallback:12m","levels":null},"geometry":{"type":"Polygon","coordinates":[[[71.4309758,51.1366219],[71.431417,51.1364813],[71.4313965,51.136456],[71.4314719,51.136432],[71.4314133,51.1363596],[71.4313549,51.1363675],[71.4312918,51.1362901],[71.4309494,51.1364],[71.4309873,51.1364466],[71.4308893,51.136478],[71.4309234,51.1365199],[71.4308994,51.1365275],[71.4309758,51.1366219]]]}},{"type":"Feature","id":"way/1116705492","properties":{"osm_id":"1116705492","name":null,"kind":"building","building":"yes","height_m":12.0,"height_source":"visual-fallback:12m","levels":null},"geometry":{"type":"Polygon","coordinates":[[[71.4294898,51.1371129],[71.4296722,51.1370422],[71.4296137,51.1369827],[71.4294313,51.1370534],[71.4294898,51.1371129]]]}},{"type":"Feature","id":"way/1116705493","properties":{"osm_id":"1116705493","name":null,"kind":"building","building":"yes","height_m":12.0,"height_source":"visual-fallback:12m","levels":null},"geometry":{"type":"Polygon","coordinates":[[[71.4294696,51.1364469],[71.4293008,51.1365176],[71.4294008,51.1366117],[71.4295696,51.136541],[71.4294696,51.1364469]]]}},{"type":"Feature","id":"way/1116705494","properties":{"osm_id":"1116705494","name":null,"kind":"building","building":"yes","height_m":12.0,"height_source":"visual-fallback:12m","levels":null},"geometry":{"type":"Polygon","coordinates":[[[71.4298278,51.1367696],[71.4298993,51.1368318],[71.43013,51.1367274],[71.4300585,51.1366652],[71.4298278,51.1367696]]]}},{"type":"Feature","id":"way/1116705495/road","properties":{"osm_id":"1116705495","name":null,"kind":"road","highway":"residential","surface":null,"lanes":null},"geometry":{"type":"LineString","coordinates":[[71.4308774,51.1383066],[71.4307505,51.1383246]]}},{"type":"Feature","id":"way/1116705496","properties":{"osm_id":"1116705496","name":null,"kind":"building","building":"yes","height_m":12.0,"height_source":"visual-fallback:12m","levels":null},"geometry":{"type":"Polygon","coordinates":[[[71.4308229,51.1380084],[71.4309769,51.1379682],[71.4309142,51.1378734],[71.4307601,51.1379136],[71.4308229,51.1380084]]]}},{"type":"Feature","id":"way/1116705497","properties":{"osm_id":"1116705497","name":null,"kind":"building","building":"yes","height_m":12.0,"height_source":"visual-fallback:12m","levels":null},"geometry":{"type":"Polygon","coordinates":[[[71.4306888,51.1378098],[71.4308428,51.1377696],[71.4307801,51.1376748],[71.430626,51.137715],[71.4306888,51.1378098]]]}},{"type":"Feature","id":"way/1116705498","properties":{"osm_id":"1116705498","name":null,"kind":"building","building":"yes","height_m":12.0,"height_source":"visual-fallback:12m","levels":null},"geometry":{"type":"Polygon","coordinates":[[[71.4305761,51.1376483],[71.4307302,51.1376081],[71.4306675,51.1375133],[71.4305133,51.1375534],[71.4305761,51.1376483]]]}},{"type":"Feature","id":"way/1116705499","properties":{"osm_id":"1116705499","name":null,"kind":"building","building":"yes","height_m":12.0,"height_source":"visual-fallback:12m","levels":null},"geometry":{"type":"Polygon","coordinates":[[[71.4304634,51.1374934],[71.4306175,51.1374532],[71.4305548,51.1373584],[71.4304006,51.1373986],[71.4304634,51.1374934]]]}},{"type":"Feature","id":"way/1116705500","properties":{"osm_id":"1116705500","name":null,"kind":"building","building":"yes","height_m":12.0,"height_source":"visual-fallback:12m","levels":null},"geometry":{"type":"Polygon","coordinates":[[[71.4310643,51.137517],[71.4312183,51.1374768],[71.4311556,51.137382],[71.4310015,51.1374222],[71.4310643,51.137517]]]}},{"type":"Feature","id":"way/1116705501/road","properties":{"osm_id":"1116705501","name":null,"kind":"road","highway":"service","surface":null,"lanes":null},"geometry":{"type":"LineString","coordinates":[[71.4309731,51.1366871],[71.4307505,51.1367763],[71.4305171,51.1368655],[71.4305922,51.1369395]]}},{"type":"Feature","id":"way/1116705502/road","properties":{"osm_id":"1116705502","name":null,"kind":"road","highway":"service","surface":null,"lanes":null},"geometry":{"type":"LineString","coordinates":[[71.4307505,51.1367763],[71.4306741,51.1367237],[71.4305922,51.1366673],[71.4302891,51.1365474],[71.4299995,51.1362882]]}},{"type":"Feature","id":"way/1116705503","properties":{"osm_id":"1116705503","name":null,"kind":"building","building":"residential","height_m":12.0,"height_source":"visual-fallback:12m","levels":null},"geometry":{"type":"Polygon","coordinates":[[[71.4392505,51.1397527],[71.4392068,51.13988],[71.4393952,51.1399055],[71.4394389,51.1397782],[71.4392505,51.1397527]]]}},{"type":"Feature","id":"way/1116705504","properties":{"osm_id":"1116705504","name":null,"kind":"building","building":"residential","height_m":12.0,"height_source":"visual-fallback:12m","levels":null},"geometry":{"type":"Polygon","coordinates":[[[71.4385156,51.1398638],[71.4384718,51.1399911],[71.4386602,51.1400166],[71.438704,51.1398893],[71.4385156,51.1398638]]]}},{"type":"Feature","id":"way/1116705505","properties":{"osm_id":"1116705505","name":null,"kind":"building","building":"residential","height_m":12.0,"height_source":"visual-fallback:12m","levels":null},"geometry":{"type":"Polygon","coordinates":[[[71.4363563,51.1391728],[71.4361256,51.1391425],[71.4360797,51.1392801],[71.4363104,51.1393104],[71.4363563,51.1391728]]]}},{"type":"Feature","id":"way/1116705506/road","properties":{"osm_id":"1116705506","name":null,"kind":"road","highway":"service","surface":null,"lanes":null},"geometry":{"type":"LineString","coordinates":[[71.4341916,51.1358059],[71.4338565,51.1357463]]}},{"type":"Feature","id":"way/1116705507","properties":{"osm_id":"1116705507","name":null,"kind":"building","building":"yes","height_m":12.0,"height_source":"visual-fallback:12m","levels":null},"geometry":{"type":"Polygon","coordinates":[[[71.435883,51.1346527],[71.4360733,51.1346224],[71.4360025,51.1344473],[71.4358122,51.1344776],[71.435883,51.1346527]]]}},{"type":"Feature","id":"way/1116705508/road","properties":{"osm_id":"1116705508","name":null,"kind":"road","highway":"service","surface":null,"lanes":null},"geometry":{"type":"LineString","coordinates":[[71.4342168,51.134828],[71.434468,51.1347954]]}},{"type":"Feature","id":"way/1116705509","properties":{"osm_id":"1116705509","name":null,"kind":"building","building":"yes","height_m":12.0,"height_source":"visual-fallback:12m","levels":null},"geometry":{"type":"Polygon","coordinates":[[[71.4320254,51.1365236],[71.4320895,51.1366285],[71.4322436,51.1365913],[71.4321796,51.1364865],[71.4320254,51.1365236]]]}},{"type":"Feature","id":"way/1116705510","properties":{"osm_id":"1116705510","name":null,"kind":"building","building":"yes","height_m":12.0,"height_source":"visual-fallback:12m","levels":null},"geometry":{"type":"Polygon","coordinates":[[[71.4321649,51.1367154],[71.432229,51.1368203],[71.4323831,51.1367832],[71.4323191,51.1366784],[71.4321649,51.1367154]]]}},{"type":"Feature","id":"way/1116705511","properties":{"osm_id":"1116705511","name":null,"kind":"building","building":"yes","height_m":12.0,"height_source":"visual-fallback:12m","levels":null},"geometry":{"type":"Polygon","coordinates":[[[71.4323419,51.1370016],[71.432406,51.1371065],[71.4325601,51.1370693],[71.4324961,51.1369645],[71.4323419,51.1370016]]]}},{"type":"Feature","id":"way/1116705512","properties":{"osm_id":"1116705512","name":null,"kind":"building","building":"yes","height_m":12.0,"height_source":"visual-fallback:12m","levels":null},"geometry":{"type":"Polygon","coordinates":[[[71.4325243,51.1372742],[71.4325884,51.1373791],[71.4327425,51.1373419],[71.4326785,51.1372371],[71.4325243,51.1372742]]]}},{"type":"Feature","id":"way/1116705513","properties":{"osm_id":"1116705513","name":null,"kind":"building","building":"yes","height_m":12.0,"height_source":"visual-fallback:12m","levels":null},"geometry":{"type":"Polygon","coordinates":[[[71.4327067,51.1375401],[71.4327708,51.137645],[71.4329249,51.1376079],[71.4328609,51.137503],[71.4327067,51.1375401]]]}},{"type":"Feature","id":"way/1116705514","properties":{"osm_id":"1116705514","name":null,"kind":"building","building":"yes","height_m":12.0,"height_source":"visual-fallback:12m","levels":null},"geometry":{"type":"Polygon","coordinates":[[[71.4329052,51.1378094],[71.4329693,51.1379143],[71.4331234,51.1378771],[71.4330594,51.1377723],[71.4329052,51.1378094]]]}},{"type":"Feature","id":"way/1116705515","properties":{"osm_id":"1116705515","name":null,"kind":"building","building":"yes","height_m":12.0,"height_source":"visual-fallback:12m","levels":null},"geometry":{"type":"Polygon","coordinates":[[[71.4330393,51.1380113],[71.4331034,51.1381162],[71.4332575,51.1380791],[71.4331935,51.1379743],[71.4330393,51.1380113]]]}},{"type":"Feature","id":"way/1116705516/road","properties":{"osm_id":"1116705516","name":null,"kind":"road","highway":"residential","surface":null,"lanes":null},"geometry":{"type":"LineString","coordinates":[[71.4317949,51.1379628],[71.4319307,51.1379258]]}},{"type":"Feature","id":"way/1116705517","properties":{"osm_id":"1116705517","name":null,"kind":"building","building":"yes","height_m":12.0,"height_source":"visual-fallback:12m","levels":null},"geometry":{"type":"Polygon","coordinates":[[[71.4334069,51.1374853],[71.4333372,51.1373843],[71.4331795,51.1374272],[71.4332493,51.1375281],[71.4334069,51.1374853]]]}},{"type":"Feature","id":"way/1116705518","properties":{"osm_id":"1116705518","name":null,"kind":"building","building":"yes","height_m":12.0,"height_source":"visual-fallback:12m","levels":null},"geometry":{"type":"Polygon","coordinates":[[[71.4337602,51.1379202],[71.4335832,51.1378832],[71.4335236,51.1379953],[71.4337006,51.1380323],[71.4337602,51.1379202]]]}},{"type":"Feature","id":"way/1116705519","properties":{"osm_id":"1116705519","name":null,"kind":"building","building":"yes","height_m":12.0,"height_source":"visual-fallback:12m","levels":null},"geometry":{"type":"Polygon","coordinates":[[[71.4338997,51.1376678],[71.4337226,51.1376307],[71.4336631,51.1377428],[71.4338401,51.1377798],[71.4338997,51.1376678]]]}},{"type":"Feature","id":"way/1116705520","properties":{"osm_id":"1116705520","name":null,"kind":"building","building":"yes","height_m":12.0,"height_source":"visual-fallback:12m","levels":null},"geometry":{"type":"Polygon","coordinates":[[[71.4338618,51.137362],[71.4336848,51.1373249],[71.4336253,51.137437],[71.4338023,51.1374741],[71.4338618,51.137362]]]}},{"type":"Feature","id":"way/1116705521/road","properties":{"osm_id":"1116705521","name":null,"kind":"road","highway":"service","surface":null,"lanes":null},"geometry":{"type":"LineString","coordinates":[[71.4343285,51.137611],[71.4340228,51.1375437]]}},{"type":"Feature","id":"way/1116705522/road","properties":{"osm_id":"1116705522","name":null,"kind":"road","highway":"service","surface":null,"lanes":null},"geometry":{"type":"LineString","coordinates":[[71.4350245,51.1374194],[71.4349101,51.1373981],[71.434502,51.137322],[71.4346531,51.1369755]]}},{"type":"Feature","id":"way/1116705523/road","properties":{"osm_id":"1116705523","name":null,"kind":"road","highway":"service","surface":null,"lanes":null},"geometry":{"type":"LineString","coordinates":[[71.4351444,51.1371637],[71.4350416,51.1370996],[71.4349054,51.1370145],[71.4346531,51.1369755]]}},{"type":"Feature","id":"way/1116705524/road","properties":{"osm_id":"1116705524","name":null,"kind":"road","highway":"service","surface":null,"lanes":null},"geometry":{"type":"LineString","coordinates":[[71.4352261,51.1369846],[71.4351096,51.1369635],[71.4345217,51.1368571],[71.4346236,51.1366652]]}},{"type":"Feature","id":"way/1116705525/road","properties":{"osm_id":"1116705525","name":null,"kind":"road","highway":"service","surface":null,"lanes":null},"geometry":{"type":"LineString","coordinates":[[71.4340435,51.1361026],[71.4338136,51.1360661],[71.4337599,51.1361771]]}},{"type":"Feature","id":"way/1116705526/road","properties":{"osm_id":"1116705526","name":null,"kind":"road","highway":"service","surface":null,"lanes":null},"geometry":{"type":"LineString","coordinates":[[71.4342305,51.1357212],[71.4347175,51.1357833],[71.4351279,51.1358069],[71.4353488,51.1357613],[71.4354924,51.1357317]]}},{"type":"Feature","id":"way/1116705527","properties":{"osm_id":"1116705527","name":null,"kind":"building","building":"yes","height_m":12.0,"height_source":"visual-fallback:12m","levels":null},"geometry":{"type":"Polygon","coordinates":[[[71.4338518,51.1350073],[71.4337,51.1350291],[71.4337394,51.1351372],[71.4338912,51.1351155],[71.4338518,51.1350073]]]}},{"type":"Feature","id":"way/1116705528","properties":{"osm_id":"1116705528","name":null,"kind":"building","building":"yes","height_m":12.0,"height_source":"visual-fallback:12m","levels":null},"geometry":{"type":"Polygon","coordinates":[[[71.433379,51.1351034],[71.4331913,51.1351303],[71.4332307,51.1352384],[71.4334184,51.1352115],[71.433379,51.1351034]]]}},{"type":"Feature","id":"way/1116705529","properties":{"osm_id":"1116705529","name":null,"kind":"building","building":"yes","height_m":12.0,"height_source":"visual-fallback:12m","levels":null},"geometry":{"type":"Polygon","coordinates":[[[71.4338382,51.135343],[71.4336612,51.135306],[71.4336065,51.135409],[71.4337835,51.135446],[71.4338382,51.135343]]]}},{"type":"Feature","id":"way/1116705530","properties":{"osm_id":"1116705530","name":null,"kind":"building","building":"yes","height_m":12.0,"height_source":"visual-fallback:12m","levels":null},"geometry":{"type":"Polygon","coordinates":[[[71.4333147,51.1363623],[71.4335484,51.1364085],[71.4337039,51.1360988],[71.4334702,51.1360526],[71.4333147,51.1363623]]]}},{"type":"Feature","id":"way/1116705531","properties":{"osm_id":"1116705531","name":null,"kind":"building","building":"yes","height_m":12.0,"height_source":"visual-fallback:12m","levels":null},"geometry":{"type":"Polygon","coordinates":[[[71.433599,51.135817],[71.4336848,51.1356386],[71.4335038,51.1356043],[71.433418,51.1357827],[71.433599,51.135817]]]}},{"type":"Feature","id":"way/1116705532","properties":{"osm_id":"1116705532","name":null,"kind":"building","building":"yes","height_m":12.0,"height_source":"visual-fallback:12m","levels":null},"geometry":{"type":"Polygon","coordinates":[[[71.433996,51.1355309],[71.4337599,51.1354837],[71.4337229,51.1355567],[71.433959,51.1356038],[71.433996,51.1355309]]]}},{"type":"Feature","id":"way/1116705533","properties":{"osm_id":"1116705533","name":null,"kind":"building","building":"yes","height_m":12.0,"height_source":"visual-fallback:12m","levels":null},"geometry":{"type":"Polygon","coordinates":[[[71.4330819,51.1353464],[71.4329048,51.1353094],[71.4328501,51.1354124],[71.4330271,51.1354494],[71.4330819,51.1353464]]]}},{"type":"Feature","id":"way/1116705534","properties":{"osm_id":"1116705534","name":null,"kind":"building","building":"yes","height_m":12.0,"height_source":"visual-fallback:12m","levels":null},"geometry":{"type":"Polygon","coordinates":[[[71.432937,51.1356695],[71.43276,51.1356325],[71.4327053,51.1357355],[71.4328823,51.1357725],[71.432937,51.1356695]]]}},{"type":"Feature","id":"way/1116705535","properties":{"osm_id":"1116705535","name":null,"kind":"building","building":"yes","height_m":12.0,"height_source":"visual-fallback:12m","levels":null},"geometry":{"type":"Polygon","coordinates":[[[71.4327493,51.1360129],[71.4325722,51.1359759],[71.4325175,51.1360789],[71.4326945,51.1361159],[71.4327493,51.1360129]]]}},{"type":"Feature","id":"way/1116705536","properties":{"osm_id":"1116705536","name":null,"kind":"building","building":"yes","height_m":12.0,"height_source":"visual-fallback:12m","levels":null},"geometry":{"type":"Polygon","coordinates":[[[71.4328802,51.1362243],[71.4327031,51.1361872],[71.4326484,51.1362902],[71.4328254,51.1363273],[71.4328802,51.1362243]]]}},{"type":"Feature","id":"way/1116705537","properties":{"osm_id":"1116705537","name":null,"kind":"building","building":"yes","height_m":12.0,"height_source":"visual-fallback:12m","levels":null},"geometry":{"type":"Polygon","coordinates":[[[71.4327042,51.1364486],[71.4326344,51.1363476],[71.4324768,51.1363904],[71.4325465,51.1364914],[71.4327042,51.1364486]]]}},{"type":"Feature","id":"way/1116705538","properties":{"osm_id":"1116705538","name":null,"kind":"building","building":"yes","height_m":12.0,"height_source":"visual-fallback:12m","levels":null},"geometry":{"type":"Polygon","coordinates":[[[71.4328265,51.1366316],[71.4327568,51.1365306],[71.4325992,51.1365734],[71.4326689,51.1366744],[71.4328265,51.1366316]]]}},{"type":"Feature","id":"way/1116705539/road","properties":{"osm_id":"1116705539","name":null,"kind":"road","highway":"residential","surface":null,"lanes":null},"geometry":{"type":"LineString","coordinates":[[71.4311799,51.1350306],[71.4315344,51.1349978],[71.4324443,51.1348736]]}},{"type":"Feature","id":"way/1116705540/road","properties":{"osm_id":"1116705540","name":null,"kind":"road","highway":"residential","surface":null,"lanes":null},"geometry":{"type":"LineString","coordinates":[[71.4327115,51.1351068],[71.432628,51.1350832],[71.4323974,51.1351168]]}},{"type":"Feature","id":"way/1116705541","properties":{"osm_id":"1116705541","name":null,"kind":"building","building":"yes","height_m":12.0,"height_source":"visual-fallback:12m","levels":null},"geometry":{"type":"Polygon","coordinates":[[[71.4358597,51.1367324],[71.4357403,51.1367103],[71.4357197,51.1367544],[71.435839,51.1367765],[71.4358597,51.1367324]]]}},{"type":"Feature","id":"way/1116705542","properties":{"osm_id":"1116705542","name":null,"kind":"building","building":"yes","height_m":12.0,"height_source":"visual-fallback:12m","levels":null},"geometry":{"type":"Polygon","coordinates":[[[71.4358597,51.1367324],[71.4359432,51.1365541],[71.4358239,51.1365321],[71.4357403,51.1367103],[71.4358597,51.1367324]]]}},{"type":"Feature","id":"way/1116705543/road","properties":{"osm_id":"1116705543","name":null,"kind":"road","highway":"residential","surface":null,"lanes":null},"geometry":{"type":"LineString","coordinates":[[71.4352324,51.1378265],[71.43516,51.1379561],[71.4351842,51.1379914],[71.4356716,51.1380754],[71.4363751,51.1382085],[71.4364475,51.1381782],[71.4365387,51.1379544],[71.4358676,51.1378106]]}},{"type":"Feature","id":"way/1136367534/road","properties":{"osm_id":"1136367534","name":null,"kind":"road","highway":"service","surface":null,"lanes":null},"geometry":{"type":"LineString","coordinates":[[71.4235194,51.1223307],[71.4230847,51.1222599],[71.4221862,51.1222633]]}},{"type":"Feature","id":"way/1136367535/road","properties":{"osm_id":"1136367535","name":null,"kind":"road","highway":"service","surface":null,"lanes":null},"geometry":{"type":"LineString","coordinates":[[71.4221862,51.1222633],[71.4221808,51.1222136],[71.4221406,51.1221732],[71.4220387,51.122137]]}},{"type":"Feature","id":"way/1136604722","properties":{"osm_id":"1136604722","name":null,"kind":"building","building":"yes","height_m":12.0,"height_source":"visual-fallback:12m","levels":null},"geometry":{"type":"Polygon","coordinates":[[[71.4362705,51.1253828],[71.4363118,51.1254639],[71.4365639,51.1254134],[71.4365226,51.1253323],[71.4362705,51.1253828]]]}},{"type":"Feature","id":"way/1136604723","properties":{"osm_id":"1136604723","name":null,"kind":"building","building":"yes","height_m":12.0,"height_source":"visual-fallback:12m","levels":null},"geometry":{"type":"Polygon","coordinates":[[[71.436135,51.1254038],[71.4361909,51.125479],[71.4362714,51.1254555],[71.4362155,51.1253803],[71.436135,51.1254038]]]}},{"type":"Feature","id":"way/1136604724","properties":{"osm_id":"1136604724","name":null,"kind":"building","building":"yes","height_m":12.0,"height_source":"visual-fallback:12m","levels":null},"geometry":{"type":"Polygon","coordinates":[[[71.435675,51.1254711],[71.435716,51.1255535],[71.4361452,51.1254694],[71.4361041,51.1253869],[71.435675,51.1254711]]]}},{"type":"Feature","id":"way/1136604725","properties":{"osm_id":"1136604725","name":null,"kind":"building","building":"yes","height_m":12.0,"height_source":"visual-fallback:12m","levels":null},"geometry":{"type":"Polygon","coordinates":[[[71.4352539,51.125525],[71.4352937,51.1256184],[71.4356746,51.1255544],[71.4356348,51.125461],[71.4352539,51.125525]]]}},{"type":"Feature","id":"way/1136604726","properties":{"osm_id":"1136604726","name":null,"kind":"building","building":"yes","height_m":12.0,"height_source":"visual-fallback:12m","levels":null},"geometry":{"type":"Polygon","coordinates":[[[71.4332744,51.1258324],[71.4333138,51.1258879],[71.4336121,51.1258209],[71.4335915,51.1257782],[71.4335453,51.1257834],[71.4332744,51.1258324]]]}},{"type":"Feature","id":"way/1136604727","properties":{"osm_id":"1136604727","name":null,"kind":"building","building":"yes","height_m":12.0,"height_source":"visual-fallback:12m","levels":null},"geometry":{"type":"Polygon","coordinates":[[[71.4328817,51.1258769],[71.4329062,51.1259467],[71.433182,51.1259085],[71.4331575,51.1258387],[71.4328817,51.1258769]]]}},{"type":"Feature","id":"way/1136604728","properties":{"osm_id":"1136604728","name":null,"kind":"building","building":"yes","height_m":12.0,"height_source":"visual-fallback:12m","levels":null},"geometry":{"type":"Polygon","coordinates":[[[71.4325044,51.1259523],[71.4325312,51.1260072],[71.4327492,51.1259654],[71.4327224,51.1259104],[71.4325044,51.1259523]]]}},{"type":"Feature","id":"way/1136604730","properties":{"osm_id":"1136604730","name":null,"kind":"building","building":"yes","height_m":12.0,"height_source":"visual-fallback:12m","levels":null},"geometry":{"type":"Polygon","coordinates":[[[71.4327005,51.1269096],[71.4328155,51.1269008],[71.432794,51.1267897],[71.432679,51.1267985],[71.4327005,51.1269096]]]}},{"type":"Feature","id":"way/1136604732","properties":{"osm_id":"1136604732","name":null,"kind":"building","building":"yes","height_m":12.0,"height_source":"visual-fallback:12m","levels":null},"geometry":{"type":"Polygon","coordinates":[[[71.4341488,51.1266066],[71.4342789,51.1265884],[71.434236,51.1264672],[71.4341059,51.1264854],[71.4341488,51.1266066]]]}},{"type":"Feature","id":"way/1136604733","properties":{"osm_id":"1136604733","name":null,"kind":"building","building":"yes","height_m":12.0,"height_source":"visual-fallback:12m","levels":null},"geometry":{"type":"Polygon","coordinates":[[[71.434122,51.1264332],[71.4343025,51.1264036],[71.434206,51.1261713],[71.4340255,51.1262009],[71.434122,51.1264332]]]}},{"type":"Feature","id":"way/1136604734","properties":{"osm_id":"1136604734","name":null,"kind":"building","building":"yes","height_m":12.0,"height_source":"visual-fallback:12m","levels":null},"geometry":{"type":"Polygon","coordinates":[[[71.434765,51.1264521],[71.4348143,51.126444],[71.434794,51.126395],[71.4347448,51.1264031],[71.434765,51.1264521]]]}},{"type":"Feature","id":"way/1136604735","properties":{"osm_id":"1136604735","name":null,"kind":"building","building":"yes","height_m":12.0,"height_source":"visual-fallback:12m","levels":null},"geometry":{"type":"Polygon","coordinates":[[[71.435262,51.1260241],[71.4354256,51.1260056],[71.4354048,51.1259334],[71.4352412,51.1259519],[71.435262,51.1260241]]]}},{"type":"Feature","id":"way/1136604736","properties":{"osm_id":"1136604736","name":null,"kind":"building","building":"yes","height_m":12.0,"height_source":"visual-fallback:12m","levels":null},"geometry":{"type":"Polygon","coordinates":[[[71.4352244,51.1264551],[71.4353384,51.1264385],[71.4352874,51.1263004],[71.4351734,51.126317],[71.4352244,51.1264551]]]}},{"type":"Feature","id":"way/1136604737","properties":{"osm_id":"1136604737","name":null,"kind":"building","building":"yes","height_m":12.0,"height_source":"visual-fallback:12m","levels":null},"geometry":{"type":"Polygon","coordinates":[[[71.4358386,51.1263877],[71.4359629,51.1263729],[71.4359227,51.1262399],[71.4357984,51.1262547],[71.4358386,51.1263877]]]}},{"type":"Feature","id":"way/1136872874","properties":{"osm_id":"1136872874","name":null,"kind":"building","building":"yes","height_m":12.0,"height_source":"visual-fallback:12m","levels":null},"geometry":{"type":"Polygon","coordinates":[[[71.4209926,51.1265965],[71.4211804,51.1265864],[71.4211621,51.1264526],[71.4209743,51.1264627],[71.4209926,51.1265965]]]}},{"type":"Feature","id":"way/1137015711/road","properties":{"osm_id":"1137015711","name":null,"kind":"road","highway":"footway","surface":null,"lanes":null},"geometry":{"type":"LineString","coordinates":[[71.4381031,51.1371547],[71.438245,51.1372818],[71.4384878,51.1374993],[71.4385825,51.1375841]]}},{"type":"Feature","id":"way/1137015712/road","properties":{"osm_id":"1137015712","name":null,"kind":"road","highway":"service","surface":null,"lanes":null},"geometry":{"type":"LineString","coordinates":[[71.4391895,51.1370228],[71.4385242,51.1369884],[71.4383331,51.1370661],[71.4382659,51.1372393],[71.438245,51.1372818],[71.4381916,51.1373903],[71.4376218,51.1374281],[71.4374922,51.1376808],[71.437202,51.1382463],[71.4371028,51.1384397],[71.4369594,51.1387193],[71.4369362,51.1387646],[71.4368945,51.1388465]]}},{"type":"Feature","id":"way/1137268864/road","properties":{"osm_id":"1137268864","name":null,"kind":"road","highway":"footway","surface":null,"lanes":null},"geometry":{"type":"LineString","coordinates":[[71.4388857,51.1375583],[71.4393814,51.1372091],[71.4395209,51.1371586],[71.4397776,51.1371622],[71.4401244,51.137167],[71.4402907,51.1372007],[71.4409371,51.1374919],[71.44098,51.1375642],[71.4409451,51.137645],[71.4408539,51.1376972],[71.440605,51.1377533],[71.4404234,51.1379109],[71.4402851,51.1379849],[71.440214,51.1380079],[71.4400798,51.1379619],[71.4398524,51.137794],[71.4397688,51.1377324],[71.4394598,51.1377068],[71.4391976,51.137726],[71.4391444,51.137739]]}},{"type":"Feature","id":"way/1137268865/road","properties":{"osm_id":"1137268865","name":null,"kind":"road","highway":"footway","surface":null,"lanes":null},"geometry":{"type":"LineString","coordinates":[[71.4397776,51.1371622],[71.4399318,51.1373473],[71.4399739,51.1374455],[71.4399669,51.1376462],[71.4399365,51.1377165],[71.4398524,51.137794]]}},{"type":"Feature","id":"way/1140724098/road","properties":{"osm_id":"1140724098","name":null,"kind":"road","highway":"secondary_link","surface":null,"lanes":null},"geometry":{"type":"LineString","coordinates":[[71.4387907,51.1217698],[71.4386997,51.1217479],[71.4386456,51.1217087],[71.4386477,51.1216616],[71.4386999,51.1215863]]}},{"type":"Feature","id":"way/1144834576/road","properties":{"osm_id":"1144834576","name":null,"kind":"road","highway":"footway","surface":"paving_stones","lanes":null},"geometry":{"type":"LineString","coordinates":[[71.4258997,51.1290419],[71.4258654,51.1289587]]}},{"type":"Feature","id":"way/1144834577/road","properties":{"osm_id":"1144834577","name":null,"kind":"road","highway":"footway","surface":"paving_stones","lanes":null},"geometry":{"type":"LineString","coordinates":[[71.426486,51.1288727],[71.4265195,51.128949]]}},{"type":"Feature","id":"way/1144834578/road","properties":{"osm_id":"1144834578","name":null,"kind":"road","highway":"footway","surface":"paving_stones","lanes":null},"geometry":{"type":"LineString","coordinates":[[71.4257669,51.1289759],[71.4256246,51.128644],[71.4259028,51.1285989],[71.4261736,51.1285542],[71.4264408,51.1285094],[71.4264655,51.1285682],[71.4265887,51.1288558]]}},{"type":"Feature","id":"way/1144834579/road","properties":{"osm_id":"1144834579","name":null,"kind":"road","highway":"footway","surface":"paving_stones","lanes":null},"geometry":{"type":"LineString","coordinates":[[71.4259725,51.128765],[71.4259271,51.1286589],[71.4259028,51.1285989]]}},{"type":"Feature","id":"way/1144834580/road","properties":{"osm_id":"1144834580","name":null,"kind":"road","highway":"footway","surface":"paving_stones","lanes":null},"geometry":{"type":"LineString","coordinates":[[71.4262399,51.1287197],[71.4261978,51.1286144],[71.4261736,51.1285542]]}},{"type":"Feature","id":"way/1144834581/road","properties":{"osm_id":"1144834581","name":null,"kind":"road","highway":"footway","surface":"paving_stones","lanes":null},"geometry":{"type":"LineString","coordinates":[[71.4259271,51.1286589],[71.4261978,51.1286144],[71.4264655,51.1285682]]}},{"type":"Feature","id":"way/1144834582/road","properties":{"osm_id":"1144834582","name":null,"kind":"road","highway":"footway","surface":null,"lanes":null},"geometry":{"type":"LineString","coordinates":[[71.4287549,51.1285629],[71.428768,51.128561],[71.4288073,51.1285552],[71.42894,51.1285352],[71.4290815,51.1285139],[71.4291554,51.1285027],[71.4292869,51.1284827],[71.4293214,51.1284799]]}},{"type":"Feature","id":"way/1144834583/road","properties":{"osm_id":"1144834583","name":null,"kind":"road","highway":"footway","surface":null,"lanes":null},"geometry":{"type":"LineString","coordinates":[[71.4266208,51.1289329],[71.4267336,51.1291934],[71.4264627,51.1292375],[71.4261899,51.1292808],[71.4259215,51.1293239],[71.4258082,51.1290563]]}},{"type":"Feature","id":"way/1144834584/road","properties":{"osm_id":"1144834584","name":null,"kind":"road","highway":"footway","surface":null,"lanes":null},"geometry":{"type":"LineString","coordinates":[[71.426926,51.1289428],[71.4270643,51.1292799],[71.4270047,51.1292889],[71.4267806,51.129297],[71.4267179,51.1292768]]}},{"type":"Feature","id":"way/1144834585/road","properties":{"osm_id":"1144834585","name":null,"kind":"road","highway":"footway","surface":null,"lanes":null},"geometry":{"type":"LineString","coordinates":[[71.4267336,51.1291934],[71.4267806,51.129297]]}},{"type":"Feature","id":"way/1144834586/road","properties":{"osm_id":"1144834586","name":null,"kind":"road","highway":"footway","surface":null,"lanes":null},"geometry":{"type":"LineString","coordinates":[[71.4267179,51.1292768],[71.4264962,51.1293116],[71.4262229,51.1293552],[71.4259888,51.1293902],[71.4259568,51.1294077],[71.4259215,51.1293239]]}},{"type":"Feature","id":"way/1144834587/road","properties":{"osm_id":"1144834587","name":null,"kind":"road","highway":"footway","surface":null,"lanes":null},"geometry":{"type":"LineString","coordinates":[[71.4264139,51.1291226],[71.4264627,51.1292375],[71.4264962,51.1293116]]}},{"type":"Feature","id":"way/1144834588/road","properties":{"osm_id":"1144834588","name":null,"kind":"road","highway":"footway","surface":null,"lanes":null},"geometry":{"type":"LineString","coordinates":[[71.4262229,51.1293552],[71.4261899,51.1292808],[71.4261424,51.1291676]]}},{"type":"Feature","id":"way/1144834590/road","properties":{"osm_id":"1144834590","name":null,"kind":"road","highway":"footway","surface":null,"lanes":null},"geometry":{"type":"LineString","coordinates":[[71.4281842,51.1285512],[71.4280744,51.1282913],[71.4283462,51.1282452],[71.4284853,51.1286012]]}},{"type":"Feature","id":"way/1144834591/road","properties":{"osm_id":"1144834591","name":null,"kind":"road","highway":"footway","surface":null,"lanes":null},"geometry":{"type":"LineString","coordinates":[[71.4279156,51.1285944],[71.4277704,51.1282503],[71.4280393,51.1282063],[71.4282214,51.1281786],[71.4282614,51.1281811],[71.428296,51.1281916],[71.428321,51.1282095],[71.4283368,51.128228],[71.4283462,51.1282452]]}},{"type":"Feature","id":"way/1144834592/road","properties":{"osm_id":"1144834592","name":null,"kind":"road","highway":"footway","surface":null,"lanes":null},"geometry":{"type":"LineString","coordinates":[[71.4280744,51.1282913],[71.4280393,51.1282063]]}},{"type":"Feature","id":"way/1144834594/road","properties":{"osm_id":"1144834594","name":null,"kind":"road","highway":"footway","surface":null,"lanes":null},"geometry":{"type":"LineString","coordinates":[[71.4284853,51.1286012],[71.4286166,51.1289641],[71.4283475,51.1290066],[71.4282418,51.1287288]]}},{"type":"Feature","id":"way/1144834595/road","properties":{"osm_id":"1144834595","name":null,"kind":"road","highway":"footway","surface":null,"lanes":null},"geometry":{"type":"LineString","coordinates":[[71.4283475,51.1290066],[71.4283749,51.1290804],[71.4281151,51.1291191],[71.4279808,51.1287708]]}},{"type":"Feature","id":"way/1144834596/road","properties":{"osm_id":"1144834596","name":null,"kind":"road","highway":"footway","surface":null,"lanes":null},"geometry":{"type":"LineString","coordinates":[[71.4271242,51.1287204],[71.4269804,51.1283813],[71.4277704,51.1282503]]}},{"type":"Feature","id":"way/1144834597/road","properties":{"osm_id":"1144834597","name":null,"kind":"road","highway":"footway","surface":null,"lanes":null},"geometry":{"type":"LineString","coordinates":[[71.4268514,51.1287607],[71.4267088,51.1284265],[71.4269804,51.1283813]]}},{"type":"Feature","id":"way/1144834598/road","properties":{"osm_id":"1144834598","name":null,"kind":"road","highway":"footway","surface":null,"lanes":null},"geometry":{"type":"LineString","coordinates":[[71.4264408,51.1285094],[71.4267088,51.1284265]]}},{"type":"Feature","id":"way/1144834599/road","properties":{"osm_id":"1144834599","name":null,"kind":"road","highway":"footway","surface":null,"lanes":null},"geometry":{"type":"LineString","coordinates":[[71.4270643,51.1292799],[71.4273271,51.1292397],[71.4281151,51.1291191]]}},{"type":"Feature","id":"way/1144834600/road","properties":{"osm_id":"1144834600","name":null,"kind":"road","highway":"footway","surface":null,"lanes":null},"geometry":{"type":"LineString","coordinates":[[71.4256246,51.128644],[71.4254362,51.128643],[71.4253643,51.1286534],[71.4251019,51.1286984],[71.4237852,51.1289269],[71.4235384,51.1289697],[71.4232934,51.1290217],[71.423143,51.1290799],[71.4230261,51.1290984],[71.4227574,51.1291412],[71.4224713,51.129163],[71.4222375,51.1291808],[71.4222061,51.1291861],[71.4219402,51.1292304],[71.4206018,51.1294526],[71.4203417,51.129499],[71.4202982,51.1295065],[71.4200887,51.1295761],[71.4198372,51.1296596],[71.4195739,51.129703],[71.4192881,51.129711],[71.4190458,51.1297177],[71.4190162,51.1297229],[71.4187569,51.1297684],[71.4177093,51.1299522]]}},{"type":"Feature","id":"way/1144834601/road","properties":{"osm_id":"1144834601","name":null,"kind":"road","highway":"footway","surface":null,"lanes":null},"geometry":{"type":"LineString","coordinates":[[71.4253643,51.1286534],[71.4255054,51.1289664]]}},{"type":"Feature","id":"way/1144834602/road","properties":{"osm_id":"1144834602","name":null,"kind":"road","highway":"footway","surface":null,"lanes":null},"geometry":{"type":"LineString","coordinates":[[71.4252374,51.1290095],[71.4251019,51.1286984]]}},{"type":"Feature","id":"way/1144834603/road","properties":{"osm_id":"1144834603","name":null,"kind":"road","highway":"footway","surface":null,"lanes":null},"geometry":{"type":"LineString","coordinates":[[71.4259568,51.1294077],[71.4257479,51.1294601],[71.425705,51.1294662],[71.4254296,51.1295053],[71.424105,51.129694],[71.4238315,51.1297323],[71.4237911,51.1297388],[71.4235555,51.1297427]]}},{"type":"Feature","id":"way/1144834604/road","properties":{"osm_id":"1144834604","name":null,"kind":"road","highway":"footway","surface":null,"lanes":null},"geometry":{"type":"LineString","coordinates":[[71.4253055,51.1291824],[71.4254296,51.1295053]]}},{"type":"Feature","id":"way/1144834605/road","properties":{"osm_id":"1144834605","name":null,"kind":"road","highway":"footway","surface":null,"lanes":null},"geometry":{"type":"LineString","coordinates":[[71.425705,51.1294662],[71.4255684,51.1291398]]}},{"type":"Feature","id":"way/1144834606/road","properties":{"osm_id":"1144834606","name":null,"kind":"road","highway":"footway","surface":null,"lanes":null},"geometry":{"type":"LineString","coordinates":[[71.4239766,51.1293923],[71.424105,51.129694]]}},{"type":"Feature","id":"way/1144834607/road","properties":{"osm_id":"1144834607","name":null,"kind":"road","highway":"footway","surface":null,"lanes":null},"geometry":{"type":"LineString","coordinates":[[71.4237172,51.1294339],[71.4238315,51.1297323]]}},{"type":"Feature","id":"way/1144834608/road","properties":{"osm_id":"1144834608","name":null,"kind":"road","highway":"footway","surface":null,"lanes":null},"geometry":{"type":"LineString","coordinates":[[71.4234374,51.1294327],[71.4234084,51.1293509]]}},{"type":"Feature","id":"way/1144834609/road","properties":{"osm_id":"1144834609","name":null,"kind":"road","highway":"footway","surface":null,"lanes":null},"geometry":{"type":"LineString","coordinates":[[71.4234084,51.1293509],[71.423335,51.1291527],[71.4232934,51.1290217]]}},{"type":"Feature","id":"way/1144834610/road","properties":{"osm_id":"1144834610","name":null,"kind":"road","highway":"footway","surface":null,"lanes":null},"geometry":{"type":"LineString","coordinates":[[71.4236585,51.1292651],[71.4235384,51.1289697]]}},{"type":"Feature","id":"way/1144834611/road","properties":{"osm_id":"1144834611","name":null,"kind":"road","highway":"footway","surface":null,"lanes":null},"geometry":{"type":"LineString","coordinates":[[71.4234374,51.1294327],[71.423518,51.1296435],[71.4235555,51.1297427]]}},{"type":"Feature","id":"way/1144834612/road","properties":{"osm_id":"1144834612","name":null,"kind":"road","highway":"footway","surface":null,"lanes":null},"geometry":{"type":"LineString","coordinates":[[71.423518,51.1296435],[71.4232516,51.129682],[71.4231647,51.1296946],[71.4230383,51.1297128],[71.4229768,51.1297217],[71.4227025,51.1297613],[71.4226246,51.1295563],[71.4225907,51.1294765],[71.4225152,51.129275],[71.4227924,51.1292336],[71.4228639,51.129223],[71.4229808,51.1292056],[71.4230624,51.1291934],[71.423335,51.1291527]]}},{"type":"Feature","id":"way/1146926017/road","properties":{"osm_id":"1146926017","name":"Сығанақ көшесі","kind":"road","highway":"tertiary","surface":"asphalt","lanes":null},"geometry":{"type":"LineString","coordinates":[[71.4395439,51.121306],[71.439566,51.1213701],[71.4395897,51.1214055],[71.4396321,51.1214358]]}},{"type":"Feature","id":"way/1146926018/road","properties":{"osm_id":"1146926018","name":null,"kind":"road","highway":"tertiary","surface":null,"lanes":null},"geometry":{"type":"LineString","coordinates":[[71.4393014,51.1214872],[71.4393617,51.1214207],[71.4394328,51.1213643],[71.4395439,51.121306]]}},{"type":"Feature","id":"way/1148721848","properties":{"osm_id":"1148721848","name":null,"kind":"building","building":"yes","height_m":12.0,"height_source":"visual-fallback:12m","levels":null},"geometry":{"type":"Polygon","coordinates":[[[71.4208187,51.1235277],[71.4209834,51.123498],[71.4210172,51.1235718],[71.4208525,51.1236015],[71.4208187,51.1235277]]]}},{"type":"Feature","id":"way/1152813340/road","properties":{"osm_id":"1152813340","name":null,"kind":"road","highway":"service","surface":null,"lanes":null},"geometry":{"type":"LineString","coordinates":[[71.4189639,51.1244968],[71.4214717,51.1241125],[71.4224071,51.1239523]]}},{"type":"Feature","id":"way/1161583208/road","properties":{"osm_id":"1161583208","name":"Қараөткел көшесі","kind":"road","highway":"residential","surface":null,"lanes":null},"geometry":{"type":"LineString","coordinates":[[71.4263683,51.1376543],[71.4263968,51.1377063],[71.4268103,51.138323]]}},{"type":"Feature","id":"way/1161754595","properties":{"osm_id":"1161754595","name":null,"kind":"building","building":"apartments","height_m":12.0,"height_source":"visual-fallback:12m","levels":null},"geometry":{"type":"Polygon","coordinates":[[[71.4247869,51.1213421],[71.4248512,51.1215169],[71.4254304,51.121433],[71.4253658,51.1212574],[71.4252084,51.1212802],[71.4251714,51.1211796],[71.4248928,51.12122],[71.4249301,51.1213213],[71.4247869,51.1213421]]]}},{"type":"Feature","id":"way/1161754596","properties":{"osm_id":"1161754596","name":null,"kind":"building","building":"apartments","height_m":66.0,"height_source":"osm:building:levels×3m","levels":22.0},"geometry":{"type":"Polygon","coordinates":[[[71.4246204,51.1204792],[71.4246672,51.1205913],[71.4247105,51.1205842],[71.4247267,51.1206228],[71.4247839,51.1206134],[71.4247953,51.1206408],[71.4250141,51.1206048],[71.4250045,51.1205818],[71.4250504,51.1205743],[71.4250338,51.1205346],[71.4250689,51.1205288],[71.4250137,51.1203967],[71.4249419,51.1204085],[71.4249305,51.1203814],[71.4248794,51.1203898],[71.4248709,51.1203695],[71.4246866,51.1203998],[71.4246977,51.1204264],[71.4246452,51.120435],[71.4246609,51.1204726],[71.4246204,51.1204792]]]}},{"type":"Feature","id":"way/1161754597","properties":{"osm_id":"1161754597","name":null,"kind":"building","building":"apartments","height_m":12.0,"height_source":"visual-fallback:12m","levels":null},"geometry":{"type":"Polygon","coordinates":[[[71.4243897,51.1199439],[71.4244366,51.1200559],[71.4244798,51.1200488],[71.424496,51.1200874],[71.4245532,51.120078],[71.4245647,51.1201054],[71.4247834,51.1200694],[71.4247738,51.1200464],[71.4248197,51.1200389],[71.4248032,51.1199992],[71.4248382,51.1199934],[71.4247831,51.1198613],[71.4247112,51.1198731],[71.4246999,51.119846],[71.4246487,51.1198545],[71.4246402,51.1198341],[71.4244559,51.1198645],[71.424467,51.119891],[71.4244145,51.1198997],[71.4244302,51.1199372],[71.4243897,51.1199439]]]}},{"type":"Feature","id":"way/1161754599","properties":{"osm_id":"1161754599","name":null,"kind":"building","building":"apartments","height_m":66.0,"height_source":"osm:building:levels×3m","levels":22.0},"geometry":{"type":"Polygon","coordinates":[[[71.4237352,51.1207385],[71.4237821,51.1208506],[71.4238254,51.1208434],[71.4238415,51.1208821],[71.4238987,51.1208727],[71.4239102,51.1209001],[71.424129,51.1208641],[71.4241194,51.1208411],[71.4241653,51.1208335],[71.4241487,51.1207938],[71.4241838,51.1207881],[71.4241286,51.120656],[71.4240567,51.1206678],[71.4240454,51.1206407],[71.4239943,51.1206491],[71.4239858,51.1206288],[71.4238014,51.1206591],[71.4238125,51.1206857],[71.42376,51.1206943],[71.4237757,51.1207318],[71.4237352,51.1207385]]]}},{"type":"Feature","id":"way/1161754600","properties":{"osm_id":"1161754600","name":null,"kind":"building","building":"apartments","height_m":66.0,"height_source":"osm:building:levels×3m","levels":22.0},"geometry":{"type":"Polygon","coordinates":[[[71.4231934,51.1211661],[71.4232403,51.1212782],[71.4232836,51.1212711],[71.4232997,51.1213097],[71.4233569,51.1213003],[71.4233684,51.1213277],[71.4235872,51.1212917],[71.4235775,51.1212687],[71.4236235,51.1212612],[71.4236069,51.1212215],[71.4236419,51.1212157],[71.4235868,51.1210836],[71.4235149,51.1210954],[71.4235036,51.1210683],[71.4234524,51.1210767],[71.4234439,51.1210564],[71.4232596,51.1210867],[71.4232707,51.1211133],[71.4232182,51.1211219],[71.4232339,51.1211595],[71.4231934,51.1211661]]]}},{"type":"Feature","id":"way/1161754601","properties":{"osm_id":"1161754601","name":null,"kind":"building","building":"apartments","height_m":75.0,"height_source":"osm:building:levels×3m","levels":25.0},"geometry":{"type":"Polygon","coordinates":[[[71.4240092,51.12144],[71.4240773,51.1216027],[71.4241098,51.1215973],[71.424154,51.1217032],[71.4244318,51.1216574],[71.42426,51.1212466],[71.4239865,51.1212916],[71.424046,51.1214339],[71.4240092,51.12144]]]}},{"type":"Feature","id":"way/1171625107/road","properties":{"osm_id":"1171625107","name":"Достық көшесі","kind":"road","highway":"tertiary","surface":null,"lanes":null},"geometry":{"type":"LineString","coordinates":[[71.4386919,51.1245791],[71.4383309,51.124636]]}},{"type":"Feature","id":"way/1171625108/road","properties":{"osm_id":"1171625108","name":null,"kind":"road","highway":"service","surface":null,"lanes":null},"geometry":{"type":"LineString","coordinates":[[71.4383309,51.124636],[71.438342,51.124697],[71.4383306,51.1249475],[71.4383203,51.1251722]]}},{"type":"Feature","id":"way/1171647025/road","properties":{"osm_id":"1171647025","name":null,"kind":"road","highway":"service","surface":null,"lanes":null},"geometry":{"type":"LineString","coordinates":[[71.4293572,51.1351047],[71.4292676,51.1351195],[71.4287268,51.1352085],[71.428602,51.1352145],[71.4285296,51.1351707]]}},{"type":"Feature","id":"way/1171647027/road","properties":{"osm_id":"1171647027","name":null,"kind":"road","highway":"service","surface":null,"lanes":null},"geometry":{"type":"LineString","coordinates":[[71.4293611,51.1345698],[71.4307948,51.1343333],[71.4309673,51.1343049]]}},{"type":"Feature","id":"way/1171647028/road","properties":{"osm_id":"1171647028","name":null,"kind":"road","highway":"service","surface":null,"lanes":null},"geometry":{"type":"LineString","coordinates":[[71.4253767,51.1352361],[71.4254062,51.1351972],[71.4254491,51.1351072],[71.4254719,51.1350748],[71.4255277,51.1350526],[71.4258767,51.1349838],[71.428473,51.1345454],[71.4289793,51.1344633],[71.4290555,51.134451]]}},{"type":"Feature","id":"way/1171647029/road","properties":{"osm_id":"1171647029","name":null,"kind":"road","highway":"service","surface":null,"lanes":null},"geometry":{"type":"LineString","coordinates":[[71.4277962,51.1355655],[71.4281403,51.1355118],[71.4283096,51.1354854],[71.4281461,51.1351152],[71.4283493,51.1350833],[71.428704,51.1350091],[71.4285984,51.1347492],[71.428579,51.1347045],[71.4285682,51.1346749],[71.428473,51.1345454]]}},{"type":"Feature","id":"way/1171647030/road","properties":{"osm_id":"1171647030","name":null,"kind":"road","highway":"service","surface":null,"lanes":null},"geometry":{"type":"LineString","coordinates":[[71.4284798,51.1355396],[71.4286191,51.1358448],[71.4286546,51.1358583],[71.4287096,51.1358571],[71.4295274,51.1357203],[71.4296291,51.1357033]]}},{"type":"Feature","id":"way/1173589102/road","properties":{"osm_id":"1173589102","name":null,"kind":"road","highway":"footway","surface":null,"lanes":null},"geometry":{"type":"LineString","coordinates":[[71.4294426,51.120366],[71.4295638,51.1203492],[71.4295972,51.1204324]]}},{"type":"Feature","id":"way/1173589103/road","properties":{"osm_id":"1173589103","name":null,"kind":"road","highway":"footway","surface":null,"lanes":null},"geometry":{"type":"LineString","coordinates":[[71.4295638,51.1203492],[71.4292734,51.1196313]]}},{"type":"Feature","id":"way/1173589105/road","properties":{"osm_id":"1173589105","name":null,"kind":"road","highway":"footway","surface":null,"lanes":null},"geometry":{"type":"LineString","coordinates":[[71.4296321,51.1205328],[71.4296474,51.1205707]]}},{"type":"Feature","id":"way/1173589106/road","properties":{"osm_id":"1173589106","name":null,"kind":"road","highway":"cycleway","surface":null,"lanes":null},"geometry":{"type":"LineString","coordinates":[[71.4296474,51.1205707],[71.4306709,51.1204125]]}},{"type":"Feature","id":"way/1173589107/road","properties":{"osm_id":"1173589107","name":null,"kind":"road","highway":"cycleway","surface":null,"lanes":null},"geometry":{"type":"LineString","coordinates":[[71.4306709,51.1204125],[71.4319871,51.12021],[71.4325607,51.1201216],[71.4332202,51.1200199]]}},{"type":"Feature","id":"way/1173589108/road","properties":{"osm_id":"1173589108","name":null,"kind":"road","highway":"footway","surface":null,"lanes":null},"geometry":{"type":"LineString","coordinates":[[71.4319871,51.12021],[71.4319632,51.120151],[71.4319191,51.1200367]]}},{"type":"Feature","id":"way/1173589110/road","properties":{"osm_id":"1173589110","name":null,"kind":"road","highway":"footway","surface":null,"lanes":null},"geometry":{"type":"LineString","coordinates":[[71.4325607,51.1201216],[71.4325342,51.1200633],[71.4324915,51.1199644]]}},{"type":"Feature","id":"way/1175582463/road","properties":{"osm_id":"1175582463","name":"Сығанақ көшесі","kind":"road","highway":"secondary","surface":null,"lanes":4.0},"geometry":{"type":"LineString","coordinates":[[71.4264696,51.1236766],[71.4232287,51.1241741],[71.422945,51.1242177],[71.4226974,51.1242568],[71.4212881,51.1244799],[71.4186373,51.1248977],[71.4183762,51.1249415],[71.4174197,51.125093],[71.417333,51.1251068],[71.4170906,51.1251459]]}},{"type":"Feature","id":"way/1177860602/road","properties":{"osm_id":"1177860602","name":null,"kind":"road","highway":"footway","surface":null,"lanes":null},"geometry":{"type":"LineString","coordinates":[[71.4328532,51.1301751],[71.4329313,51.1302649],[71.4329423,51.1302776]]}},{"type":"Feature","id":"way/1179943915/road","properties":{"osm_id":"1179943915","name":null,"kind":"road","highway":"service","surface":null,"lanes":null},"geometry":{"type":"LineString","coordinates":[[71.4204459,51.136077],[71.4203831,51.135982],[71.4203786,51.1359513],[71.4204398,51.1359258]]}},{"type":"Feature","id":"way/1179943916/road","properties":{"osm_id":"1179943916","name":null,"kind":"road","highway":"service","surface":null,"lanes":null},"geometry":{"type":"LineString","coordinates":[[71.4207897,51.1352574],[71.4203134,51.1341572],[71.4202538,51.1341375]]}},{"type":"Feature","id":"way/1179943919/road","properties":{"osm_id":"1179943919","name":null,"kind":"road","highway":"service","surface":null,"lanes":null},"geometry":{"type":"LineString","coordinates":[[71.4253528,51.1363534],[71.4248076,51.1353595]]}},{"type":"Feature","id":"way/1179943920/road","properties":{"osm_id":"1179943920","name":null,"kind":"road","highway":"service","surface":null,"lanes":null},"geometry":{"type":"LineString","coordinates":[[71.4226344,51.1357154],[71.4225603,51.1355584]]}},{"type":"Feature","id":"way/1179943921/road","properties":{"osm_id":"1179943921","name":null,"kind":"road","highway":"service","surface":null,"lanes":null},"geometry":{"type":"LineString","coordinates":[[71.4245542,51.1350433],[71.4244275,51.1351617],[71.4243124,51.1352504]]}},{"type":"Feature","id":"way/1181247803/road","properties":{"osm_id":"1181247803","name":null,"kind":"road","highway":"service","surface":null,"lanes":null},"geometry":{"type":"LineString","coordinates":[[71.4317465,51.1356746],[71.4323477,51.1357378]]}},{"type":"Feature","id":"way/1181247804/road","properties":{"osm_id":"1181247804","name":null,"kind":"road","highway":"service","surface":null,"lanes":null},"geometry":{"type":"LineString","coordinates":[[71.4315867,51.1344],[71.4315354,51.1342778],[71.4314362,51.134254],[71.4313352,51.1342534],[71.4312547,51.13427],[71.4313158,51.1344437],[71.4315344,51.1349978]]}},{"type":"Feature","id":"way/1181247805/road","properties":{"osm_id":"1181247805","name":null,"kind":"road","highway":"service","surface":null,"lanes":null},"geometry":{"type":"LineString","coordinates":[[71.4338163,51.1382421],[71.4337324,51.1384265]]}},{"type":"Feature","id":"way/1181247806/road","properties":{"osm_id":"1181247806","name":null,"kind":"road","highway":"residential","surface":null,"lanes":null},"geometry":{"type":"LineString","coordinates":[[71.436233,51.1370994],[71.436874,51.1372517]]}},{"type":"Feature","id":"way/1181247807/road","properties":{"osm_id":"1181247807","name":null,"kind":"road","highway":"residential","surface":null,"lanes":null},"geometry":{"type":"LineString","coordinates":[[71.4365387,51.1379544],[71.436874,51.1372517],[71.4369678,51.1370397],[71.4369477,51.1369959],[71.4368914,51.1369564],[71.4363038,51.1368242],[71.4361618,51.1367923],[71.436013,51.1367763],[71.4359419,51.1367931],[71.4359124,51.1368285],[71.4358809,51.1368905]]}},{"type":"Feature","id":"way/1181247808/road","properties":{"osm_id":"1181247808","name":null,"kind":"road","highway":"residential","surface":null,"lanes":null},"geometry":{"type":"LineString","coordinates":[[71.4357716,51.1379309],[71.4356716,51.1380754]]}},{"type":"Feature","id":"way/1181247809/road","properties":{"osm_id":"1181247809","name":null,"kind":"road","highway":"residential","surface":null,"lanes":null},"geometry":{"type":"LineString","coordinates":[[71.4353394,51.1367613],[71.4354772,51.1367885],[71.435784,51.1368672]]}},{"type":"Feature","id":"way/1181247810/road","properties":{"osm_id":"1181247810","name":null,"kind":"road","highway":"service","surface":null,"lanes":null},"geometry":{"type":"LineString","coordinates":[[71.4350581,51.1355107],[71.4349027,51.1350988],[71.4350977,51.1350181],[71.4351997,51.1349759]]}},{"type":"Feature","id":"way/1181247811/road","properties":{"osm_id":"1181247811","name":null,"kind":"road","highway":"residential","surface":null,"lanes":null},"geometry":{"type":"LineString","coordinates":[[71.4322557,51.1359301],[71.4309045,51.1357654]]}},{"type":"Feature","id":"way/1184466434/road","properties":{"osm_id":"1184466434","name":null,"kind":"road","highway":"footway","surface":null,"lanes":null},"geometry":{"type":"LineString","coordinates":[[71.4376218,51.1374281],[71.4373743,51.1373909],[71.4372861,51.1373993],[71.4372399,51.1374462],[71.4369874,51.1378334],[71.4369897,51.1379036],[71.4370788,51.1379833],[71.4370731,51.1380592],[71.4370202,51.1381426],[71.4368414,51.1382269],[71.4367527,51.1382793],[71.4367166,51.1383397],[71.4366793,51.1384348]]}},{"type":"Feature","id":"way/1184466435/road","properties":{"osm_id":"1184466435","name":null,"kind":"road","highway":"footway","surface":null,"lanes":null},"geometry":{"type":"LineString","coordinates":[[71.4366968,51.1384474],[71.4367065,51.138463],[71.436707,51.1384797],[71.4366985,51.1384955],[71.4366819,51.1385086],[71.4366591,51.1385173],[71.436633,51.1385206],[71.4366067,51.1385182],[71.4365852,51.1385112],[71.4365683,51.1385004],[71.4365576,51.1384868],[71.4365541,51.1384718],[71.4365581,51.1384569],[71.4365694,51.1384435],[71.4365867,51.1384329],[71.4366083,51.1384262],[71.4366322,51.1384241],[71.436656,51.1384267],[71.4366793,51.1384348],[71.4366968,51.1384474]]}},{"type":"Feature","id":"way/1184466436/road","properties":{"osm_id":"1184466436","name":null,"kind":"road","highway":"footway","surface":null,"lanes":null},"geometry":{"type":"LineString","coordinates":[[71.4370202,51.1381426],[71.4370529,51.1382314],[71.4369373,51.1384449],[71.4367966,51.1386952],[71.436545,51.1386579],[71.4366067,51.1385182]]}},{"type":"Feature","id":"way/1184466437/road","properties":{"osm_id":"1184466437","name":null,"kind":"road","highway":"footway","surface":null,"lanes":null},"geometry":{"type":"LineString","coordinates":[[71.4369373,51.1384449],[71.4367065,51.138463]]}},{"type":"Feature","id":"way/1184466438/road","properties":{"osm_id":"1184466438","name":null,"kind":"road","highway":"footway","surface":null,"lanes":null},"geometry":{"type":"LineString","coordinates":[[71.4369373,51.1384449],[71.4371028,51.1384397]]}},{"type":"Feature","id":"way/1184466439/road","properties":{"osm_id":"1184466439","name":null,"kind":"road","highway":"footway","surface":null,"lanes":null},"geometry":{"type":"LineString","coordinates":[[71.4354229,51.1383898],[71.4362549,51.1383763],[71.4362595,51.1385016],[71.4362934,51.1385892],[71.4363486,51.138628],[71.436545,51.1386579]]}},{"type":"Feature","id":"way/1184466440/road","properties":{"osm_id":"1184466440","name":null,"kind":"road","highway":"footway","surface":null,"lanes":null},"geometry":{"type":"LineString","coordinates":[[71.4345526,51.1384285],[71.4352468,51.1385216],[71.4354303,51.1385542],[71.4354229,51.1383898]]}},{"type":"Feature","id":"way/1184466441/road","properties":{"osm_id":"1184466441","name":null,"kind":"road","highway":"footway","surface":null,"lanes":null},"geometry":{"type":"LineString","coordinates":[[71.4354303,51.1385542],[71.4369362,51.1387646]]}},{"type":"Feature","id":"way/1184466442/road","properties":{"osm_id":"1184466442","name":null,"kind":"road","highway":"footway","surface":null,"lanes":null},"geometry":{"type":"LineString","coordinates":[[71.434791,51.1376382],[71.434903,51.137664],[71.4350445,51.1376967]]}},{"type":"Feature","id":"way/1184466443/road","properties":{"osm_id":"1184466443","name":null,"kind":"road","highway":"footway","surface":null,"lanes":null},"geometry":{"type":"LineString","coordinates":[[71.4350445,51.1376967],[71.4350013,51.137775],[71.4349404,51.1378855],[71.4349191,51.1380669],[71.434789,51.1382443],[71.4345526,51.1384285]]}},{"type":"Feature","id":"way/1184466444/road","properties":{"osm_id":"1184466444","name":null,"kind":"road","highway":"footway","surface":null,"lanes":null},"geometry":{"type":"LineString","coordinates":[[71.4350445,51.1376967],[71.4354772,51.1367885],[71.4356025,51.136495],[71.4356251,51.1363368],[71.4356595,51.1361552],[71.4356593,51.1360261]]}},{"type":"Feature","id":"way/1184466446/road","properties":{"osm_id":"1184466446","name":null,"kind":"road","highway":"footway","surface":null,"lanes":null},"geometry":{"type":"LineString","coordinates":[[71.4356593,51.1360261],[71.4356539,51.1359322],[71.4357241,51.1357762],[71.4356623,51.1355267],[71.4354987,51.1353299],[71.4353421,51.1349321],[71.4348344,51.1337385],[71.4348599,51.1336063],[71.4349263,51.1335269]]}},{"type":"Feature","id":"way/1184466447/road","properties":{"osm_id":"1184466447","name":null,"kind":"road","highway":"footway","surface":null,"lanes":null},"geometry":{"type":"LineString","coordinates":[[71.4349263,51.1335269],[71.4348564,51.1334973],[71.4347905,51.1334655]]}},{"type":"Feature","id":"way/1184466450/road","properties":{"osm_id":"1184466450","name":null,"kind":"road","highway":"footway","surface":null,"lanes":null},"geometry":{"type":"LineString","coordinates":[[71.434238,51.1335261],[71.4342243,51.1335454],[71.4341805,51.1336028]]}},{"type":"Feature","id":"way/1184466452/road","properties":{"osm_id":"1184466452","name":null,"kind":"road","highway":"footway","surface":null,"lanes":null},"geometry":{"type":"LineString","coordinates":[[71.4337223,51.1393551],[71.4344182,51.138579],[71.43446,51.1385501],[71.4344921,51.1385544],[71.4348462,51.1386023],[71.4350326,51.1386309],[71.4350916,51.1386982],[71.4354739,51.1387538],[71.4355677,51.1387176],[71.4367546,51.1388775],[71.4379951,51.1390533],[71.4391243,51.1392267],[71.4398646,51.1393394]]}},{"type":"Feature","id":"way/1184466453/road","properties":{"osm_id":"1184466453","name":null,"kind":"road","highway":"footway","surface":null,"lanes":null},"geometry":{"type":"LineString","coordinates":[[71.4369362,51.1387646],[71.4383184,51.1389651],[71.4391304,51.1390901],[71.4398512,51.1392098],[71.4400792,51.1392048],[71.4405727,51.1392687],[71.4407747,51.139307]]}},{"type":"Feature","id":"way/1184466454/road","properties":{"osm_id":"1184466454","name":null,"kind":"road","highway":"footway","surface":null,"lanes":null},"geometry":{"type":"LineString","coordinates":[[71.4374922,51.1376808],[71.4379404,51.1378173],[71.4381067,51.137868],[71.4382686,51.1378635],[71.4384176,51.1378197]]}},{"type":"Feature","id":"way/1184776301/road","properties":{"osm_id":"1184776301","name":null,"kind":"road","highway":"cycleway","surface":null,"lanes":null},"geometry":{"type":"LineString","coordinates":[[71.4258953,51.1207935],[71.4257432,51.1204013],[71.425624,51.1200937],[71.4254748,51.1197157],[71.4254083,51.1195473],[71.4252192,51.1190526],[71.4250059,51.1185048],[71.4248143,51.1180128],[71.4246001,51.117463],[71.4243433,51.1168036]]}},{"type":"Feature","id":"way/1184776302/road","properties":{"osm_id":"1184776302","name":null,"kind":"road","highway":"footway","surface":"paving_stones","lanes":null},"geometry":{"type":"LineString","coordinates":[[71.4287452,51.1203511],[71.4277127,51.1205113],[71.4274127,51.1205579],[71.427154,51.1205981],[71.4266933,51.1206696],[71.4260711,51.1207662],[71.4258953,51.1207935]]}},{"type":"Feature","id":"way/1184776303/road","properties":{"osm_id":"1184776303","name":null,"kind":"road","highway":"footway","surface":null,"lanes":null},"geometry":{"type":"LineString","coordinates":[[71.4258953,51.1207935],[71.42585,51.1208006],[71.4257034,51.1204071],[71.4257003,51.1203989],[71.4255899,51.1201138],[71.4254264,51.1197237],[71.4254218,51.1197128],[71.4253566,51.1195618],[71.4251494,51.1190594],[71.4249523,51.1185122],[71.4247702,51.1180154],[71.4245562,51.1174687],[71.4242975,51.116808]]}},{"type":"Feature","id":"way/1184776308/road","properties":{"osm_id":"1184776308","name":null,"kind":"road","highway":"footway","surface":null,"lanes":null},"geometry":{"type":"LineString","coordinates":[[71.4260711,51.1207662],[71.4263084,51.1205065],[71.4266436,51.1201398],[71.426704,51.1200824],[71.4267299,51.1200578],[71.4267004,51.1200174],[71.4267164,51.1199787],[71.4267647,51.119945],[71.4268237,51.1199501],[71.4268551,51.1199236]]}},{"type":"Feature","id":"way/1184776309/road","properties":{"osm_id":"1184776309","name":null,"kind":"road","highway":"footway","surface":null,"lanes":null},"geometry":{"type":"LineString","coordinates":[[71.4273229,51.1203772],[71.4274127,51.1205579]]}},{"type":"Feature","id":"way/1184776310/road","properties":{"osm_id":"1184776310","name":null,"kind":"road","highway":"footway","surface":null,"lanes":null},"geometry":{"type":"LineString","coordinates":[[71.4277726,51.1190487],[71.4281131,51.1190632],[71.4284694,51.1190784],[71.428511,51.1190788],[71.4285561,51.1191928],[71.4287565,51.1196994],[71.4287699,51.1197333],[71.4287834,51.1197665],[71.4288632,51.1199629],[71.429026,51.1203637]]}},{"type":"Feature","id":"way/1184776319/road","properties":{"osm_id":"1184776319","name":null,"kind":"road","highway":"footway","surface":null,"lanes":null},"geometry":{"type":"LineString","coordinates":[[71.4262555,51.1197166],[71.425624,51.1200937],[71.4255899,51.1201138]]}},{"type":"Feature","id":"way/1184776320/road","properties":{"osm_id":"1184776320","name":null,"kind":"road","highway":"footway","surface":null,"lanes":null},"geometry":{"type":"LineString","coordinates":[[71.4301862,51.1231012],[71.430106,51.1229037],[71.4300931,51.1228692]]}},{"type":"Feature","id":"way/1184776321/road","properties":{"osm_id":"1184776321","name":null,"kind":"road","highway":"footway","surface":null,"lanes":null},"geometry":{"type":"LineString","coordinates":[[71.4311145,51.1258082],[71.4310979,51.1257682],[71.4310685,51.1256949],[71.4310544,51.1256628]]}},{"type":"Feature","id":"way/1186144179/road","properties":{"osm_id":"1186144179","name":null,"kind":"road","highway":"footway","surface":null,"lanes":null},"geometry":{"type":"LineString","coordinates":[[71.4380676,51.1214322],[71.4380559,51.1214756],[71.4380535,51.1215086]]}},{"type":"Feature","id":"way/1186144180/road","properties":{"osm_id":"1186144180","name":null,"kind":"road","highway":"footway","surface":null,"lanes":null},"geometry":{"type":"LineString","coordinates":[[71.4382085,51.1215941],[71.4382349,51.1216597],[71.4382774,51.1217502]]}},{"type":"Feature","id":"way/1186144181/road","properties":{"osm_id":"1186144181","name":null,"kind":"road","highway":"footway","surface":null,"lanes":null},"geometry":{"type":"LineString","coordinates":[[71.4384115,51.1218866],[71.4383905,51.121834],[71.4383498,51.121742]]}},{"type":"Feature","id":"way/1186144182/road","properties":{"osm_id":"1186144182","name":null,"kind":"road","highway":"footway","surface":null,"lanes":null},"geometry":{"type":"LineString","coordinates":[[71.4384473,51.1219463],[71.4384835,51.1219776],[71.4385248,51.1220142]]}},{"type":"Feature","id":"way/1186144183/road","properties":{"osm_id":"1186144183","name":null,"kind":"road","highway":"footway","surface":null,"lanes":null},"geometry":{"type":"LineString","coordinates":[[71.4384115,51.1218866],[71.4384473,51.1219463]]}},{"type":"Feature","id":"way/1186144184/road","properties":{"osm_id":"1186144184","name":null,"kind":"road","highway":"footway","surface":null,"lanes":null},"geometry":{"type":"LineString","coordinates":[[71.4382774,51.1217502],[71.4383498,51.121742]]}},{"type":"Feature","id":"way/1186144185/road","properties":{"osm_id":"1186144185","name":null,"kind":"road","highway":"footway","surface":null,"lanes":null},"geometry":{"type":"LineString","coordinates":[[71.4380535,51.1215086],[71.4381968,51.1215521],[71.4382085,51.1215941]]}},{"type":"Feature","id":"way/1186144199/road","properties":{"osm_id":"1186144199","name":null,"kind":"road","highway":"footway","surface":null,"lanes":null},"geometry":{"type":"LineString","coordinates":[[71.4385248,51.1220142],[71.4382991,51.1222432],[71.4383672,51.1223139]]}},{"type":"Feature","id":"way/1186144200/road","properties":{"osm_id":"1186144200","name":null,"kind":"road","highway":"footway","surface":null,"lanes":null},"geometry":{"type":"LineString","coordinates":[[71.4373999,51.1232045],[71.4382991,51.1222432]]}},{"type":"Feature","id":"way/1186144201/road","properties":{"osm_id":"1186144201","name":null,"kind":"road","highway":"footway","surface":null,"lanes":null},"geometry":{"type":"LineString","coordinates":[[71.4376912,51.1245116],[71.4378016,51.1245708]]}},{"type":"Feature","id":"way/1186144202/road","properties":{"osm_id":"1186144202","name":null,"kind":"road","highway":"footway","surface":null,"lanes":null},"geometry":{"type":"LineString","coordinates":[[71.4370824,51.1247044],[71.4370446,51.124612]]}},{"type":"Feature","id":"way/1186144203/road","properties":{"osm_id":"1186144203","name":null,"kind":"road","highway":"footway","surface":null,"lanes":null},"geometry":{"type":"LineString","coordinates":[[71.4377995,51.1248879],[71.4377871,51.124849],[71.4378137,51.1247947],[71.4378679,51.1247748]]}},{"type":"Feature","id":"way/1186144204/road","properties":{"osm_id":"1186144204","name":null,"kind":"road","highway":"footway","surface":null,"lanes":null},"geometry":{"type":"LineString","coordinates":[[71.4393515,51.1243718],[71.4393609,51.1243971],[71.4393868,51.1244667],[71.4394141,51.12454]]}},{"type":"Feature","id":"way/1186144205/road","properties":{"osm_id":"1186144205","name":null,"kind":"road","highway":"footway","surface":null,"lanes":null},"geometry":{"type":"LineString","coordinates":[[71.4382935,51.1214001],[71.438176,51.1212926],[71.4381632,51.1212481],[71.4381714,51.1210871],[71.4381494,51.1210538],[71.4380728,51.1209997],[71.4380612,51.1209574],[71.4380811,51.1207423],[71.4379409,51.1206573],[71.4379151,51.1205928],[71.4379167,51.1205455],[71.4379754,51.1203255]]}},{"type":"Feature","id":"way/1186144307/road","properties":{"osm_id":"1186144307","name":null,"kind":"road","highway":"secondary_link","surface":null,"lanes":null},"geometry":{"type":"LineString","coordinates":[[71.4372071,51.121822],[71.4374531,51.1218407],[71.4379341,51.1217661],[71.4380296,51.1217772],[71.4380635,51.1218092],[71.4380607,51.1218497],[71.4380151,51.1218942]]}},{"type":"Feature","id":"way/1186144308/road","properties":{"osm_id":"1186144308","name":"Сығанақ көшесі","kind":"road","highway":"secondary","surface":"asphalt","lanes":4.0},"geometry":{"type":"LineString","coordinates":[[71.4360029,51.1222124],[71.4344268,51.1224485],[71.433562,51.122578],[71.4335212,51.1225841],[71.4331391,51.1226413],[71.4329129,51.1226752],[71.4323531,51.122759],[71.4320452,51.1228051]]}},{"type":"Feature","id":"way/1186145644/road","properties":{"osm_id":"1186145644","name":null,"kind":"road","highway":"footway","surface":null,"lanes":null},"geometry":{"type":"LineString","coordinates":[[71.4381738,51.1328868],[71.4381663,51.1327986],[71.4381609,51.1327674]]}},{"type":"Feature","id":"way/1186145645/road","properties":{"osm_id":"1186145645","name":null,"kind":"road","highway":"footway","surface":null,"lanes":null},"geometry":{"type":"LineString","coordinates":[[71.4381738,51.1328868],[71.4382129,51.133062],[71.4383608,51.1332111]]}},{"type":"Feature","id":"way/1186145646/road","properties":{"osm_id":"1186145646","name":null,"kind":"road","highway":"footway","surface":null,"lanes":null},"geometry":{"type":"LineString","coordinates":[[71.4374315,51.1329828],[71.4378422,51.1329192],[71.4381738,51.1328868],[71.4385147,51.132884],[71.4389584,51.1329454],[71.4391792,51.1330019],[71.4399473,51.1332919],[71.440441,51.1334982],[71.4406591,51.1336529],[71.4408421,51.1338508],[71.4409658,51.1340888],[71.4411657,51.1346042],[71.4410507,51.1349303],[71.4410707,51.1351424],[71.4411167,51.1354601],[71.4411286,51.1356619],[71.4412201,51.1359118],[71.4412601,51.1360208],[71.4413653,51.1362154],[71.4416952,51.136695],[71.4417477,51.1367507],[71.4420774,51.1370734],[71.4421012,51.1371727]]}},{"type":"Feature","id":"way/1186145648/road","properties":{"osm_id":"1186145648","name":null,"kind":"road","highway":"footway","surface":null,"lanes":null},"geometry":{"type":"LineString","coordinates":[[71.4403384,51.1351116],[71.4401642,51.1347736],[71.4401846,51.1346706],[71.4402518,51.1345974],[71.4403799,51.1345348],[71.4405364,51.1345116],[71.440679,51.1344469],[71.4406914,51.1344215],[71.4407485,51.1343044],[71.4406813,51.1341758],[71.4406784,51.1340763],[71.4406053,51.1339037],[71.4404189,51.1337014],[71.4403641,51.1336557],[71.4402083,51.1336015],[71.4401401,51.1335502],[71.4399564,51.133412],[71.4396996,51.1333395]]}},{"type":"Feature","id":"way/1186145649/road","properties":{"osm_id":"1186145649","name":null,"kind":"road","highway":"path","surface":null,"lanes":null},"geometry":{"type":"LineString","coordinates":[[71.4396996,51.1333395],[71.4394632,51.1333299],[71.4392401,51.13323],[71.439116,51.1331477],[71.4389014,51.1330945],[71.4387939,51.133088]]}},{"type":"Feature","id":"way/1186145650/road","properties":{"osm_id":"1186145650","name":null,"kind":"road","highway":"cycleway","surface":null,"lanes":null},"geometry":{"type":"LineString","coordinates":[[71.4398331,51.1340416],[71.4402245,51.1338596],[71.440262,51.1337882],[71.4402358,51.13373],[71.4401469,51.1336203],[71.4400893,51.1335741],[71.4399911,51.1334955],[71.4398629,51.1334131],[71.4396657,51.1333761],[71.4394565,51.1333646],[71.4391913,51.1332894],[71.4390598,51.1332962],[71.4389243,51.133368],[71.4387289,51.1334482],[71.4384703,51.1334702],[71.4383029,51.1335231],[71.4382442,51.1335907],[71.4382434,51.1336595],[71.4382745,51.1337265],[71.438371,51.1337882],[71.4384757,51.1339122]]}},{"type":"Feature","id":"way/1186145651/road","properties":{"osm_id":"1186145651","name":null,"kind":"road","highway":"footway","surface":null,"lanes":null},"geometry":{"type":"LineString","coordinates":[[71.4380924,51.1335849],[71.4379926,51.1336282],[71.4378674,51.1336611],[71.4377572,51.1336787]]}},{"type":"Feature","id":"way/1186145653/road","properties":{"osm_id":"1186145653","name":null,"kind":"road","highway":"footway","surface":null,"lanes":null},"geometry":{"type":"LineString","coordinates":[[71.4372,51.1340833],[71.4372102,51.134115],[71.4372339,51.1341885],[71.4373012,51.1342835],[71.4372624,51.1344192],[71.4373646,51.1345661],[71.437376,51.1345825]]}},{"type":"Feature","id":"way/1186145654/road","properties":{"osm_id":"1186145654","name":null,"kind":"road","highway":"footway","surface":null,"lanes":null},"geometry":{"type":"LineString","coordinates":[[71.4374289,51.1346808],[71.4376893,51.1345808],[71.4379213,51.1343818]]}},{"type":"Feature","id":"way/1186145655/road","properties":{"osm_id":"1186145655","name":null,"kind":"road","highway":"cycleway","surface":null,"lanes":null},"geometry":{"type":"LineString","coordinates":[[71.4358806,51.1342268],[71.4360223,51.1342573],[71.4360727,51.1342513],[71.4362021,51.1341876],[71.4362962,51.1341548],[71.436456,51.1341316],[71.4367542,51.1341327],[71.4369261,51.1341172],[71.437113,51.1341145],[71.4372102,51.134115],[71.437341,51.1341142],[71.4374034,51.1340999],[71.4374449,51.1340904],[71.4377738,51.1340241],[71.4378271,51.1340133],[71.4379604,51.1339806],[71.4379846,51.1339769],[71.4384057,51.1339128],[71.4384757,51.1339122],[71.4384963,51.1339216],[71.4385392,51.1339534],[71.4386635,51.1341391]]}},{"type":"Feature","id":"way/1186145657/road","properties":{"osm_id":"1186145657","name":null,"kind":"road","highway":"cycleway","surface":null,"lanes":null},"geometry":{"type":"LineString","coordinates":[[71.4387302,51.1342103],[71.4389267,51.1342426],[71.4392374,51.1342011],[71.4394642,51.1341815],[71.4395625,51.1341426],[71.4397158,51.1340505],[71.4397823,51.1340367],[71.4398331,51.1340416]]}},{"type":"Feature","id":"way/1186145658/road","properties":{"osm_id":"1186145658","name":null,"kind":"road","highway":"cycleway","surface":null,"lanes":null},"geometry":{"type":"LineString","coordinates":[[71.4398331,51.1340416],[71.440444,51.1341475],[71.4405068,51.1341751],[71.4405789,51.134227],[71.44064,51.1342924],[71.4406914,51.1344215],[71.4407478,51.1345471],[71.4409135,51.1347409],[71.4409221,51.1348322],[71.4408875,51.1350503],[71.4408368,51.1352119],[71.4407773,51.1353111],[71.4406941,51.1354809]]}},{"type":"Feature","id":"way/1186145659/road","properties":{"osm_id":"1186145659","name":null,"kind":"road","highway":"cycleway","surface":null,"lanes":null},"geometry":{"type":"LineString","coordinates":[[71.4374034,51.1340999],[71.4373765,51.1341933],[71.4374245,51.1342838],[71.4374577,51.1343901],[71.4374645,51.1344597],[71.4374448,51.1345162],[71.4374085,51.1345451],[71.4373646,51.1345661]]}},{"type":"Feature","id":"way/1186145660/road","properties":{"osm_id":"1186145660","name":null,"kind":"road","highway":"cycleway","surface":null,"lanes":null},"geometry":{"type":"LineString","coordinates":[[71.4373646,51.1345661],[71.4365288,51.1347879],[71.4363856,51.134849],[71.4363142,51.1349076],[71.4363037,51.1349519]]}},{"type":"Feature","id":"way/1186145661/road","properties":{"osm_id":"1186145661","name":null,"kind":"road","highway":"cycleway","surface":null,"lanes":null},"geometry":{"type":"LineString","coordinates":[[71.4363037,51.1349519],[71.4363635,51.1353175]]}},{"type":"Feature","id":"way/1186145662/road","properties":{"osm_id":"1186145662","name":null,"kind":"road","highway":"footway","surface":null,"lanes":null},"geometry":{"type":"LineString","coordinates":[[71.4393069,51.1368193],[71.4392825,51.1367881],[71.4392759,51.1367796],[71.4392649,51.1367642]]}},{"type":"Feature","id":"way/1186145663/road","properties":{"osm_id":"1186145663","name":null,"kind":"road","highway":"footway","surface":null,"lanes":null},"geometry":{"type":"LineString","coordinates":[[71.4392649,51.1367642],[71.4393802,51.1367278]]}},{"type":"Feature","id":"way/1186145664/road","properties":{"osm_id":"1186145664","name":null,"kind":"road","highway":"footway","surface":null,"lanes":null},"geometry":{"type":"LineString","coordinates":[[71.4391801,51.1363428],[71.4394033,51.1366585],[71.4393802,51.1367278]]}},{"type":"Feature","id":"way/1186145665/road","properties":{"osm_id":"1186145665","name":null,"kind":"road","highway":"footway","surface":null,"lanes":null},"geometry":{"type":"LineString","coordinates":[[71.4394599,51.1367451],[71.4395409,51.1368008]]}},{"type":"Feature","id":"way/1186145666/road","properties":{"osm_id":"1186145666","name":null,"kind":"road","highway":"cycleway","surface":null,"lanes":null},"geometry":{"type":"LineString","coordinates":[[71.4406941,51.1354809],[71.4405294,51.1358011],[71.4404432,51.1359645],[71.4403786,51.1362019],[71.440321,51.1363437],[71.4402826,51.1364007],[71.4402072,51.1364745],[71.4401364,51.136531],[71.440025,51.1365804],[71.4398765,51.1366263],[71.4396059,51.1366823],[71.4392825,51.1367881],[71.4391804,51.1368287],[71.4390754,51.1368785],[71.4389349,51.1369045],[71.4387248,51.1369081],[71.4384406,51.1369085],[71.4381492,51.1369057],[71.4378958,51.1368954],[71.4377504,51.136883],[71.4376185,51.1368516],[71.4375241,51.136823],[71.4373324,51.1367042],[71.4372543,51.1366646],[71.4371359,51.1366507],[71.436998,51.1366496],[71.4368704,51.1366479],[71.4368049,51.13663],[71.4367449,51.1366087],[71.4367003,51.1365688],[71.4366525,51.1364924],[71.4365089,51.1362009],[71.4364077,51.1361064],[71.4363155,51.1360451],[71.4362532,51.135981],[71.4362214,51.135929],[71.4362206,51.1358608],[71.4362299,51.1356482],[71.4363082,51.1354912],[71.4363588,51.1353864],[71.4363635,51.1353175]]}},{"type":"Feature","id":"way/1186145667/road","properties":{"osm_id":"1186145667","name":null,"kind":"road","highway":"footway","surface":null,"lanes":null},"geometry":{"type":"LineString","coordinates":[[71.4361021,51.1356618],[71.4362299,51.1356482],[71.4362644,51.135652],[71.4364575,51.1356566]]}},{"type":"Feature","id":"way/1186145668/road","properties":{"osm_id":"1186145668","name":null,"kind":"road","highway":"path","surface":null,"lanes":null},"geometry":{"type":"LineString","coordinates":[[71.4404887,51.136762],[71.4401748,51.1367817],[71.4395409,51.1368008]]}},{"type":"Feature","id":"way/1186145847/road","properties":{"osm_id":"1186145847","name":"Сарайшық көшесі","kind":"road","highway":"secondary","surface":"asphalt","lanes":4.0},"geometry":{"type":"LineString","coordinates":[[71.4384904,51.1326199],[71.4367746,51.1329328]]}},{"type":"Feature","id":"way/1186145848/road","properties":{"osm_id":"1186145848","name":"Сарайшық көшесі","kind":"road","highway":"secondary","surface":"asphalt","lanes":null},"geometry":{"type":"LineString","coordinates":[[71.4367316,51.1328087],[71.4384472,51.1324947]]}},{"type":"Feature","id":"way/1186145849/road","properties":{"osm_id":"1186145849","name":null,"kind":"road","highway":"footway","surface":null,"lanes":null},"geometry":{"type":"LineString","coordinates":[[71.4381609,51.1327674],[71.4380598,51.1325266]]}},{"type":"Feature","id":"way/1186145850/road","properties":{"osm_id":"1186145850","name":null,"kind":"road","highway":"footway","surface":null,"lanes":null},"geometry":{"type":"LineString","coordinates":[[71.4380598,51.1325266],[71.4380369,51.1324722],[71.4380196,51.1324329]]}},{"type":"Feature","id":"way/1186556029/road","properties":{"osm_id":"1186556029","name":null,"kind":"road","highway":"footway","surface":"paving_stones","lanes":null},"geometry":{"type":"LineString","coordinates":[[71.4381612,51.1273378],[71.4380936,51.1271733],[71.4380369,51.1270369]]}},{"type":"Feature","id":"way/1186556030/road","properties":{"osm_id":"1186556030","name":null,"kind":"road","highway":"footway","surface":null,"lanes":null},"geometry":{"type":"LineString","coordinates":[[71.4382392,51.1277681],[71.4382181,51.1277116],[71.4382061,51.1276783]]}},{"type":"Feature","id":"way/1186556031/road","properties":{"osm_id":"1186556031","name":null,"kind":"road","highway":"footway","surface":null,"lanes":null},"geometry":{"type":"LineString","coordinates":[[71.4377812,51.1265554],[71.4377663,51.1265159],[71.4377501,51.1264711]]}},{"type":"Feature","id":"way/1186556032/road","properties":{"osm_id":"1186556032","name":null,"kind":"road","highway":"footway","surface":null,"lanes":null},"geometry":{"type":"LineString","coordinates":[[71.4388961,51.1292517],[71.438929,51.1292692],[71.4389426,51.1292752],[71.4389724,51.1292884]]}},{"type":"Feature","id":"way/1186556033/road","properties":{"osm_id":"1186556033","name":null,"kind":"road","highway":"footway","surface":null,"lanes":null},"geometry":{"type":"LineString","coordinates":[[71.4389724,51.1292884],[71.4390353,51.1293243]]}},{"type":"Feature","id":"way/1186556034/road","properties":{"osm_id":"1186556034","name":null,"kind":"road","highway":"footway","surface":null,"lanes":null},"geometry":{"type":"LineString","coordinates":[[71.4390928,51.1292275],[71.4392126,51.1292052],[71.4394016,51.12917],[71.4394599,51.1291592]]}},{"type":"Feature","id":"way/1186556035/road","properties":{"osm_id":"1186556035","name":null,"kind":"road","highway":"footway","surface":null,"lanes":null},"geometry":{"type":"LineString","coordinates":[[71.4389724,51.1292884],[71.4390928,51.1292275]]}},{"type":"Feature","id":"way/1186556037/road","properties":{"osm_id":"1186556037","name":null,"kind":"road","highway":"footway","surface":null,"lanes":null},"geometry":{"type":"LineString","coordinates":[[71.4394599,51.1291592],[71.4394852,51.1291538]]}},{"type":"Feature","id":"way/1189550012/road","properties":{"osm_id":"1189550012","name":null,"kind":"road","highway":"service","surface":null,"lanes":null},"geometry":{"type":"LineString","coordinates":[[71.4306856,51.1204468],[71.4321652,51.1202254]]}},{"type":"Feature","id":"way/1189550013/road","properties":{"osm_id":"1189550013","name":null,"kind":"road","highway":"cycleway","surface":null,"lanes":null},"geometry":{"type":"LineString","coordinates":[[71.4332202,51.1200199],[71.4332399,51.1199859]]}},{"type":"Feature","id":"way/1189550014/road","properties":{"osm_id":"1189550014","name":null,"kind":"road","highway":"service","surface":null,"lanes":null},"geometry":{"type":"LineString","coordinates":[[71.4316523,51.1223549],[71.4328655,51.1221637]]}},{"type":"Feature","id":"way/1189550015/road","properties":{"osm_id":"1189550015","name":null,"kind":"road","highway":"service","surface":null,"lanes":null},"geometry":{"type":"LineString","coordinates":[[71.4317742,51.122649],[71.4316523,51.1223549]]}},{"type":"Feature","id":"way/1189550016/road","properties":{"osm_id":"1189550016","name":null,"kind":"road","highway":"service","surface":null,"lanes":null},"geometry":{"type":"LineString","coordinates":[[71.4325774,51.1212219],[71.4312767,51.1214516]]}},{"type":"Feature","id":"way/1190786642/road","properties":{"osm_id":"1190786642","name":null,"kind":"road","highway":"service","surface":null,"lanes":null},"geometry":{"type":"LineString","coordinates":[[71.4346236,51.1212835],[71.4348905,51.1212422],[71.4345213,51.1203472]]}},{"type":"Feature","id":"way/1190786643/road","properties":{"osm_id":"1190786643","name":null,"kind":"road","highway":"service","surface":null,"lanes":null},"geometry":{"type":"LineString","coordinates":[[71.4335293,51.121637],[71.433486,51.1216426],[71.4330491,51.1216985],[71.4326602,51.1205174],[71.4330596,51.1204809],[71.4330892,51.1204782],[71.4345213,51.1203472]]}},{"type":"Feature","id":"way/1190786644/road","properties":{"osm_id":"1190786644","name":null,"kind":"road","highway":"service","surface":null,"lanes":null},"geometry":{"type":"LineString","coordinates":[[71.4334466,51.1202245],[71.4333838,51.1200933],[71.4333093,51.1199447]]}},{"type":"Feature","id":"way/1190786645/road","properties":{"osm_id":"1190786645","name":null,"kind":"road","highway":"service","surface":null,"lanes":null},"geometry":{"type":"LineString","coordinates":[[71.4350601,51.1198391],[71.4333838,51.1200933],[71.4323518,51.1202498]]}},{"type":"Feature","id":"way/1190786646/road","properties":{"osm_id":"1190786646","name":null,"kind":"road","highway":"service","surface":null,"lanes":null},"geometry":{"type":"LineString","coordinates":[[71.4323893,51.1203752],[71.4334466,51.1202245],[71.4351118,51.1199871],[71.4350601,51.1198391],[71.4350072,51.1196874]]}},{"type":"Feature","id":"way/1190786647/road","properties":{"osm_id":"1190786647","name":null,"kind":"road","highway":"service","surface":null,"lanes":null},"geometry":{"type":"LineString","coordinates":[[71.4376912,51.120694],[71.4367841,51.1208356]]}},{"type":"Feature","id":"way/1190786648/road","properties":{"osm_id":"1190786648","name":null,"kind":"road","highway":"service","surface":null,"lanes":null},"geometry":{"type":"LineString","coordinates":[[71.4377374,51.1208231],[71.4370867,51.1209558]]}},{"type":"Feature","id":"way/1190786649/road","properties":{"osm_id":"1190786649","name":null,"kind":"road","highway":"service","surface":null,"lanes":null},"geometry":{"type":"LineString","coordinates":[[71.4377811,51.1209452],[71.4373181,51.1210476]]}},{"type":"Feature","id":"way/1190786650/road","properties":{"osm_id":"1190786650","name":null,"kind":"road","highway":"service","surface":null,"lanes":null},"geometry":{"type":"LineString","coordinates":[[71.4378282,51.1210765],[71.4375375,51.1211347]]}},{"type":"Feature","id":"way/1190786651/road","properties":{"osm_id":"1190786651","name":null,"kind":"road","highway":"service","surface":null,"lanes":null},"geometry":{"type":"LineString","coordinates":[[71.4376439,51.1205619],[71.4367291,51.120701],[71.4367841,51.1208356],[71.4370867,51.1209558],[71.4373181,51.1210476],[71.4375375,51.1211347],[71.4375961,51.121158],[71.4377993,51.1212387]]}},{"type":"Feature","id":"way/1190786652/road","properties":{"osm_id":"1190786652","name":null,"kind":"road","highway":"service","surface":null,"lanes":null},"geometry":{"type":"LineString","coordinates":[[71.4376652,51.1201875],[71.4373863,51.1202363]]}},{"type":"Feature","id":"way/1190786655/road","properties":{"osm_id":"1190786655","name":null,"kind":"road","highway":"service","surface":null,"lanes":null},"geometry":{"type":"LineString","coordinates":[[71.4377027,51.120369],[71.4376652,51.1201875],[71.4379764,51.1201437],[71.4378185,51.1197596],[71.4377591,51.119615],[71.4381346,51.1195561],[71.4379925,51.119147],[71.437794,51.1191588],[71.4377276,51.1190422],[71.4375311,51.1186975],[71.4361793,51.1188742]]}},{"type":"Feature","id":"way/1191771142/road","properties":{"osm_id":"1191771142","name":null,"kind":"road","highway":"footway","surface":null,"lanes":null},"geometry":{"type":"LineString","coordinates":[[71.4288643,51.1229682],[71.4298433,51.1228285],[71.4299162,51.1227965],[71.4299405,51.1227431]]}},{"type":"Feature","id":"way/1191771143/road","properties":{"osm_id":"1191771143","name":null,"kind":"road","highway":"footway","surface":null,"lanes":null},"geometry":{"type":"LineString","coordinates":[[71.4286926,51.1225911],[71.4287208,51.1226478],[71.4288349,51.1229025],[71.4288643,51.1229682]]}},{"type":"Feature","id":"way/1196298762/road","properties":{"osm_id":"1196298762","name":null,"kind":"road","highway":"residential","surface":null,"lanes":null},"geometry":{"type":"LineString","coordinates":[[71.4361792,51.1369833],[71.4362423,51.1369193],[71.4363038,51.1368242]]}},{"type":"Feature","id":"way/1199338604/road","properties":{"osm_id":"1199338604","name":null,"kind":"road","highway":"service","surface":null,"lanes":null},"geometry":{"type":"LineString","coordinates":[[71.4291868,51.1387639],[71.4297969,51.1386553]]}},{"type":"Feature","id":"way/1199338605/road","properties":{"osm_id":"1199338605","name":null,"kind":"road","highway":"service","surface":null,"lanes":null},"geometry":{"type":"LineString","coordinates":[[71.4269552,51.1370456],[71.4275936,51.1369347]]}},{"type":"Feature","id":"way/1206037777/road","properties":{"osm_id":"1206037777","name":null,"kind":"road","highway":"service","surface":null,"lanes":null},"geometry":{"type":"LineString","coordinates":[[71.4324471,51.1263702],[71.4335883,51.1261908],[71.4344573,51.1260376],[71.4350093,51.1259597],[71.4351627,51.126009],[71.4352164,51.1261318],[71.4352405,51.1261643],[71.4352807,51.1261891],[71.4353404,51.1261979],[71.4354819,51.1261722],[71.435608,51.1261386],[71.4357494,51.1260342],[71.4358357,51.1259734],[71.4366442,51.1258487]]}},{"type":"Feature","id":"way/1213473206/road","properties":{"osm_id":"1213473206","name":null,"kind":"road","highway":"residential","surface":null,"lanes":null},"geometry":{"type":"LineString","coordinates":[[71.433488,51.1389086],[71.4323578,51.1387058],[71.4322431,51.1386864]]}},{"type":"Feature","id":"way/1226057445/road","properties":{"osm_id":"1226057445","name":null,"kind":"road","highway":"service","surface":null,"lanes":null},"geometry":{"type":"LineString","coordinates":[[71.4379946,51.1286871],[71.4381305,51.1288881],[71.4382097,51.1290187],[71.4382428,51.1290403],[71.4382926,51.1290507],[71.4384266,51.1290331],[71.4386768,51.1289922],[71.4387496,51.1289714],[71.4387883,51.1289385]]}},{"type":"Feature","id":"way/1259326644","properties":{"osm_id":"1259326644","name":null,"kind":"building","building":"yes","height_m":12.0,"height_source":"visual-fallback:12m","levels":null},"geometry":{"type":"Polygon","coordinates":[[[71.426018,51.1203517],[71.4259759,51.1202458],[71.4260447,51.120235],[71.4260869,51.1203409],[71.426018,51.1203517]]]}},{"type":"Feature","id":"way/1268733738/road","properties":{"osm_id":"1268733738","name":null,"kind":"road","highway":"footway","surface":null,"lanes":null},"geometry":{"type":"LineString","coordinates":[[71.4291811,51.1204007],[71.4290953,51.1205027],[71.4291234,51.1205801],[71.4291951,51.1207776],[71.4290126,51.1208691],[71.4276602,51.1210851],[71.4273517,51.1211365],[71.4271421,51.1211714],[71.4270878,51.121124],[71.4270256,51.1211345],[71.4269209,51.121152],[71.4269036,51.1212043],[71.4263965,51.1212908]]}},{"type":"Feature","id":"way/1268733739/road","properties":{"osm_id":"1268733739","name":null,"kind":"road","highway":"footway","surface":null,"lanes":null},"geometry":{"type":"LineString","coordinates":[[71.4276602,51.1210851],[71.4276978,51.1211878]]}},{"type":"Feature","id":"way/1268733741/road","properties":{"osm_id":"1268733741","name":null,"kind":"road","highway":"footway","surface":null,"lanes":null},"geometry":{"type":"LineString","coordinates":[[71.4263658,51.123348],[71.4263147,51.1233217],[71.4262706,51.1232945]]}},{"type":"Feature","id":"way/1268733742/road","properties":{"osm_id":"1268733742","name":null,"kind":"road","highway":"footway","surface":null,"lanes":null},"geometry":{"type":"LineString","coordinates":[[71.4262121,51.1232584],[71.4262284,51.1232194],[71.425893,51.1223407],[71.4255741,51.1215368],[71.4253567,51.1209722],[71.4252227,51.1206244],[71.4249086,51.1198087],[71.4246458,51.1191386],[71.4245024,51.1187485],[71.4241791,51.1179512],[71.4240617,51.117641]]}},{"type":"Feature","id":"way/1283615828/road","properties":{"osm_id":"1283615828","name":null,"kind":"road","highway":"service","surface":null,"lanes":null},"geometry":{"type":"LineString","coordinates":[[71.4341636,51.1252994],[71.4342088,51.1254214],[71.4342218,51.1254665],[71.4342575,51.1255592]]}},{"type":"Feature","id":"way/1283615829/road","properties":{"osm_id":"1283615829","name":null,"kind":"road","highway":"service","surface":null,"lanes":null},"geometry":{"type":"LineString","coordinates":[[71.432268,51.1260125],[71.4322579,51.1259686],[71.4322579,51.1259366],[71.4322646,51.1259138],[71.4322995,51.1258936],[71.4323585,51.1258734],[71.4328423,51.1257852]]}},{"type":"Feature","id":"way/1283737377/road","properties":{"osm_id":"1283737377","name":null,"kind":"road","highway":"footway","surface":null,"lanes":null},"geometry":{"type":"LineString","coordinates":[[71.440313,51.126757],[71.4400622,51.1267968],[71.4399101,51.1268208]]}},{"type":"Feature","id":"way/1287990495","properties":{"osm_id":"1287990495","name":null,"kind":"building","building":"construction","height_m":12.0,"height_source":"visual-fallback:12m","levels":null},"geometry":{"type":"Polygon","coordinates":[[[71.4210171,51.1262057],[71.4214738,51.126137],[71.4213871,51.1259103],[71.4213024,51.125923],[71.4212386,51.1257557],[71.421464,51.1257218],[71.4213586,51.1254456],[71.421187,51.1254714],[71.4211252,51.1253096],[71.4207581,51.1253648],[71.4208035,51.1254838],[71.4208999,51.1254693],[71.4210869,51.1259588],[71.4209317,51.1259821],[71.4210171,51.1262057]]]}},{"type":"Feature","id":"way/1287990496","properties":{"osm_id":"1287990496","name":null,"kind":"building","building":"construction","height_m":12.0,"height_source":"visual-fallback:12m","levels":null},"geometry":{"type":"Polygon","coordinates":[[[71.4199332,51.1258785],[71.4198512,51.1256642],[71.4201717,51.1256159],[71.4202537,51.1258302],[71.4199332,51.1258785]]]}},{"type":"Feature","id":"way/1287990497","properties":{"osm_id":"1287990497","name":null,"kind":"building","building":"construction","height_m":12.0,"height_source":"visual-fallback:12m","levels":null},"geometry":{"type":"Polygon","coordinates":[[[71.4202361,51.126365],[71.4201541,51.1261507],[71.4204746,51.1261023],[71.4205566,51.1263167],[71.4202361,51.126365]]]}},{"type":"Feature","id":"way/1290275793","properties":{"osm_id":"1290275793","name":null,"kind":"building","building":"apartments","height_m":24.0,"height_source":"osm:building:levels×3m","levels":8.0},"geometry":{"type":"Polygon","coordinates":[[[71.4201862,51.1346934],[71.420422,51.1346568],[71.4202025,51.1341689],[71.4199667,51.134207],[71.4201862,51.1346934]]]}},{"type":"Feature","id":"way/1314858820/road","properties":{"osm_id":"1314858820","name":null,"kind":"road","highway":"service","surface":null,"lanes":null},"geometry":{"type":"LineString","coordinates":[[71.4307265,51.1205422],[71.4318931,51.1203466],[71.4319816,51.1203306],[71.4320701,51.120323],[71.4321117,51.1203398],[71.4321426,51.1203659],[71.4321774,51.1204333],[71.4322096,51.1204989],[71.4324349,51.1211656]]}},{"type":"Feature","id":"way/1322513363/road","properties":{"osm_id":"1322513363","name":null,"kind":"road","highway":"service","surface":null,"lanes":null},"geometry":{"type":"LineString","coordinates":[[71.4276612,51.1359392],[71.4276606,51.1358893],[71.4277679,51.1358439],[71.4282389,51.1357688]]}},{"type":"Feature","id":"way/1357774179/road","properties":{"osm_id":"1357774179","name":null,"kind":"road","highway":"service","surface":null,"lanes":null},"geometry":{"type":"LineString","coordinates":[[71.4330432,51.1298679],[71.4332288,51.1298362],[71.4336741,51.1297728],[71.4337016,51.1297627],[71.4337103,51.1297501],[71.433711,51.1297329],[71.4336386,51.1294619],[71.4336325,51.1294429],[71.4336345,51.1294324],[71.4336446,51.129424],[71.4337282,51.1294122]]}},{"type":"Feature","id":"way/1372381016/road","properties":{"osm_id":"1372381016","name":null,"kind":"road","highway":"service","surface":null,"lanes":null},"geometry":{"type":"LineString","coordinates":[[71.4218869,51.1262071],[71.4213333,51.1262985],[71.4213037,51.1263271],[71.4213064,51.1263793],[71.4214352,51.1266301],[71.4214271,51.1266571],[71.4214057,51.1266789],[71.4208531,51.1267463],[71.4206117,51.1267261],[71.4205581,51.1266806],[71.4205366,51.1266116],[71.4205688,51.1264971]]}},{"type":"Feature","id":"way/1374640344/road","properties":{"osm_id":"1374640344","name":null,"kind":"road","highway":"service","surface":null,"lanes":null},"geometry":{"type":"LineString","coordinates":[[71.4378899,51.1308697],[71.4380233,51.1313744],[71.4380568,51.1314039],[71.4380904,51.1314165],[71.4381835,51.1314306],[71.4382392,51.1313702],[71.4393899,51.1311867]]}},{"type":"Feature","id":"way/1377172927/road","properties":{"osm_id":"1377172927","name":null,"kind":"road","highway":"footway","surface":null,"lanes":null},"geometry":{"type":"LineString","coordinates":[[71.4310885,51.1202812],[71.4310565,51.1202061],[71.4302505,51.1181685]]}},{"type":"Feature","id":"way/1381198543/road","properties":{"osm_id":"1381198543","name":null,"kind":"road","highway":"secondary_link","surface":"asphalt","lanes":1.0},"geometry":{"type":"LineString","coordinates":[[71.4409836,51.1329265],[71.440778,51.1329582],[71.4406597,51.1329659],[71.4405365,51.1329674],[71.4404231,51.1329551],[71.4403418,51.1329334],[71.4402678,51.1329056],[71.4402037,51.1328731],[71.440152,51.1328298],[71.4399252,51.1326241],[71.4398463,51.1325684],[71.4397527,51.1325266],[71.4396615,51.1325065],[71.4395432,51.1324988],[71.4394544,51.1325019],[71.4391528,51.1325197]]}},{"type":"Feature","id":"way/1381198546/road","properties":{"osm_id":"1381198546","name":null,"kind":"road","highway":"secondary_link","surface":"asphalt","lanes":1.0},"geometry":{"type":"LineString","coordinates":[[71.439652,51.13231],[71.4405497,51.1321025],[71.4406459,51.1320723],[71.4407195,51.1320333],[71.4407762,51.1319835],[71.4408045,51.1319302],[71.4408186,51.1318716],[71.4408073,51.1318076],[71.4407875,51.1317579],[71.440745,51.1317063],[71.4406771,51.1316601],[71.4405921,51.1316317],[71.4405044,51.1316122],[71.4404024,51.1316068],[71.4402778,51.1316157],[71.4398837,51.131672]]}},{"type":"Feature","id":"way/1381198592/road","properties":{"osm_id":"1381198592","name":null,"kind":"road","highway":"footway","surface":null,"lanes":null},"geometry":{"type":"LineString","coordinates":[[71.4294525,51.1289756],[71.4292193,51.1290811],[71.4291009,51.1291667]]}},{"type":"Feature","id":"way/1394173232/road","properties":{"osm_id":"1394173232","name":null,"kind":"road","highway":"secondary_link","surface":null,"lanes":null},"geometry":{"type":"LineString","coordinates":[[71.426396,51.1347272],[71.4262135,51.1347238],[71.4259708,51.1347651],[71.425598,51.1348425],[71.4253458,51.134882],[71.4252815,51.1348913],[71.4252453,51.1348879],[71.4252225,51.1348593],[71.4252046,51.1348304]]}},{"type":"Feature","id":"way/1394173233/road","properties":{"osm_id":"1394173233","name":null,"kind":"road","highway":"secondary_link","surface":null,"lanes":null},"geometry":{"type":"LineString","coordinates":[[71.4234625,51.1351243],[71.4235944,51.1351286],[71.423821,51.1350941],[71.4241549,51.1350327],[71.4246552,51.1349511],[71.4248174,51.13493],[71.424851,51.1349401],[71.4248991,51.1349852]]}},{"type":"Feature","id":"way/1412118067/road","properties":{"osm_id":"1412118067","name":null,"kind":"road","highway":"footway","surface":null,"lanes":null},"geometry":{"type":"LineString","coordinates":[[71.4273934,51.133017],[71.4268264,51.1331123],[71.4270061,51.1336273],[71.4271006,51.1338246]]}},{"type":"Feature","id":"way/1412118068/road","properties":{"osm_id":"1412118068","name":null,"kind":"road","highway":"footway","surface":null,"lanes":null},"geometry":{"type":"LineString","coordinates":[[71.4278605,51.1341562],[71.427683,51.1337273],[71.4273934,51.133017],[71.4273864,51.1329996]]}},{"type":"Feature","id":"way/1412118069/road","properties":{"osm_id":"1412118069","name":null,"kind":"road","highway":"footway","surface":null,"lanes":null},"geometry":{"type":"LineString","coordinates":[[71.4227682,51.1349839],[71.4272422,51.1342113],[71.4270983,51.1338619],[71.4271006,51.1338246],[71.427683,51.1337273],[71.4277936,51.1337087]]}},{"type":"Feature","id":"way/1412137409/road","properties":{"osm_id":"1412137409","name":null,"kind":"road","highway":"footway","surface":null,"lanes":null},"geometry":{"type":"LineString","coordinates":[[71.4382233,51.1245447],[71.4382621,51.1245407],[71.4382836,51.1245246],[71.438299,51.1244917],[71.4383333,51.1244931],[71.4385229,51.1244897],[71.4385434,51.1244827],[71.4385568,51.124464],[71.43864,51.1240966],[71.438564,51.1240418],[71.4386373,51.1238343],[71.4387447,51.1235307],[71.4387938,51.123412],[71.4388484,51.12328],[71.439034,51.1229661],[71.4392527,51.1225961],[71.439367,51.1224028],[71.4393921,51.1223796],[71.4395493,51.1224154],[71.4395641,51.1224103],[71.4398927,51.1219613],[71.4399932,51.121945],[71.4400263,51.1219397],[71.4401173,51.1219284]]}},{"type":"Feature","id":"way/1412175183/road","properties":{"osm_id":"1412175183","name":null,"kind":"road","highway":"service","surface":null,"lanes":null},"geometry":{"type":"LineString","coordinates":[[71.4289655,51.1321468],[71.4291104,51.132556]]}},{"type":"Feature","id":"way/1412175184/road","properties":{"osm_id":"1412175184","name":null,"kind":"road","highway":"service","surface":null,"lanes":null},"geometry":{"type":"LineString","coordinates":[[71.4283645,51.1323101],[71.4281166,51.1323111],[71.4272923,51.1324543]]}},{"type":"Feature","id":"way/1412175279/road","properties":{"osm_id":"1412175279","name":null,"kind":"road","highway":"service","surface":null,"lanes":null},"geometry":{"type":"LineString","coordinates":[[71.4292241,51.1335354],[71.4291693,51.1334043],[71.429227,51.133326],[71.4294064,51.1332027]]}},{"type":"Feature","id":"way/1414578120/road","properties":{"osm_id":"1414578120","name":null,"kind":"road","highway":"footway","surface":null,"lanes":null},"geometry":{"type":"LineString","coordinates":[[71.430006,51.1227789],[71.4300508,51.1228034]]}},{"type":"Feature","id":"way/1414578121/road","properties":{"osm_id":"1414578121","name":null,"kind":"road","highway":"footway","surface":null,"lanes":null},"geometry":{"type":"LineString","coordinates":[[71.4294738,51.1228121],[71.4296624,51.122783],[71.4299405,51.1227431]]}},{"type":"Feature","id":"way/1414578122/road","properties":{"osm_id":"1414578122","name":null,"kind":"road","highway":"footway","surface":null,"lanes":null},"geometry":{"type":"LineString","coordinates":[[71.4299405,51.1227431],[71.430006,51.1227789]]}},{"type":"Feature","id":"way/1414578124/road","properties":{"osm_id":"1414578124","name":null,"kind":"road","highway":"footway","surface":null,"lanes":null},"geometry":{"type":"LineString","coordinates":[[71.4284746,51.1230323],[71.4284847,51.122952]]}},{"type":"Feature","id":"way/1414578125/road","properties":{"osm_id":"1414578125","name":null,"kind":"road","highway":"footway","surface":null,"lanes":null},"geometry":{"type":"LineString","coordinates":[[71.4288643,51.1229682],[71.4284746,51.1230323],[71.4275285,51.1231879],[71.4272904,51.1232271],[71.4272636,51.1232305],[71.4272663,51.1231269]]}},{"type":"Feature","id":"way/1414578126/road","properties":{"osm_id":"1414578126","name":null,"kind":"road","highway":"service","surface":null,"lanes":null},"geometry":{"type":"LineString","coordinates":[[71.4274018,51.1228565],[71.4274918,51.1230906],[71.4275285,51.1231879],[71.4275646,51.1232796]]}},{"type":"Feature","id":"way/1414578127/road","properties":{"osm_id":"1414578127","name":null,"kind":"road","highway":"service","surface":null,"lanes":null},"geometry":{"type":"LineString","coordinates":[[71.4296366,51.1223139],[71.4297088,51.1224869],[71.4287208,51.1226478],[71.4274018,51.1228565],[71.4269299,51.122935],[71.4268428,51.1227279],[71.426648,51.1222237],[71.4264439,51.1217352]]}},{"type":"Feature","id":"way/1414578128/road","properties":{"osm_id":"1414578128","name":null,"kind":"road","highway":"footway","surface":null,"lanes":null},"geometry":{"type":"LineString","coordinates":[[71.4302088,51.1232445],[71.4302342,51.1232776],[71.4302932,51.1233155],[71.4305834,51.1240625]]}},{"type":"Feature","id":"way/1414578129/road","properties":{"osm_id":"1414578129","name":null,"kind":"road","highway":"service","surface":null,"lanes":null},"geometry":{"type":"LineString","coordinates":[[71.4300955,51.1234178],[71.4303703,51.1240957]]}},{"type":"Feature","id":"way/1414578130/road","properties":{"osm_id":"1414578130","name":null,"kind":"road","highway":"secondary_link","surface":null,"lanes":null},"geometry":{"type":"LineString","coordinates":[[71.4295876,51.1229803],[71.429868,51.122871],[71.4299645,51.1228218],[71.430006,51.1227789],[71.4301783,51.1225879]]}},{"type":"Feature","id":"way/1414578131/road","properties":{"osm_id":"1414578131","name":null,"kind":"road","highway":"footway","surface":null,"lanes":null},"geometry":{"type":"LineString","coordinates":[[71.4291951,51.1207776],[71.4292864,51.1210369],[71.4298573,51.1223949],[71.4298379,51.1224868],[71.4296624,51.122783]]}},{"type":"Feature","id":"way/1414578132/road","properties":{"osm_id":"1414578132","name":null,"kind":"road","highway":"service","surface":null,"lanes":null},"geometry":{"type":"LineString","coordinates":[[71.4259837,51.1218015],[71.4262376,51.121767],[71.4264439,51.1217352]]}},{"type":"Feature","id":"way/1414578133/road","properties":{"osm_id":"1414578133","name":null,"kind":"road","highway":"service","surface":null,"lanes":null},"geometry":{"type":"LineString","coordinates":[[71.4261726,51.12229],[71.4264387,51.1222431],[71.426648,51.1222237]]}},{"type":"Feature","id":"way/1414578134/road","properties":{"osm_id":"1414578134","name":null,"kind":"road","highway":"service","surface":null,"lanes":null},"geometry":{"type":"LineString","coordinates":[[71.425793,51.1213134],[71.4260148,51.1212518],[71.4260952,51.1212397],[71.4261641,51.1212466],[71.426177,51.121253],[71.4262118,51.1212702],[71.4262484,51.1213051],[71.4262658,51.1213319],[71.4264439,51.1217352]]}},{"type":"Feature","id":"way/1414578135/road","properties":{"osm_id":"1414578135","name":null,"kind":"road","highway":"footway","surface":null,"lanes":null},"geometry":{"type":"LineString","coordinates":[[71.4260746,51.1213877],[71.4260647,51.1213653],[71.4260148,51.1212518],[71.4259976,51.1212128],[71.4259821,51.1211694],[71.42585,51.1208006]]}},{"type":"Feature","id":"way/1414578136/road","properties":{"osm_id":"1414578136","name":null,"kind":"road","highway":"service","surface":null,"lanes":null},"geometry":{"type":"LineString","coordinates":[[71.4264527,51.1230058],[71.4266078,51.1228845],[71.4266789,51.1228407],[71.4268428,51.1227279]]}},{"type":"Feature","id":"way/1414578137/road","properties":{"osm_id":"1414578137","name":null,"kind":"road","highway":"footway","surface":null,"lanes":null},"geometry":{"type":"LineString","coordinates":[[71.4270293,51.1231609],[71.4267245,51.1229451],[71.4266789,51.1228407],[71.4264387,51.1222431],[71.4263865,51.1221135],[71.4262376,51.121767],[71.4260746,51.1213877]]}},{"type":"Feature","id":"way/1414578139/road","properties":{"osm_id":"1414578139","name":null,"kind":"road","highway":"footway","surface":null,"lanes":null},"geometry":{"type":"LineString","coordinates":[[71.4264911,51.1237222],[71.4264696,51.1236766],[71.4263732,51.1234716],[71.42634,51.1234011]]}},{"type":"Feature","id":"way/1414578140/road","properties":{"osm_id":"1414578140","name":null,"kind":"road","highway":"footway","surface":null,"lanes":null},"geometry":{"type":"LineString","coordinates":[[71.4270434,51.1237285],[71.4269374,51.1236448]]}},{"type":"Feature","id":"way/1414578141/road","properties":{"osm_id":"1414578141","name":null,"kind":"road","highway":"footway","surface":null,"lanes":null},"geometry":{"type":"LineString","coordinates":[[71.4270434,51.1237285],[71.426864,51.123756]]}},{"type":"Feature","id":"way/1414578142/road","properties":{"osm_id":"1414578142","name":null,"kind":"road","highway":"footway","surface":null,"lanes":null},"geometry":{"type":"LineString","coordinates":[[71.4265099,51.123809],[71.4266656,51.123786]]}},{"type":"Feature","id":"way/1414760522/road","properties":{"osm_id":"1414760522","name":"Ақмешіт көшесі","kind":"road","highway":"secondary","surface":"asphalt","lanes":4.0},"geometry":{"type":"LineString","coordinates":[[71.4267536,51.1237728],[71.4266997,51.12364]]}},{"type":"Feature","id":"way/1414760523/road","properties":{"osm_id":"1414760523","name":"Ақмешіт көшесі","kind":"road","highway":"secondary","surface":"asphalt","lanes":4.0},"geometry":{"type":"LineString","coordinates":[[71.4266178,51.12343],[71.4265889,51.1233553]]}},{"type":"Feature","id":"way/1414760527/road","properties":{"osm_id":"1414760527","name":"Сығанақ көшесі","kind":"road","highway":"secondary","surface":null,"lanes":4.0},"geometry":{"type":"LineString","coordinates":[[71.4266997,51.12364],[71.4264696,51.1236766]]}},{"type":"Feature","id":"way/1414760528/road","properties":{"osm_id":"1414760528","name":"Сығанақ көшесі","kind":"road","highway":"secondary","surface":null,"lanes":4.0},"geometry":{"type":"LineString","coordinates":[[71.4269196,51.1236047],[71.4266997,51.12364]]}},{"type":"Feature","id":"way/1414760529/road","properties":{"osm_id":"1414760529","name":"Сығанақ көшесі","kind":"road","highway":"secondary","surface":null,"lanes":null},"geometry":{"type":"LineString","coordinates":[[71.4263732,51.1234716],[71.4266178,51.12343]]}},{"type":"Feature","id":"way/1414761920/road","properties":{"osm_id":"1414761920","name":"Ақмешіт көшесі","kind":"road","highway":"secondary","surface":"asphalt","lanes":4.0},"geometry":{"type":"LineString","coordinates":[[71.4265889,51.1233553],[71.4264527,51.1230058]]}},{"type":"Feature","id":"way/1414914969/road","properties":{"osm_id":"1414914969","name":null,"kind":"road","highway":"steps","surface":null,"lanes":null},"geometry":{"type":"LineString","coordinates":[[71.4362141,51.1290793],[71.4362785,51.1292569]]}},{"type":"Feature","id":"way/1414914970/road","properties":{"osm_id":"1414914970","name":null,"kind":"road","highway":"footway","surface":null,"lanes":null},"geometry":{"type":"LineString","coordinates":[[71.4361937,51.1290264],[71.4362141,51.1290793]]}},{"type":"Feature","id":"way/1414914971/road","properties":{"osm_id":"1414914971","name":null,"kind":"road","highway":"footway","surface":null,"lanes":null},"geometry":{"type":"LineString","coordinates":[[71.4362785,51.1292569],[71.4363,51.129294],[71.4363348,51.1293217],[71.4363724,51.1293487],[71.4363912,51.1293815],[71.4364368,51.1295036]]}},{"type":"Feature","id":"way/1414914972/road","properties":{"osm_id":"1414914972","name":null,"kind":"road","highway":"footway","surface":null,"lanes":null},"geometry":{"type":"LineString","coordinates":[[71.4356415,51.1294295],[71.4356026,51.1294547],[71.4355853,51.1294854],[71.4356378,51.1296289]]}},{"type":"Feature","id":"way/1414914973/road","properties":{"osm_id":"1414914973","name":null,"kind":"road","highway":"steps","surface":null,"lanes":null},"geometry":{"type":"LineString","coordinates":[[71.435549,51.1291845],[71.4356415,51.1294295]]}},{"type":"Feature","id":"way/1414914974/road","properties":{"osm_id":"1414914974","name":null,"kind":"road","highway":"footway","surface":null,"lanes":null},"geometry":{"type":"LineString","coordinates":[[71.4355275,51.1291273],[71.435549,51.1291845]]}},{"type":"Feature","id":"way/1417160379/road","properties":{"osm_id":"1417160379","name":null,"kind":"road","highway":"service","surface":null,"lanes":null},"geometry":{"type":"LineString","coordinates":[[71.4279435,51.1340841],[71.430261,51.1336921],[71.4302985,51.1336702],[71.4303039,51.133629],[71.4301224,51.1332113]]}},{"type":"Feature","id":"way/1424115297","properties":{"osm_id":"1424115297","name":null,"kind":"building","building":"construction","height_m":12.0,"height_source":"visual-fallback:12m","levels":null},"geometry":{"type":"Polygon","coordinates":[[[71.4199163,51.1250623],[71.4211174,51.1248574],[71.421196,51.1250389],[71.420841,51.1250995],[71.4208193,51.1250493],[71.4199731,51.1251936],[71.4199163,51.1250623]]]}},{"type":"Feature","id":"way/1427555962","properties":{"osm_id":"1427555962","name":"ЖК Atlant 6","kind":"building","building":"apartments","height_m":63.0,"height_source":"osm:building:levels×3m","levels":21.0},"geometry":{"type":"Polygon","coordinates":[[[71.4198684,51.1341018],[71.4197694,51.1338801],[71.4198078,51.1338734],[71.4196639,51.1335509],[71.4195978,51.1335625],[71.4194848,51.1333095],[71.4198163,51.1332512],[71.4199225,51.1334892],[71.4198384,51.133504],[71.4199883,51.1338394],[71.4200363,51.1338309],[71.4201363,51.1340547],[71.4198684,51.1341018]]]}},{"type":"Feature","id":"way/1429145773/road","properties":{"osm_id":"1429145773","name":null,"kind":"road","highway":"footway","surface":null,"lanes":null},"geometry":{"type":"LineString","coordinates":[[71.4345941,51.1219278],[71.434639,51.1219114],[71.4346933,51.1218542],[71.4348858,51.1216454],[71.4350957,51.1214262],[71.4353035,51.1212035],[71.4354725,51.121025],[71.4355362,51.1209552],[71.4355296,51.1209411],[71.4355148,51.1209072],[71.4354222,51.120658],[71.4353223,51.1203878],[71.4352431,51.1201626],[71.4351966,51.1200459],[71.4351895,51.1200242],[71.43505,51.1196647],[71.43503,51.1196075],[71.4350125,51.1195637],[71.4349968,51.1195433],[71.434975,51.1195149],[71.4349508,51.1194627],[71.434806,51.1190536],[71.434709,51.1187638],[71.434634,51.1185472]]}},{"type":"Feature","id":"way/1431684605","properties":{"osm_id":"1431684605","name":null,"kind":"building","building":"apartments","height_m":12.0,"height_source":"visual-fallback:12m","levels":null},"geometry":{"type":"Polygon","coordinates":[[[71.4323096,51.1324966],[71.4327508,51.1324815],[71.4327378,51.1323331],[71.4322966,51.1323483],[71.4323096,51.1324966]]]}},{"type":"Feature","id":"way/1431684606","properties":{"osm_id":"1431684606","name":null,"kind":"building","building":"apartments","height_m":12.0,"height_source":"visual-fallback:12m","levels":null},"geometry":{"type":"Polygon","coordinates":[[[71.4331426,51.1324366],[71.4334875,51.1323992],[71.4334339,51.132204],[71.433089,51.1322413],[71.4331426,51.1324366]]]}},{"type":"Feature","id":"way/1432455969/road","properties":{"osm_id":"1432455969","name":null,"kind":"road","highway":"service","surface":null,"lanes":null},"geometry":{"type":"LineString","coordinates":[[71.4202538,51.1341375],[71.42009,51.1335962],[71.4198567,51.1332318],[71.4196891,51.1330121],[71.4195818,51.1328935],[71.4194741,51.1328215]]}},{"type":"Feature","id":"way/1441754523/road","properties":{"osm_id":"1441754523","name":null,"kind":"road","highway":"service","surface":null,"lanes":null},"geometry":{"type":"LineString","coordinates":[[71.4258281,51.1257328],[71.425874,51.1259528]]}},{"type":"Feature","id":"way/1441754524/road","properties":{"osm_id":"1441754524","name":null,"kind":"road","highway":"service","surface":null,"lanes":null},"geometry":{"type":"LineString","coordinates":[[71.4204385,51.1216853],[71.4203469,51.1215078],[71.420342,51.121195]]}},{"type":"Feature","id":"way/1441754525/road","properties":{"osm_id":"1441754525","name":null,"kind":"road","highway":"service","surface":null,"lanes":null},"geometry":{"type":"LineString","coordinates":[[71.4230458,51.123568],[71.4228588,51.1232782]]}},{"type":"Feature","id":"way/1441754526/road","properties":{"osm_id":"1441754526","name":null,"kind":"road","highway":"service","surface":null,"lanes":null},"geometry":{"type":"LineString","coordinates":[[71.4234173,51.1230175],[71.4234599,51.1231718],[71.423589,51.1234552],[71.4236587,51.1234788],[71.4237258,51.1234838],[71.4241523,51.1234165],[71.4241737,51.1233879],[71.4241764,51.1233508],[71.4240235,51.1229232],[71.4239833,51.1228997],[71.4239109,51.1228912],[71.4234358,51.1229582],[71.4234187,51.1229832],[71.4234173,51.1230175]]}},{"type":"Feature","id":"way/1441754669/road","properties":{"osm_id":"1441754669","name":null,"kind":"road","highway":"service","surface":null,"lanes":null},"geometry":{"type":"LineString","coordinates":[[71.4236158,51.120174],[71.4234783,51.1200498],[71.4231404,51.1197589]]}},{"type":"Feature","id":"way/1441754670/road","properties":{"osm_id":"1441754670","name":null,"kind":"road","highway":"service","surface":null,"lanes":null},"geometry":{"type":"LineString","coordinates":[[71.4238914,51.1192421],[71.4240208,51.1196344],[71.4240852,51.1196706],[71.4241697,51.1197371],[71.4244097,51.1203036],[71.4243561,51.1203609],[71.4242327,51.1203912],[71.4234193,51.1205528],[71.4230579,51.1207582],[71.4229935,51.1208289],[71.4230096,51.1209232],[71.4231934,51.1213828],[71.423247,51.1214148],[71.4233315,51.1214274],[71.4237727,51.1213845],[71.423821,51.1213811],[71.4238666,51.1213887],[71.4239055,51.1214114],[71.4239832,51.1215814]]}},{"type":"Feature","id":"way/1445345475/road","properties":{"osm_id":"1445345475","name":null,"kind":"road","highway":"service","surface":null,"lanes":null},"geometry":{"type":"LineString","coordinates":[[71.4321848,51.1216693],[71.4321744,51.1216553],[71.4321462,51.12165],[71.4318029,51.1217023],[71.4317789,51.121715],[71.4317714,51.1217369],[71.4318157,51.1218589]]}},{"type":"Feature","id":"way/1445345476/road","properties":{"osm_id":"1445345476","name":null,"kind":"road","highway":"service","surface":null,"lanes":null},"geometry":{"type":"LineString","coordinates":[[71.4314596,51.1218916],[71.4318157,51.1218589]]}},{"type":"Feature","id":"way/1445400033/road","properties":{"osm_id":"1445400033","name":null,"kind":"road","highway":"service","surface":null,"lanes":null},"geometry":{"type":"LineString","coordinates":[[71.4391574,51.1221905],[71.4390925,51.1220239]]}},{"type":"Feature","id":"way/1447463576/road","properties":{"osm_id":"1447463576","name":null,"kind":"road","highway":"secondary_link","surface":null,"lanes":null},"geometry":{"type":"LineString","coordinates":[[71.4301783,51.1225879],[71.4303547,51.1226389],[71.4304523,51.1226765],[71.4305429,51.1226977],[71.4310369,51.1227593]]}},{"type":"Feature","id":"way/1451052013/road","properties":{"osm_id":"1451052013","name":null,"kind":"road","highway":"footway","surface":null,"lanes":null},"geometry":{"type":"LineString","coordinates":[[71.4234308,51.1276876],[71.4234721,51.1277762],[71.4235542,51.1279521],[71.4235786,51.1279799],[71.4235881,51.1280084],[71.4235833,51.1280442],[71.4235871,51.1281077],[71.4235826,51.128135],[71.4235818,51.1281571],[71.4235867,51.1281762],[71.4236021,51.1281923],[71.4236258,51.1282106],[71.4236363,51.1282257],[71.4236362,51.1282458],[71.4236362,51.1282757],[71.4236371,51.1282913],[71.4236379,51.128306],[71.4236435,51.1283435],[71.4236616,51.1283765],[71.4236946,51.1284082],[71.4237365,51.1284485],[71.4237506,51.12847],[71.4237743,51.1284965],[71.4237996,51.1285176],[71.4238249,51.1285333],[71.4239017,51.1285615],[71.423949,51.1285686],[71.424011,51.1285699],[71.4240892,51.128566],[71.4241603,51.1285645],[71.4242046,51.1285698],[71.4242477,51.1285799],[71.4242853,51.1285936],[71.4243904,51.1286452],[71.4244591,51.1286991]]}},{"type":"Feature","id":"way/1451052014/road","properties":{"osm_id":"1451052014","name":null,"kind":"road","highway":"footway","surface":null,"lanes":null},"geometry":{"type":"LineString","coordinates":[[71.4238249,51.1285333],[71.4236943,51.1286394],[71.4236601,51.1286673],[71.4234741,51.1288184],[71.4234358,51.1288725],[71.4233309,51.1288827]]}},{"type":"Feature","id":"way/1451052015/road","properties":{"osm_id":"1451052015","name":null,"kind":"road","highway":"footway","surface":null,"lanes":null},"geometry":{"type":"LineString","coordinates":[[71.4238378,51.1270533],[71.4237435,51.1271631],[71.4237163,51.1271948],[71.423709,51.1272033],[71.4236714,51.1272384],[71.4236307,51.1272734],[71.4235874,51.1273027],[71.4235241,51.1273306],[71.4235116,51.127339],[71.4234769,51.1273973]]}},{"type":"Feature","id":"way/1452041355/road","properties":{"osm_id":"1452041355","name":null,"kind":"road","highway":"footway","surface":null,"lanes":null},"geometry":{"type":"LineString","coordinates":[[71.4327367,51.1285617],[71.432755,51.1286092],[71.4328909,51.1289615],[71.4332288,51.1298362],[71.4333154,51.1300796],[71.4334021,51.1301224]]}},{"type":"Feature","id":"way/1452041356/road","properties":{"osm_id":"1452041356","name":null,"kind":"road","highway":"footway","surface":null,"lanes":null},"geometry":{"type":"LineString","coordinates":[[71.432732,51.1284438],[71.4327613,51.1285157]]}},{"type":"Feature","id":"way/1452593726/road","properties":{"osm_id":"1452593726","name":"Қонаев көшесі","kind":"road","highway":"secondary","surface":"asphalt","lanes":4.0},"geometry":{"type":"LineString","coordinates":[[71.4293535,51.1309089],[71.4286162,51.1310265]]}},{"type":"Feature","id":"way/1452593727/road","properties":{"osm_id":"1452593727","name":"Қонаев көшесі","kind":"road","highway":"secondary","surface":"asphalt","lanes":4.0},"geometry":{"type":"LineString","coordinates":[[71.4298213,51.130834],[71.4295882,51.1308713],[71.4293535,51.1309089]]}},{"type":"Feature","id":"way/1452593728/road","properties":{"osm_id":"1452593728","name":"Ақмешіт көшесі","kind":"road","highway":"secondary","surface":"asphalt","lanes":4.0},"geometry":{"type":"LineString","coordinates":[[71.4295332,51.1307349],[71.4294428,51.1305167]]}},{"type":"Feature","id":"way/1452593729/road","properties":{"osm_id":"1452593729","name":"Ақмешіт көшесі","kind":"road","highway":"secondary","surface":"asphalt","lanes":4.0},"geometry":{"type":"LineString","coordinates":[[71.4296545,51.1310275],[71.4295882,51.1308713],[71.4295332,51.1307349]]}},{"type":"Feature","id":"way/1452593730/road","properties":{"osm_id":"1452593730","name":null,"kind":"road","highway":"footway","surface":null,"lanes":null},"geometry":{"type":"LineString","coordinates":[[71.4297273,51.1306526],[71.4297645,51.1307483],[71.4297675,51.130756]]}},{"type":"Feature","id":"way/1452593731/road","properties":{"osm_id":"1452593731","name":null,"kind":"road","highway":"footway","surface":null,"lanes":null},"geometry":{"type":"LineString","coordinates":[[71.4298558,51.1309215],[71.4298667,51.1309671],[71.429813,51.1309907],[71.4297393,51.1310155]]}},{"type":"Feature","id":"way/1452593732/road","properties":{"osm_id":"1452593732","name":null,"kind":"road","highway":"footway","surface":null,"lanes":null},"geometry":{"type":"LineString","coordinates":[[71.4294884,51.131051],[71.4294523,51.1310488],[71.4293849,51.1310182]]}},{"type":"Feature","id":"way/1453548187/road","properties":{"osm_id":"1453548187","name":null,"kind":"road","highway":"service","surface":null,"lanes":null},"geometry":{"type":"LineString","coordinates":[[71.4344868,51.1227616],[71.4345002,51.1226892],[71.43457,51.1226589],[71.4346758,51.1226381]]}},{"type":"Feature","id":"way/1453548188/road","properties":{"osm_id":"1453548188","name":null,"kind":"road","highway":"service","surface":null,"lanes":null},"geometry":{"type":"LineString","coordinates":[[71.4347121,51.1233357],[71.4347497,51.1234097],[71.4348248,51.1234316],[71.4349842,51.1234125]]}},{"type":"Feature","id":"way/1453548189/road","properties":{"osm_id":"1453548189","name":null,"kind":"road","highway":"service","surface":null,"lanes":null},"geometry":{"type":"LineString","coordinates":[[71.4338404,51.1230259],[71.4337099,51.1230443]]}},{"type":"Feature","id":"way/1453548190/road","properties":{"osm_id":"1453548190","name":null,"kind":"road","highway":"service","surface":null,"lanes":null},"geometry":{"type":"LineString","coordinates":[[71.4348023,51.1229422],[71.4345644,51.1229833]]}},{"type":"Feature","id":"way/1453548191/road","properties":{"osm_id":"1453548191","name":null,"kind":"road","highway":"service","surface":null,"lanes":null},"geometry":{"type":"LineString","coordinates":[[71.4345644,51.1229833],[71.4347121,51.1233357],[71.4346498,51.123432],[71.4341488,51.1235057],[71.4339996,51.1234422],[71.4338404,51.1230259],[71.4337867,51.122866],[71.4339074,51.1227599],[71.4343768,51.1227044],[71.4344868,51.1227616],[71.4345644,51.1229833]]}},{"type":"Feature","id":"way/1453655022/road","properties":{"osm_id":"1453655022","name":null,"kind":"road","highway":"footway","surface":null,"lanes":null},"geometry":{"type":"LineString","coordinates":[[71.4380196,51.1324329],[71.438262,51.1323667],[71.4383049,51.1323507],[71.4390885,51.1314317]]}},{"type":"Feature","id":"way/1453899909/road","properties":{"osm_id":"1453899909","name":null,"kind":"road","highway":"footway","surface":null,"lanes":null},"geometry":{"type":"LineString","coordinates":[[71.4267299,51.1200578],[71.4267996,51.1200595],[71.4268506,51.1200494],[71.4268827,51.1200174],[71.4268801,51.1199753],[71.4268237,51.1199501]]}},{"type":"Feature","id":"way/1455979457/road","properties":{"osm_id":"1455979457","name":null,"kind":"road","highway":"footway","surface":null,"lanes":null},"geometry":{"type":"LineString","coordinates":[[71.4263084,51.1205065],[71.4264174,51.1205149],[71.4266762,51.1205124],[71.4268532,51.1204796],[71.4269619,51.1204307],[71.4270525,51.1203527]]}},{"type":"Feature","id":"way/1455979458/road","properties":{"osm_id":"1455979458","name":null,"kind":"road","highway":"footway","surface":null,"lanes":null},"geometry":{"type":"LineString","coordinates":[[71.4283598,51.1202049],[71.4281125,51.1202885],[71.4279342,51.120328],[71.4277223,51.1203129],[71.4275489,51.1202469]]}},{"type":"Feature","id":"way/1455979468/road","properties":{"osm_id":"1455979468","name":null,"kind":"road","highway":"footway","surface":null,"lanes":null},"geometry":{"type":"LineString","coordinates":[[71.4272969,51.1202793],[71.4271952,51.1202775],[71.4270222,51.1202447],[71.426704,51.1200824],[71.4264563,51.1198415],[71.4263056,51.1196562],[71.4260942,51.119349],[71.4260647,51.1193007],[71.426057,51.119288],[71.425885,51.1190056],[71.4258691,51.1189643],[71.425833,51.1188703],[71.4258198,51.1188359],[71.4256892,51.1184979],[71.4256868,51.1184891],[71.4256585,51.1183809],[71.4255744,51.1180599],[71.4255715,51.1180433],[71.4255524,51.1179348],[71.4255313,51.1176939],[71.4255279,51.1176554],[71.4255217,51.1175837],[71.4255148,51.1175054],[71.4255738,51.1171552],[71.4256382,51.1170188],[71.4257522,51.1168782],[71.4259173,51.1167817],[71.4261934,51.1168168],[71.4264268,51.1169296],[71.42652,51.117],[71.4265984,51.1170592],[71.4268613,51.1173101],[71.4269118,51.1173791],[71.4269672,51.1174599],[71.4270785,51.1176064],[71.4271219,51.1176758],[71.4271902,51.117785],[71.4273038,51.1179668],[71.4273746,51.1181165],[71.4274162,51.1182045],[71.427439,51.1182528],[71.4274701,51.1183186],[71.427557,51.1185667],[71.4275719,51.1186093],[71.4275997,51.1186887],[71.4276257,51.1187631],[71.4276959,51.1190529],[71.4277433,51.1194394],[71.4277357,51.1195965],[71.4276673,51.1199395],[71.4275613,51.1201353],[71.4272969,51.1202793]]}},{"type":"Feature","id":"way/1456010407/road","properties":{"osm_id":"1456010407","name":null,"kind":"road","highway":"service","surface":null,"lanes":null},"geometry":{"type":"LineString","coordinates":[[71.4389124,51.1226547],[71.4390939,51.1226966]]}},{"type":"Feature","id":"way/1456010408/road","properties":{"osm_id":"1456010408","name":null,"kind":"road","highway":"service","surface":null,"lanes":null},"geometry":{"type":"LineString","coordinates":[[71.4388366,51.1228104],[71.4390108,51.1228519]]}},{"type":"Feature","id":"way/1456010409/road","properties":{"osm_id":"1456010409","name":null,"kind":"road","highway":"service","surface":null,"lanes":null},"geometry":{"type":"LineString","coordinates":[[71.4388121,51.1232479],[71.4386273,51.1232062]]}},{"type":"Feature","id":"way/1456010410/road","properties":{"osm_id":"1456010410","name":null,"kind":"road","highway":"service","surface":null,"lanes":null},"geometry":{"type":"LineString","coordinates":[[71.4386273,51.1232062],[71.4388366,51.1228104]]}},{"type":"Feature","id":"way/1456010411/road","properties":{"osm_id":"1456010411","name":null,"kind":"road","highway":"service","surface":null,"lanes":null},"geometry":{"type":"LineString","coordinates":[[71.4391539,51.1222888],[71.4389124,51.1226547]]}},{"type":"Feature","id":"way/1456010412/road","properties":{"osm_id":"1456010412","name":null,"kind":"road","highway":"service","surface":null,"lanes":null},"geometry":{"type":"LineString","coordinates":[[71.439332,51.122339],[71.4395146,51.1223853]]}},{"type":"Feature","id":"way/1456010413/road","properties":{"osm_id":"1456010413","name":null,"kind":"road","highway":"service","surface":null,"lanes":null},"geometry":{"type":"LineString","coordinates":[[71.4395146,51.1223853],[71.4397801,51.1219603],[71.4398955,51.1219215],[71.4400074,51.1218994],[71.4401006,51.1218814]]}},{"type":"Feature","id":"way/1457496675/road","properties":{"osm_id":"1457496675","name":null,"kind":"road","highway":"secondary_link","surface":null,"lanes":null},"geometry":{"type":"LineString","coordinates":[[71.43436,51.1222623],[71.4344788,51.1222818],[71.434527,51.122318],[71.4345458,51.122371],[71.4345096,51.1224114],[71.4344268,51.1224485]]}},{"type":"Feature","id":"way/1459874462/road","properties":{"osm_id":"1459874462","name":null,"kind":"road","highway":"footway","surface":null,"lanes":null},"geometry":{"type":"LineString","coordinates":[[71.4202942,51.1358109],[71.4202777,51.1357643],[71.4202472,51.1356781],[71.420224,51.1356128]]}},{"type":"Feature","id":"way/1459874463/road","properties":{"osm_id":"1459874463","name":null,"kind":"road","highway":"footway","surface":null,"lanes":null},"geometry":{"type":"LineString","coordinates":[[71.4202942,51.1358109],[71.420311,51.1358679]]}},{"type":"Feature","id":"way/1459874464/road","properties":{"osm_id":"1459874464","name":null,"kind":"road","highway":"footway","surface":null,"lanes":null},"geometry":{"type":"LineString","coordinates":[[71.420224,51.1356128],[71.4201947,51.1355292]]}},{"type":"Feature","id":"way/1459985510/road","properties":{"osm_id":"1459985510","name":null,"kind":"road","highway":"service","surface":null,"lanes":null},"geometry":{"type":"LineString","coordinates":[[71.4254341,51.1338885],[71.4252665,51.1339132],[71.4250248,51.1339534]]}},{"type":"Feature","id":"way/1460424866/road","properties":{"osm_id":"1460424866","name":null,"kind":"road","highway":"service","surface":"asphalt","lanes":null},"geometry":{"type":"LineString","coordinates":[[71.4294318,51.1207023],[71.4296186,51.1208131],[71.4296783,51.1209774],[71.4296083,51.1211481]]}},{"type":"Feature","id":"way/1460537087","properties":{"osm_id":"1460537087","name":null,"kind":"building","building":"service","height_m":3.0,"height_source":"osm:building:levels×3m","levels":1.0},"geometry":{"type":"Polygon","coordinates":[[[71.4383614,51.1235017],[71.4385811,51.1234668],[71.4385697,51.1234385],[71.4385433,51.123373],[71.4383847,51.1233982],[71.4383235,51.1234079],[71.4383614,51.1235017]]]}},{"type":"Feature","id":"way/1460735609/road","properties":{"osm_id":"1460735609","name":null,"kind":"road","highway":"footway","surface":null,"lanes":null},"geometry":{"type":"LineString","coordinates":[[71.4259821,51.1211694],[71.4262385,51.1211915],[71.4263965,51.1212908]]}},{"type":"Feature","id":"way/1460735610/road","properties":{"osm_id":"1460735610","name":null,"kind":"road","highway":"footway","surface":null,"lanes":null},"geometry":{"type":"LineString","coordinates":[[71.4266933,51.1206696],[71.4265779,51.1207942],[71.4263836,51.1210042],[71.4263591,51.1210611],[71.4263466,51.1210902],[71.4262385,51.1211915]]}},{"type":"Feature","id":"way/1460735611/road","properties":{"osm_id":"1460735611","name":null,"kind":"road","highway":"footway","surface":null,"lanes":null},"geometry":{"type":"LineString","coordinates":[[71.427154,51.1205981],[71.4272785,51.1209371],[71.4273517,51.1211365]]}},{"type":"Feature","id":"way/1460735612/road","properties":{"osm_id":"1460735612","name":null,"kind":"road","highway":"footway","surface":null,"lanes":null},"geometry":{"type":"LineString","coordinates":[[71.4276602,51.1210851],[71.4291234,51.1205801]]}},{"type":"Feature","id":"way/1460735613/road","properties":{"osm_id":"1460735613","name":null,"kind":"road","highway":"footway","surface":null,"lanes":null},"geometry":{"type":"LineString","coordinates":[[71.4265779,51.1207942],[71.4261051,51.1209518],[71.4261737,51.1210407],[71.4263591,51.1210611],[71.4270256,51.1211345]]}},{"type":"Feature","id":"way/1460735614/road","properties":{"osm_id":"1460735614","name":null,"kind":"road","highway":"footway","surface":null,"lanes":null},"geometry":{"type":"LineString","coordinates":[[71.4270878,51.121124],[71.4272785,51.1209371],[71.4277127,51.1205113]]}},{"type":"Feature","id":"way/1461480266/road","properties":{"osm_id":"1461480266","name":null,"kind":"road","highway":"service","surface":null,"lanes":null},"geometry":{"type":"LineString","coordinates":[[71.4404426,51.1209561],[71.4401314,51.120999],[71.4399008,51.1203388]]}},{"type":"Feature","id":"way/1469838373/road","properties":{"osm_id":"1469838373","name":null,"kind":"road","highway":"path","surface":null,"lanes":null},"geometry":{"type":"LineString","coordinates":[[71.4391986,51.1314151],[71.4393899,51.1311867]]}},{"type":"Feature","id":"way/1469838374/road","properties":{"osm_id":"1469838374","name":null,"kind":"road","highway":"footway","surface":null,"lanes":null},"geometry":{"type":"LineString","coordinates":[[71.4380196,51.1324329],[71.4374478,51.1325137]]}},{"type":"Feature","id":"way/1479182322/road","properties":{"osm_id":"1479182322","name":null,"kind":"road","highway":"service","surface":"asphalt","lanes":null},"geometry":{"type":"LineString","coordinates":[[71.4256403,51.1209243],[71.4254566,51.1209552],[71.4253567,51.1209722],[71.4253122,51.120973],[71.4252725,51.120957],[71.4252414,51.1209196],[71.4251465,51.1207002],[71.4251437,51.1206699],[71.4251635,51.1206477],[71.4251961,51.12063],[71.4252227,51.1206244],[71.4255044,51.120578]]}},{"type":"Feature","id":"way/1487279200/road","properties":{"osm_id":"1487279200","name":null,"kind":"road","highway":"footway","surface":null,"lanes":null},"geometry":{"type":"LineString","coordinates":[[71.4397245,51.1298098],[71.440152,51.1298405]]}},{"type":"Feature","id":"way/1487279201/road","properties":{"osm_id":"1487279201","name":null,"kind":"road","highway":"footway","surface":null,"lanes":null},"geometry":{"type":"LineString","coordinates":[[71.4398104,51.1299886],[71.4402354,51.1300529]]}},{"type":"Feature","id":"way/1487279202/road","properties":{"osm_id":"1487279202","name":null,"kind":"road","highway":"footway","surface":null,"lanes":null},"geometry":{"type":"LineString","coordinates":[[71.4402558,51.1301055],[71.4399782,51.1303104]]}},{"type":"Feature","id":"way/1487642787/road","properties":{"osm_id":"1487642787","name":null,"kind":"road","highway":"footway","surface":null,"lanes":null},"geometry":{"type":"LineString","coordinates":[[71.4399612,51.125152],[71.4400134,51.125178],[71.4400491,51.1252133],[71.4400645,51.125254],[71.4400614,51.1252735],[71.4400578,51.1252956],[71.4400297,51.1253336],[71.4399835,51.1253637],[71.4399241,51.1253826],[71.4398707,51.1253872],[71.439858,51.1253883],[71.4397938,51.1253803],[71.439737,51.1253598],[71.4396937,51.125329],[71.4396686,51.125291],[71.4396643,51.12525],[71.4396813,51.1252103],[71.4397177,51.1251761],[71.4397697,51.1251511],[71.4398317,51.1251379],[71.4398862,51.1251381],[71.4398984,51.1251381],[71.4399612,51.125152]]}},{"type":"Feature","id":"way/1487642788/road","properties":{"osm_id":"1487642788","name":null,"kind":"road","highway":"footway","surface":null,"lanes":null},"geometry":{"type":"LineString","coordinates":[[71.4399294,51.1256857],[71.4399653,51.1257056],[71.4399889,51.1257319],[71.4399973,51.1257615],[71.4399897,51.1257913],[71.439967,51.1258178],[71.4399316,51.1258381],[71.4398875,51.12585],[71.4398682,51.1258509],[71.4398396,51.1258522],[71.4397946,51.1258447],[71.4397558,51.1258285],[71.4397272,51.1258054],[71.4397119,51.1257778],[71.4397117,51.1257666],[71.4397114,51.1257485],[71.4397259,51.1257207],[71.4397538,51.1256973],[71.4397922,51.1256807],[71.439837,51.1256727],[71.4398551,51.1256733],[71.4398849,51.1256743],[71.4399294,51.1256857]]}},{"type":"Feature","id":"way/1487642789/road","properties":{"osm_id":"1487642789","name":null,"kind":"road","highway":"footway","surface":null,"lanes":null},"geometry":{"type":"LineString","coordinates":[[71.439944,51.1260718],[71.4399672,51.1260828],[71.4399839,51.1260979],[71.4399923,51.1261154],[71.4399915,51.1261337],[71.4399818,51.126151],[71.439964,51.1261655],[71.4399399,51.1261759],[71.4399119,51.126181],[71.4398798,51.12618],[71.4398502,51.1261723],[71.4398266,51.1261586],[71.4398118,51.1261408],[71.4398075,51.1261208],[71.4398143,51.1261012],[71.4398314,51.1260841],[71.4398567,51.1260717],[71.4398872,51.1260655],[71.4399164,51.1260658],[71.439944,51.1260718]]}},{"type":"Feature","id":"way/1487642790/road","properties":{"osm_id":"1487642790","name":null,"kind":"road","highway":"footway","surface":null,"lanes":null},"geometry":{"type":"LineString","coordinates":[[71.4400432,51.1265542],[71.4400665,51.1265653],[71.4400831,51.1265803],[71.4400915,51.1265979],[71.4400908,51.1266162],[71.440081,51.1266335],[71.4400632,51.126648],[71.4400391,51.1266583],[71.4400111,51.1266634],[71.4399791,51.1266625],[71.4399495,51.1266547],[71.4399258,51.1266411],[71.439911,51.1266232],[71.4399067,51.1266033],[71.4399136,51.1265836],[71.439937,51.1265635],[71.4399559,51.1265542],[71.4399729,51.1265507],[71.4399865,51.126548],[71.4400156,51.1265483],[71.4400432,51.1265542]]}},{"type":"Feature","id":"way/1487642800/road","properties":{"osm_id":"1487642800","name":null,"kind":"road","highway":"footway","surface":null,"lanes":null},"geometry":{"type":"LineString","coordinates":[[71.4398141,51.1265816],[71.439937,51.1265635]]}},{"type":"Feature","id":"way/1487642801/road","properties":{"osm_id":"1487642801","name":null,"kind":"road","highway":"service","surface":null,"lanes":null},"geometry":{"type":"LineString","coordinates":[[71.439715,51.1247203],[71.4397234,51.1246728],[71.4397569,51.124484],[71.439771,51.1244045]]}},{"type":"Feature","id":"way/1487642802/road","properties":{"osm_id":"1487642802","name":null,"kind":"road","highway":"service","surface":null,"lanes":null},"geometry":{"type":"LineString","coordinates":[[71.4402293,51.1247413],[71.440078,51.1247208],[71.4398537,51.1246905],[71.4397234,51.1246728]]}},{"type":"Feature","id":"way/1487642808/road","properties":{"osm_id":"1487642808","name":null,"kind":"road","highway":"footway","surface":null,"lanes":null},"geometry":{"type":"LineString","coordinates":[[71.439785,51.1263992],[71.4397442,51.1262307],[71.4397247,51.1261501],[71.4397026,51.1260588],[71.4396647,51.1258594],[71.4396569,51.1257665],[71.4396436,51.1256091],[71.4396264,51.1253301],[71.4396313,51.1252512],[71.4396402,51.125109],[71.4396775,51.1248621],[71.4399322,51.1248865],[71.4401243,51.1249048],[71.4400835,51.1251122],[71.4401415,51.1251943],[71.4401228,51.125276],[71.4400878,51.1254287],[71.4400578,51.1256078],[71.4400493,51.1257615],[71.440047,51.1258017],[71.4400535,51.1260333],[71.4400597,51.1261097],[71.4400685,51.1262165],[71.44009,51.1264171],[71.4401372,51.1266218],[71.4402251,51.1268521],[71.4402959,51.1269908],[71.4404354,51.1272319],[71.4405642,51.1274352],[71.4405741,51.1274476],[71.440723,51.1276332],[71.4408344,51.1277529],[71.4409011,51.1278244],[71.44115,51.1280884],[71.4412264,51.1281569],[71.4413903,51.1283038],[71.4415019,51.1283914],[71.4415105,51.1284371],[71.4415705,51.128487],[71.4413595,51.1285713],[71.4411628,51.1286499],[71.4409654,51.1284573],[71.4408283,51.1283082],[71.4407723,51.1282473],[71.440577,51.1279901],[71.4404949,51.1278725],[71.4404097,51.1277504],[71.4402842,51.1275484],[71.4402273,51.1274568],[71.4401221,51.1272521],[71.4401062,51.127215]]}},{"type":"Feature","id":"way/1487642809/road","properties":{"osm_id":"1487642809","name":null,"kind":"road","highway":"footway","surface":null,"lanes":null},"geometry":{"type":"LineString","coordinates":[[71.4396643,51.12525],[71.4396313,51.1252512]]}},{"type":"Feature","id":"way/1487642811/road","properties":{"osm_id":"1487642811","name":null,"kind":"road","highway":"footway","surface":null,"lanes":null},"geometry":{"type":"LineString","coordinates":[[71.4396569,51.1257665],[71.4397117,51.1257666]]}},{"type":"Feature","id":"way/1487642812/road","properties":{"osm_id":"1487642812","name":null,"kind":"road","highway":"footway","surface":null,"lanes":null},"geometry":{"type":"LineString","coordinates":[[71.4399973,51.1257615],[71.4400493,51.1257615]]}},{"type":"Feature","id":"way/1487642813/road","properties":{"osm_id":"1487642813","name":null,"kind":"road","highway":"footway","surface":null,"lanes":null},"geometry":{"type":"LineString","coordinates":[[71.4398118,51.1261408],[71.4397247,51.1261501]]}},{"type":"Feature","id":"way/1487642814/road","properties":{"osm_id":"1487642814","name":null,"kind":"road","highway":"footway","surface":null,"lanes":null},"geometry":{"type":"LineString","coordinates":[[71.4399923,51.1261154],[71.4400597,51.1261097]]}},{"type":"Feature","id":"way/1487642825/road","properties":{"osm_id":"1487642825","name":null,"kind":"road","highway":"footway","surface":null,"lanes":null},"geometry":{"type":"LineString","coordinates":[[71.4399729,51.1265507],[71.4399276,51.1263762],[71.4399119,51.126181]]}},{"type":"Feature","id":"way/1487642826/road","properties":{"osm_id":"1487642826","name":null,"kind":"road","highway":"footway","surface":null,"lanes":null},"geometry":{"type":"LineString","coordinates":[[71.4398872,51.1260655],[71.4398682,51.1258509]]}},{"type":"Feature","id":"way/1487642827/road","properties":{"osm_id":"1487642827","name":null,"kind":"road","highway":"footway","surface":null,"lanes":null},"geometry":{"type":"LineString","coordinates":[[71.4398551,51.1256733],[71.4398707,51.1253872]]}},{"type":"Feature","id":"way/1487642828/road","properties":{"osm_id":"1487642828","name":null,"kind":"road","highway":"footway","surface":null,"lanes":null},"geometry":{"type":"LineString","coordinates":[[71.4398862,51.1251381],[71.4399322,51.1248865]]}},{"type":"Feature","id":"way/1487642834/road","properties":{"osm_id":"1487642834","name":null,"kind":"road","highway":"steps","surface":null,"lanes":null},"geometry":{"type":"LineString","coordinates":[[71.4398537,51.1246905],[71.439839,51.1247176],[71.4398315,51.1247506],[71.4398337,51.1247816],[71.4398498,51.1248112],[71.4398862,51.1248341],[71.439927,51.1248415],[71.439986,51.1248375],[71.4400257,51.1248172],[71.4400525,51.1247869],[71.440078,51.1247208]]}},{"type":"Feature","id":"way/1487642835/road","properties":{"osm_id":"1487642835","name":null,"kind":"road","highway":"footway","surface":null,"lanes":null},"geometry":{"type":"LineString","coordinates":[[71.439927,51.1248415],[71.4399322,51.1248865]]}},{"type":"Feature","id":"way/1487642885/road","properties":{"osm_id":"1487642885","name":null,"kind":"road","highway":"footway","surface":null,"lanes":null},"geometry":{"type":"LineString","coordinates":[[71.4409084,51.1289339],[71.4406401,51.1289728],[71.4403033,51.1286121],[71.4400716,51.1283172],[71.439857,51.1279967],[71.4397667,51.1278447],[71.4396989,51.1277135],[71.4399213,51.1276667],[71.439997,51.1276507],[71.4402273,51.1274568]]}},{"type":"Feature","id":"way/1487642886/road","properties":{"osm_id":"1487642886","name":null,"kind":"road","highway":"footway","surface":null,"lanes":null},"geometry":{"type":"LineString","coordinates":[[71.4399213,51.1276667],[71.440048,51.1278889],[71.4401788,51.1281125],[71.4403698,51.1283656],[71.4406209,51.128635],[71.4409084,51.1289339]]}},{"type":"Feature","id":"way/1487642887/road","properties":{"osm_id":"1487642887","name":null,"kind":"road","highway":"footway","surface":null,"lanes":null},"geometry":{"type":"LineString","coordinates":[[71.4397442,51.1262307],[71.4394021,51.1260346],[71.4392831,51.1260449],[71.4390287,51.1260669],[71.4389794,51.1258447],[71.4389493,51.1255551],[71.4389429,51.1252467],[71.4389686,51.124937],[71.4390008,51.1247],[71.4393034,51.1246649],[71.439269,51.1249451],[71.4392347,51.1252925],[71.4392283,51.1255376],[71.4392476,51.1258029],[71.4392831,51.1260449]]}},{"type":"Feature","id":"way/1487642888/road","properties":{"osm_id":"1487642888","name":null,"kind":"road","highway":"footway","surface":null,"lanes":null},"geometry":{"type":"LineString","coordinates":[[71.4390609,51.1243296],[71.4391274,51.1240872],[71.4391961,51.1238865],[71.4392819,51.123667],[71.4393978,51.1234273],[71.4395394,51.1231916],[71.4397218,51.1228805],[71.4397468,51.1228433],[71.4398115,51.122747],[71.4398784,51.1226475],[71.4399664,51.1225236]]}},{"type":"Feature","id":"way/1487642889/road","properties":{"osm_id":"1487642889","name":null,"kind":"road","highway":"service","surface":null,"lanes":null},"geometry":{"type":"LineString","coordinates":[[71.4398395,51.124042],[71.4400415,51.1240724],[71.440284,51.1234933],[71.4405136,51.1235269],[71.4405694,51.1235296],[71.4406123,51.1235242],[71.4406273,51.1235081],[71.4406295,51.1234798],[71.4404385,51.1229317],[71.4404063,51.1228993],[71.4403677,51.1228778],[71.440299,51.1228576],[71.4398115,51.122747]]}},{"type":"Feature","id":"way/1487642890/road","properties":{"osm_id":"1487642890","name":null,"kind":"road","highway":"footway","surface":null,"lanes":null},"geometry":{"type":"LineString","coordinates":[[71.4397468,51.1228433],[71.4399299,51.1228886],[71.4397948,51.1231242],[71.4396767,51.1233303],[71.4395008,51.1236899],[71.4394192,51.1238986],[71.4393441,51.1241168],[71.4392798,51.1242986],[71.4390609,51.1243296]]}},{"type":"Feature","id":"way/1487668543/road","properties":{"osm_id":"1487668543","name":null,"kind":"road","highway":"footway","surface":null,"lanes":null},"geometry":{"type":"LineString","coordinates":[[71.4395614,51.1281192],[71.4393393,51.1281768]]}},{"type":"Feature","id":"way/1487668544/road","properties":{"osm_id":"1487668544","name":null,"kind":"road","highway":"footway","surface":null,"lanes":null},"geometry":{"type":"LineString","coordinates":[[71.4391242,51.1282971],[71.4394716,51.1283515]]}},{"type":"Feature","id":"way/1487668545/road","properties":{"osm_id":"1487668545","name":null,"kind":"road","highway":"footway","surface":null,"lanes":null},"geometry":{"type":"LineString","coordinates":[[71.439819,51.1284897],[71.4396172,51.1285443]]}},{"type":"Feature","id":"way/1487668546/road","properties":{"osm_id":"1487668546","name":null,"kind":"road","highway":"footway","surface":null,"lanes":null},"geometry":{"type":"LineString","coordinates":[[71.4400166,51.1287287],[71.4398149,51.1288001]]}},{"type":"Feature","id":"way/1487668548/road","properties":{"osm_id":"1487668548","name":null,"kind":"road","highway":"footway","surface":null,"lanes":null},"geometry":{"type":"LineString","coordinates":[[71.4392717,51.128676],[71.4396325,51.1285664]]}},{"type":"Feature","id":"way/1487668549/road","properties":{"osm_id":"1487668549","name":null,"kind":"road","highway":"footway","surface":null,"lanes":null},"geometry":{"type":"LineString","coordinates":[[71.4386522,51.1258244],[71.4383794,51.1258359]]}},{"type":"Feature","id":"way/1487668550/road","properties":{"osm_id":"1487668550","name":null,"kind":"road","highway":"footway","surface":null,"lanes":null},"geometry":{"type":"LineString","coordinates":[[71.438612,51.1254015],[71.4383284,51.1254048]]}},{"type":"Feature","id":"way/1487668551/road","properties":{"osm_id":"1487668551","name":null,"kind":"road","highway":"footway","surface":null,"lanes":null},"geometry":{"type":"LineString","coordinates":[[71.4386307,51.1249606],[71.4383306,51.1249475]]}},{"type":"Feature","id":"way/1487668552/road","properties":{"osm_id":"1487668552","name":null,"kind":"road","highway":"footway","surface":null,"lanes":null},"geometry":{"type":"LineString","coordinates":[[71.4388927,51.1238705],[71.4386373,51.1238343]]}},{"type":"Feature","id":"way/1487668553/road","properties":{"osm_id":"1487668553","name":null,"kind":"road","highway":"footway","surface":null,"lanes":null},"geometry":{"type":"LineString","coordinates":[[71.4390678,51.1234704],[71.4387938,51.123412]]}},{"type":"Feature","id":"way/1487668554/road","properties":{"osm_id":"1487668554","name":null,"kind":"road","highway":"footway","surface":null,"lanes":null},"geometry":{"type":"LineString","coordinates":[[71.4392819,51.1230289],[71.439034,51.1229661]]}},{"type":"Feature","id":"way/1487668555/road","properties":{"osm_id":"1487668555","name":null,"kind":"road","highway":"footway","surface":null,"lanes":null},"geometry":{"type":"LineString","coordinates":[[71.4395025,51.1226542],[71.4392527,51.1225961]]}},{"type":"Feature","id":"way/1487668557/road","properties":{"osm_id":"1487668557","name":null,"kind":"road","highway":"footway","surface":null,"lanes":null},"geometry":{"type":"LineString","coordinates":[[71.4378679,51.1247748],[71.4381511,51.1247283],[71.438342,51.124697],[71.4394141,51.12454],[71.4397569,51.124484],[71.4403719,51.1243897],[71.4412819,51.1242429],[71.4425402,51.1240428]]}},{"type":"Feature","id":"way/1487668558/road","properties":{"osm_id":"1487668558","name":null,"kind":"road","highway":"footway","surface":null,"lanes":null},"geometry":{"type":"LineString","coordinates":[[71.437862,51.1250563],[71.4379559,51.1249497],[71.4381511,51.1247283]]}},{"type":"Feature","id":"way/1487668559/road","properties":{"osm_id":"1487668559","name":null,"kind":"road","highway":"footway","surface":null,"lanes":null},"geometry":{"type":"LineString","coordinates":[[71.4379559,51.1249497],[71.4383306,51.1249475]]}},{"type":"Feature","id":"way/1487668560/road","properties":{"osm_id":"1487668560","name":null,"kind":"road","highway":"footway","surface":null,"lanes":null},"geometry":{"type":"LineString","coordinates":[[71.4379311,51.1252339],[71.4383216,51.12521]]}},{"type":"Feature","id":"way/1487668561/road","properties":{"osm_id":"1487668561","name":null,"kind":"road","highway":"footway","surface":null,"lanes":null},"geometry":{"type":"LineString","coordinates":[[71.438013,51.125444],[71.4383311,51.1254278]]}},{"type":"Feature","id":"way/1488526601/road","properties":{"osm_id":"1488526601","name":null,"kind":"road","highway":"residential","surface":null,"lanes":null},"geometry":{"type":"LineString","coordinates":[[71.4352324,51.1378265],[71.435784,51.1368672]]}},{"type":"Feature","id":"way/1488588735/road","properties":{"osm_id":"1488588735","name":null,"kind":"road","highway":"service","surface":null,"lanes":null},"geometry":{"type":"LineString","coordinates":[[71.4332986,51.1332166],[71.4333812,51.1332727],[71.4335399,51.1334016]]}},{"type":"Feature","id":"way/1488588736/road","properties":{"osm_id":"1488588736","name":null,"kind":"road","highway":"service","surface":null,"lanes":null},"geometry":{"type":"LineString","coordinates":[[71.4313969,51.1335011],[71.4313596,51.1336132],[71.4313059,51.1337758]]}},{"type":"Feature","id":"way/1488588737/road","properties":{"osm_id":"1488588737","name":null,"kind":"road","highway":"service","surface":null,"lanes":null},"geometry":{"type":"LineString","coordinates":[[71.4302369,51.1325268],[71.4304554,51.1324845],[71.4305463,51.1324702]]}},{"type":"Feature","id":"way/1488588738/road","properties":{"osm_id":"1488588738","name":null,"kind":"road","highway":"service","surface":null,"lanes":null},"geometry":{"type":"LineString","coordinates":[[71.4305463,51.1324702],[71.43332,51.1320351],[71.4334005,51.13203],[71.4334407,51.1320435],[71.4336795,51.1325434],[71.4338833,51.1330753],[71.4338753,51.133119],[71.433827,51.1331308],[71.4332986,51.1332166]]}},{"type":"Feature","id":"way/1488588739/road","properties":{"osm_id":"1488588739","name":null,"kind":"road","highway":"service","surface":null,"lanes":null},"geometry":{"type":"LineString","coordinates":[[71.4338966,51.1319523],[71.4335992,51.1320164],[71.4334407,51.1320435]]}},{"type":"Feature","id":"way/1488588740/road","properties":{"osm_id":"1488588740","name":null,"kind":"road","highway":"service","surface":null,"lanes":null},"geometry":{"type":"LineString","coordinates":[[71.4341204,51.1324898],[71.4338032,51.1325284],[71.4336795,51.1325434]]}},{"type":"Feature","id":"way/1490254185/road","properties":{"osm_id":"1490254185","name":null,"kind":"road","highway":"footway","surface":null,"lanes":null},"geometry":{"type":"LineString","coordinates":[[71.4295882,51.1265801],[71.4296952,51.1268534],[71.4298077,51.1271195],[71.4299365,51.127422],[71.4301393,51.1274733],[71.430284,51.1273649],[71.4301636,51.1270632],[71.4300579,51.1268007],[71.4299461,51.1265297]]}},{"type":"Feature","id":"way/1499622828/road","properties":{"osm_id":"1499622828","name":null,"kind":"road","highway":"service","surface":null,"lanes":null},"geometry":{"type":"LineString","coordinates":[[71.4235159,51.120347],[71.4234012,51.1203415],[71.4231981,51.1203478]]}},{"type":"Feature","id":"way/1499622829/road","properties":{"osm_id":"1499622829","name":null,"kind":"road","highway":"service","surface":null,"lanes":null},"geometry":{"type":"LineString","coordinates":[[71.4236158,51.120174],[71.4236125,51.1202161],[71.4235796,51.1202695],[71.4235159,51.120347],[71.4234193,51.1205528]]}},{"type":"Feature","id":"way/1500216523/road","properties":{"osm_id":"1500216523","name":null,"kind":"road","highway":"service","surface":null,"lanes":null},"geometry":{"type":"LineString","coordinates":[[71.4330596,51.1204809],[71.433486,51.1216426]]}},{"type":"Feature","id":"way/1510550519/road","properties":{"osm_id":"1510550519","name":null,"kind":"road","highway":"footway","surface":null,"lanes":null},"geometry":{"type":"LineString","coordinates":[[71.4242426,51.127001],[71.4243041,51.1271058],[71.4243809,51.1272366]]}},{"type":"Feature","id":"way/1510550520/road","properties":{"osm_id":"1510550520","name":null,"kind":"road","highway":"footway","surface":null,"lanes":null},"geometry":{"type":"LineString","coordinates":[[71.4249251,51.1265493],[71.4249124,51.1265861],[71.4246123,51.1266706],[71.4242905,51.1267143],[71.4242632,51.1266556]]}},{"type":"Feature","id":"way/1510550521/road","properties":{"osm_id":"1510550521","name":null,"kind":"road","highway":"footway","surface":null,"lanes":null},"geometry":{"type":"LineString","coordinates":[[71.4242905,51.1267143],[71.4241931,51.1267298],[71.4241285,51.1266765]]}},{"type":"Feature","id":"way/1510550525/road","properties":{"osm_id":"1510550525","name":null,"kind":"road","highway":"footway","surface":null,"lanes":null},"geometry":{"type":"LineString","coordinates":[[71.4231062,51.1242821],[71.4229801,51.1243025],[71.4228967,51.124316]]}},{"type":"Feature","id":"way/1510550526/road","properties":{"osm_id":"1510550526","name":null,"kind":"road","highway":"footway","surface":null,"lanes":null},"geometry":{"type":"LineString","coordinates":[[71.4228207,51.1237709],[71.4226923,51.123792],[71.4225953,51.1238079]]}},{"type":"Feature","id":"way/1510550529/road","properties":{"osm_id":"1510550529","name":null,"kind":"road","highway":"service","surface":null,"lanes":null},"geometry":{"type":"LineString","coordinates":[[71.423708,51.1250254],[71.4236986,51.125002],[71.4234764,51.12445]]}},{"type":"Feature","id":"way/1510550534/road","properties":{"osm_id":"1510550534","name":null,"kind":"road","highway":"footway","surface":null,"lanes":null},"geometry":{"type":"LineString","coordinates":[[71.4240594,51.1266873],[71.4239548,51.1267028],[71.4237463,51.1267318]]}},{"type":"Feature","id":"way/1510550535/road","properties":{"osm_id":"1510550535","name":null,"kind":"road","highway":"footway","surface":null,"lanes":null},"geometry":{"type":"LineString","coordinates":[[71.4238554,51.1269802],[71.4238217,51.1269039],[71.4237892,51.1268305],[71.4237463,51.1267318]]}},{"type":"Feature","id":"way/1510550537/road","properties":{"osm_id":"1510550537","name":null,"kind":"road","highway":"footway","surface":null,"lanes":null},"geometry":{"type":"LineString","coordinates":[[71.4241931,51.1267298],[71.4242083,51.1267651],[71.424241,51.1268406],[71.4242695,51.1269065]]}},{"type":"Feature","id":"way/1510550538/road","properties":{"osm_id":"1510550538","name":null,"kind":"road","highway":"footway","surface":null,"lanes":null},"geometry":{"type":"LineString","coordinates":[[71.4227175,51.1242982],[71.4226974,51.1242568],[71.4226001,51.1240559],[71.4225581,51.1239691]]}},{"type":"Feature","id":"way/1510550539/road","properties":{"osm_id":"1510550539","name":null,"kind":"road","highway":"footway","surface":null,"lanes":null},"geometry":{"type":"LineString","coordinates":[[71.4232485,51.1242164],[71.4232287,51.1241741],[71.4231341,51.1239721],[71.4231159,51.1239331]]}},{"type":"Feature","id":"way/1510550540/road","properties":{"osm_id":"1510550540","name":null,"kind":"road","highway":"footway","surface":null,"lanes":null},"geometry":{"type":"LineString","coordinates":[[71.4227175,51.1242982],[71.4227542,51.1243523]]}},{"type":"Feature","id":"way/1510550541/road","properties":{"osm_id":"1510550541","name":null,"kind":"road","highway":"footway","surface":null,"lanes":null},"geometry":{"type":"LineString","coordinates":[[71.4225581,51.1239691],[71.4224833,51.1238303]]}},{"type":"Feature","id":"way/1510550543/road","properties":{"osm_id":"1510550543","name":null,"kind":"road","highway":"footway","surface":null,"lanes":null},"geometry":{"type":"LineString","coordinates":[[71.4215807,51.1228162],[71.4214812,51.1227052],[71.4214413,51.1226608]]}},{"type":"Feature","id":"way/1510550544/road","properties":{"osm_id":"1510550544","name":null,"kind":"road","highway":"service","surface":null,"lanes":null},"geometry":{"type":"LineString","coordinates":[[71.4241511,51.1262269],[71.4242827,51.1265406],[71.424322,51.1265622],[71.4243838,51.1265665],[71.4274018,51.1260826]]}},{"type":"Feature","id":"way/1510550545/road","properties":{"osm_id":"1510550545","name":"Сауран көшесі","kind":"road","highway":"tertiary","surface":null,"lanes":5.0},"geometry":{"type":"LineString","coordinates":[[71.4236017,51.1258304],[71.423575,51.1257625]]}},{"type":"Feature","id":"way/1510550546/road","properties":{"osm_id":"1510550546","name":"Сауран көшесі","kind":"road","highway":"tertiary","surface":null,"lanes":5.0},"geometry":{"type":"LineString","coordinates":[[71.423575,51.1257625],[71.4233592,51.1252319],[71.4233045,51.1250879],[71.4229801,51.1243025],[71.422945,51.1242177]]}},{"type":"Feature","id":"way/1510550547/road","properties":{"osm_id":"1510550547","name":null,"kind":"road","highway":"service","surface":null,"lanes":null},"geometry":{"type":"LineString","coordinates":[[71.4233564,51.1257996],[71.4232232,51.1258204],[71.4225144,51.1259312]]}},{"type":"Feature","id":"way/1510550548/road","properties":{"osm_id":"1510550548","name":null,"kind":"road","highway":"footway","surface":null,"lanes":null},"geometry":{"type":"LineString","coordinates":[[71.4235844,51.1267538],[71.4234203,51.126323],[71.4232618,51.1259233],[71.4232232,51.1258204],[71.4230636,51.1253941],[71.4230529,51.1253315],[71.4231407,51.1252737],[71.4227542,51.1243523]]}},{"type":"Feature","id":"way/1510550549/road","properties":{"osm_id":"1510550549","name":null,"kind":"road","highway":"service","surface":null,"lanes":null},"geometry":{"type":"LineString","coordinates":[[71.4240045,51.1257957],[71.4241511,51.1262269]]}},{"type":"Feature","id":"way/1512118481/road","properties":{"osm_id":"1512118481","name":null,"kind":"road","highway":"footway","surface":null,"lanes":null},"geometry":{"type":"LineString","coordinates":[[71.4406441,51.1395029],[71.4399049,51.1393882],[71.4398646,51.1393394]]}},{"type":"Feature","id":"way/1525087103/road","properties":{"osm_id":"1525087103","name":null,"kind":"road","highway":"footway","surface":"asphalt","lanes":null},"geometry":{"type":"LineString","coordinates":[[71.4307255,51.127351],[71.4306781,51.1274881]]}},{"type":"Feature","id":"way/1525087104/road","properties":{"osm_id":"1525087104","name":null,"kind":"road","highway":"footway","surface":"asphalt","lanes":null},"geometry":{"type":"LineString","coordinates":[[71.4295418,51.1275632],[71.4296485,51.1276454],[71.429678,51.1276668]]}},{"type":"Feature","id":"way/1525246412/road","properties":{"osm_id":"1525246412","name":"Сығанақ көшесі","kind":"road","highway":"secondary","surface":null,"lanes":4.0},"geometry":{"type":"LineString","coordinates":[[71.434113,51.1222992],[71.43436,51.1222623],[71.435776,51.1220504]]}},{"type":"Feature","id":"way/1525246413/road","properties":{"osm_id":"1525246413","name":"Сығанақ көшесі","kind":"road","highway":"secondary","surface":null,"lanes":4.0},"geometry":{"type":"LineString","coordinates":[[71.4329645,51.122471],[71.4337765,51.1223495],[71.434113,51.1222992]]}},{"type":"Feature","id":"way/1525246414/road","properties":{"osm_id":"1525246414","name":null,"kind":"road","highway":"footway","surface":null,"lanes":null},"geometry":{"type":"LineString","coordinates":[[71.4328782,51.1222033],[71.433682,51.1220772],[71.4345941,51.1219278]]}},{"type":"Feature","id":"way/1525461647/road","properties":{"osm_id":"1525461647","name":null,"kind":"road","highway":"footway","surface":null,"lanes":null},"geometry":{"type":"LineString","coordinates":[[71.430809,51.1336707],[71.4306887,51.1336898],[71.4305535,51.1337114]]}},{"type":"Feature","id":"way/1525461648/road","properties":{"osm_id":"1525461648","name":null,"kind":"road","highway":"footway","surface":null,"lanes":null},"geometry":{"type":"LineString","coordinates":[[71.4311292,51.1339013],[71.4311601,51.1339737]]}},{"type":"Feature","id":"way/1525461649/road","properties":{"osm_id":"1525461649","name":null,"kind":"road","highway":"footway","surface":null,"lanes":null},"geometry":{"type":"LineString","coordinates":[[71.4311292,51.1339013],[71.4310987,51.1338148],[71.431064,51.1337161]]}},{"type":"Feature","id":"way/1525461650/road","properties":{"osm_id":"1525461650","name":null,"kind":"road","highway":"footway","surface":null,"lanes":null},"geometry":{"type":"LineString","coordinates":[[71.4304358,51.1339318],[71.4304738,51.1340187],[71.4305018,51.1340827]]}},{"type":"Feature","id":"way/1525461651/road","properties":{"osm_id":"1525461651","name":null,"kind":"road","highway":"footway","surface":null,"lanes":null},"geometry":{"type":"LineString","coordinates":[[71.4304358,51.1339318],[71.430402,51.1338391]]}},{"type":"Feature","id":"way/1525461652/road","properties":{"osm_id":"1525461652","name":null,"kind":"road","highway":"footway","surface":null,"lanes":null},"geometry":{"type":"LineString","coordinates":[[71.4297393,51.1310155],[71.4296545,51.1310275],[71.4294884,51.131051]]}},{"type":"Feature","id":"way/1525461653/road","properties":{"osm_id":"1525461653","name":null,"kind":"road","highway":"service","surface":null,"lanes":null},"geometry":{"type":"LineString","coordinates":[[71.4302569,51.1315714],[71.4303753,51.1315532]]}},{"type":"Feature","id":"way/1525461654/road","properties":{"osm_id":"1525461654","name":null,"kind":"road","highway":"service","surface":null,"lanes":null},"geometry":{"type":"LineString","coordinates":[[71.4328455,51.1309977],[71.4329879,51.1310751],[71.4331654,51.1310449]]}},{"type":"Feature","id":"way/1525461655/road","properties":{"osm_id":"1525461655","name":null,"kind":"road","highway":"service","surface":null,"lanes":null},"geometry":{"type":"LineString","coordinates":[[71.4303753,51.1315532],[71.4304124,51.1313782]]}},{"type":"Feature","id":"way/1525461656/road","properties":{"osm_id":"1525461656","name":null,"kind":"road","highway":"footway","surface":null,"lanes":null},"geometry":{"type":"LineString","coordinates":[[71.426864,51.123756],[71.4267536,51.1237728]]}},{"type":"Feature","id":"way/1525461657/road","properties":{"osm_id":"1525461657","name":null,"kind":"road","highway":"footway","surface":null,"lanes":null},"geometry":{"type":"LineString","coordinates":[[71.4266656,51.123786],[71.4267536,51.1237728]]}},{"type":"Feature","id":"way/1525461658/road","properties":{"osm_id":"1525461658","name":null,"kind":"road","highway":"footway","surface":null,"lanes":null},"geometry":{"type":"LineString","coordinates":[[71.4293849,51.1310182],[71.4293734,51.1309728]]}},{"type":"Feature","id":"way/1525461659/road","properties":{"osm_id":"1525461659","name":null,"kind":"road","highway":"footway","surface":null,"lanes":null},"geometry":{"type":"LineString","coordinates":[[71.4294254,51.1307548],[71.4295332,51.1307349]]}},{"type":"Feature","id":"way/1525461660/road","properties":{"osm_id":"1525461660","name":null,"kind":"road","highway":"footway","surface":null,"lanes":null},"geometry":{"type":"LineString","coordinates":[[71.4295332,51.1307349],[71.4295831,51.1307194]]}},{"type":"Feature","id":"way/1525461661/road","properties":{"osm_id":"1525461661","name":null,"kind":"road","highway":"cycleway","surface":"paving_stones","lanes":null},"geometry":{"type":"LineString","coordinates":[[71.4276982,51.1264333],[71.4275525,51.1264186],[71.42596,51.1266553],[71.4242695,51.1269065],[71.4242044,51.1269162],[71.4241567,51.1269233],[71.424063,51.1269424],[71.4239539,51.1269646],[71.4238554,51.1269802],[71.4238071,51.1269878],[71.4222514,51.1272332],[71.4211809,51.1274021],[71.4199048,51.1276034],[71.4193315,51.1276939],[71.4174497,51.1279908],[71.4168729,51.1280823],[71.4166683,51.1281141]]}},{"type":"Feature","id":"way/1525461662/road","properties":{"osm_id":"1525461662","name":null,"kind":"road","highway":"footway","surface":"paving_stones","lanes":null},"geometry":{"type":"LineString","coordinates":[[71.4279199,51.126402],[71.4277884,51.1264204],[71.4276982,51.1264333]]}},{"type":"Feature","id":"way/1525461664/road","properties":{"osm_id":"1525461664","name":null,"kind":"road","highway":"footway","surface":null,"lanes":null},"geometry":{"type":"LineString","coordinates":[[71.4279506,51.1261672],[71.427917,51.1260958]]}},{"type":"Feature","id":"way/1525461665/road","properties":{"osm_id":"1525461665","name":null,"kind":"road","highway":"footway","surface":null,"lanes":null},"geometry":{"type":"LineString","coordinates":[[71.4275597,51.1264419],[71.4275525,51.1264186],[71.4275335,51.1263742]]}},{"type":"Feature","id":"way/1525461666/road","properties":{"osm_id":"1525461666","name":null,"kind":"road","highway":"footway","surface":null,"lanes":null},"geometry":{"type":"LineString","coordinates":[[71.4274642,51.1262096],[71.4274337,51.1261494]]}},{"type":"Feature","id":"way/1525461667/road","properties":{"osm_id":"1525461667","name":null,"kind":"road","highway":"footway","surface":null,"lanes":null},"geometry":{"type":"LineString","coordinates":[[71.4277984,51.1260794],[71.427917,51.1260958]]}},{"type":"Feature","id":"way/1525461668/road","properties":{"osm_id":"1525461668","name":null,"kind":"road","highway":"footway","surface":null,"lanes":null},"geometry":{"type":"LineString","coordinates":[[71.4274337,51.1261494],[71.4275962,51.1261067]]}},{"type":"Feature","id":"way/1525461670/road","properties":{"osm_id":"1525461670","name":"Әлімхан Ермеков көшесі","kind":"road","highway":"residential","surface":null,"lanes":4.0},"geometry":{"type":"LineString","coordinates":[[71.4310476,51.1344848],[71.4311638,51.1349223],[71.4311799,51.1350306]]}},{"type":"Feature","id":"way/1525461671/road","properties":{"osm_id":"1525461671","name":null,"kind":"road","highway":"footway","surface":null,"lanes":null},"geometry":{"type":"LineString","coordinates":[[71.4306572,51.1341176],[71.4308718,51.1340844],[71.4309707,51.134069]]}},{"type":"Feature","id":"way/1525461674/road","properties":{"osm_id":"1525461674","name":"Ақмешіт көшесі","kind":"road","highway":"secondary","surface":"asphalt","lanes":4.0},"geometry":{"type":"LineString","coordinates":[[71.4304781,51.1331478],[71.4302369,51.1325268]]}},{"type":"Feature","id":"way/1525461675/road","properties":{"osm_id":"1525461675","name":null,"kind":"road","highway":"service","surface":null,"lanes":null},"geometry":{"type":"LineString","coordinates":[[71.4301224,51.1332113],[71.4298181,51.1324722]]}},{"type":"Feature","id":"way/1525461676/road","properties":{"osm_id":"1525461676","name":"Ақмешіт көшесі","kind":"road","highway":"secondary","surface":"asphalt","lanes":4.0},"geometry":{"type":"LineString","coordinates":[[71.4302369,51.1325268],[71.4301966,51.1324232]]}},{"type":"Feature","id":"way/1525461677/road","properties":{"osm_id":"1525461677","name":"Ақмешіт көшесі","kind":"road","highway":"secondary","surface":"asphalt","lanes":4.0},"geometry":{"type":"LineString","coordinates":[[71.4301966,51.1324232],[71.4299168,51.1317029]]}},{"type":"Feature","id":"way/1525461678/road","properties":{"osm_id":"1525461678","name":null,"kind":"road","highway":"service","surface":null,"lanes":null},"geometry":{"type":"LineString","coordinates":[[71.4298181,51.1324722],[71.4297433,51.1324814]]}},{"type":"Feature","id":"way/1525461679/road","properties":{"osm_id":"1525461679","name":null,"kind":"road","highway":"service","surface":null,"lanes":null},"geometry":{"type":"LineString","coordinates":[[71.4298181,51.1324722],[71.429516,51.1317489]]}},{"type":"Feature","id":"way/1525461680/road","properties":{"osm_id":"1525461680","name":null,"kind":"road","highway":"service","surface":null,"lanes":null},"geometry":{"type":"LineString","coordinates":[[71.4332986,51.1332166],[71.4313969,51.1335011],[71.4310831,51.1335364],[71.4310053,51.133528],[71.4309624,51.1334893],[71.4308363,51.1331762],[71.4306968,51.1328447],[71.4305463,51.1324702]]}},{"type":"Feature","id":"way/1525461681/road","properties":{"osm_id":"1525461681","name":"Ақмешіт көшесі","kind":"road","highway":"secondary","surface":"asphalt","lanes":4.0},"geometry":{"type":"LineString","coordinates":[[71.4299168,51.1317029],[71.4298878,51.1316281]]}},{"type":"Feature","id":"way/1525461682/road","properties":{"osm_id":"1525461682","name":"Ақмешіт көшесі","kind":"road","highway":"secondary","surface":"asphalt","lanes":4.0},"geometry":{"type":"LineString","coordinates":[[71.4298607,51.1315584],[71.4296545,51.1310275]]}},{"type":"Feature","id":"way/1525461683/road","properties":{"osm_id":"1525461683","name":"Ақмешіт көшесі","kind":"road","highway":"secondary","surface":"asphalt","lanes":4.0},"geometry":{"type":"LineString","coordinates":[[71.4298878,51.1316281],[71.4298607,51.1315584]]}},{"type":"Feature","id":"way/1525461684/road","properties":{"osm_id":"1525461684","name":null,"kind":"road","highway":"service","surface":null,"lanes":null},"geometry":{"type":"LineString","coordinates":[[71.429516,51.1317489],[71.4288416,51.1317941],[71.428687,51.1319127]]}},{"type":"Feature","id":"way/1525461685/road","properties":{"osm_id":"1525461685","name":null,"kind":"road","highway":"service","surface":null,"lanes":null},"geometry":{"type":"LineString","coordinates":[[71.4292634,51.1305409],[71.4292165,51.1305486],[71.42848,51.1306694],[71.4273788,51.13085],[71.4258367,51.1311029],[71.4257564,51.1311161]]}},{"type":"Feature","id":"way/1525461686/road","properties":{"osm_id":"1525461686","name":"Ақмешіт көшесі","kind":"road","highway":"secondary","surface":"asphalt","lanes":4.0},"geometry":{"type":"LineString","coordinates":[[71.4288717,51.1291386],[71.4288394,51.1290607]]}},{"type":"Feature","id":"way/1525461687/road","properties":{"osm_id":"1525461687","name":"Ақмешіт көшесі","kind":"road","highway":"secondary","surface":"asphalt","lanes":4.0},"geometry":{"type":"LineString","coordinates":[[71.4288394,51.1290607],[71.4286349,51.1285791],[71.4284316,51.1280767]]}},{"type":"Feature","id":"way/1525461688/road","properties":{"osm_id":"1525461688","name":null,"kind":"road","highway":"footway","surface":null,"lanes":null},"geometry":{"type":"LineString","coordinates":[[71.4284473,51.1290865],[71.4284629,51.1291203],[71.4284925,51.1291996]]}},{"type":"Feature","id":"way/1525461689/road","properties":{"osm_id":"1525461689","name":null,"kind":"road","highway":"footway","surface":null,"lanes":null},"geometry":{"type":"LineString","coordinates":[[71.4282188,51.1281675],[71.4281676,51.1281214],[71.428142,51.1280666]]}},{"type":"Feature","id":"way/1525461690/road","properties":{"osm_id":"1525461690","name":"Ақмешіт көшесі","kind":"road","highway":"secondary","surface":"asphalt","lanes":4.0},"geometry":{"type":"LineString","coordinates":[[71.4281891,51.1274503],[71.4277884,51.1264204],[71.4277417,51.1262942],[71.4277124,51.1262187],[71.4276654,51.1260973],[71.4275099,51.1256954]]}},{"type":"Feature","id":"way/1525461691/road","properties":{"osm_id":"1525461691","name":"Ақмешіт көшесі","kind":"road","highway":"secondary","surface":"asphalt","lanes":4.0},"geometry":{"type":"LineString","coordinates":[[71.4275099,51.1256954],[71.4274563,51.125557]]}},{"type":"Feature","id":"way/1525461692/road","properties":{"osm_id":"1525461692","name":"Ақмешіт көшесі","kind":"road","highway":"secondary","surface":"asphalt","lanes":4.0},"geometry":{"type":"LineString","coordinates":[[71.4274563,51.125557],[71.4273315,51.1252346]]}},{"type":"Feature","id":"way/1525461693/road","properties":{"osm_id":"1525461693","name":null,"kind":"road","highway":"service","surface":null,"lanes":null},"geometry":{"type":"LineString","coordinates":[[71.4272728,51.1257316],[71.4273193,51.1257245],[71.4275099,51.1256954]]}},{"type":"Feature","id":"way/1525461694/road","properties":{"osm_id":"1525461694","name":"Ақмешіт көшесі","kind":"road","highway":"secondary","surface":"asphalt","lanes":4.0},"geometry":{"type":"LineString","coordinates":[[71.4273315,51.1252346],[71.427215,51.1249334]]}},{"type":"Feature","id":"way/1525461695/road","properties":{"osm_id":"1525461695","name":"Ақмешіт көшесі","kind":"road","highway":"secondary","surface":"asphalt","lanes":4.0},"geometry":{"type":"LineString","coordinates":[[71.427215,51.1249334],[71.4270993,51.1246347]]}},{"type":"Feature","id":"way/1525461696/road","properties":{"osm_id":"1525461696","name":"Сығанақ көшесі","kind":"road","highway":"secondary","surface":null,"lanes":null},"geometry":{"type":"LineString","coordinates":[[71.4266178,51.12343],[71.4268265,51.1233945]]}},{"type":"Feature","id":"way/1525461697/road","properties":{"osm_id":"1525461697","name":null,"kind":"road","highway":"footway","surface":null,"lanes":null},"geometry":{"type":"LineString","coordinates":[[71.4269374,51.1236448],[71.4269196,51.1236047],[71.4268265,51.1233945],[71.4267927,51.1233221]]}},{"type":"Feature","id":"way/1525461698/road","properties":{"osm_id":"1525461698","name":null,"kind":"road","highway":"footway","surface":null,"lanes":null},"geometry":{"type":"LineString","coordinates":[[71.4265099,51.123809],[71.4264911,51.1237222]]}},{"type":"Feature","id":"way/1525461699/road","properties":{"osm_id":"1525461699","name":null,"kind":"road","highway":"footway","surface":"asphalt","lanes":null},"geometry":{"type":"LineString","coordinates":[[71.4265889,51.1233553],[71.4265079,51.1233703]]}},{"type":"Feature","id":"way/1525461702/road","properties":{"osm_id":"1525461702","name":null,"kind":"road","highway":"footway","surface":null,"lanes":null},"geometry":{"type":"LineString","coordinates":[[71.4266679,51.1233407],[71.4265889,51.1233553]]}},{"type":"Feature","id":"way/1525461703/road","properties":{"osm_id":"1525461703","name":null,"kind":"road","highway":"footway","surface":null,"lanes":null},"geometry":{"type":"LineString","coordinates":[[71.4267016,51.1232699],[71.4267301,51.1232469],[71.4267855,51.123202]]}},{"type":"Feature","id":"way/1525461704/road","properties":{"osm_id":"1525461704","name":null,"kind":"road","highway":"footway","surface":null,"lanes":null},"geometry":{"type":"LineString","coordinates":[[71.4262706,51.1232945],[71.4262121,51.1232584]]}},{"type":"Feature","id":"way/1525461705/road","properties":{"osm_id":"1525461705","name":"Ақмешіт көшесі","kind":"road","highway":"secondary","surface":"asphalt","lanes":4.0},"geometry":{"type":"LineString","coordinates":[[71.4264527,51.1230058],[71.4261726,51.12229]]}},{"type":"Feature","id":"way/1525461706/road","properties":{"osm_id":"1525461706","name":"Ақмешіт көшесі","kind":"road","highway":"secondary","surface":"asphalt","lanes":4.0},"geometry":{"type":"LineString","coordinates":[[71.4261726,51.12229],[71.4259837,51.1218015]]}},{"type":"Feature","id":"way/1525461707/road","properties":{"osm_id":"1525461707","name":"Ақмешіт көшесі","kind":"road","highway":"secondary","surface":"asphalt","lanes":4.0},"geometry":{"type":"LineString","coordinates":[[71.4259837,51.1218015],[71.425861,51.1214866]]}},{"type":"Feature","id":"way/1525461708/road","properties":{"osm_id":"1525461708","name":null,"kind":"road","highway":"service","surface":null,"lanes":null},"geometry":{"type":"LineString","coordinates":[[71.4254518,51.1204438],[71.4257034,51.1204071],[71.4257432,51.1204013],[71.4258018,51.1203927]]}},{"type":"Feature","id":"way/1525461709/road","properties":{"osm_id":"1525461709","name":"Ақмешіт көшесі","kind":"road","highway":"secondary","surface":"asphalt","lanes":4.0},"geometry":{"type":"LineString","coordinates":[[71.4254518,51.1204438],[71.4253929,51.1202939],[71.4251933,51.1197853]]}},{"type":"Feature","id":"way/1525461710/road","properties":{"osm_id":"1525461710","name":"Ақмешіт көшесі","kind":"road","highway":"secondary","surface":"asphalt","lanes":4.0},"geometry":{"type":"LineString","coordinates":[[71.4255044,51.120578],[71.4254518,51.1204438]]}},{"type":"Feature","id":"way/1525461711/road","properties":{"osm_id":"1525461711","name":null,"kind":"road","highway":"service","surface":null,"lanes":null},"geometry":{"type":"LineString","coordinates":[[71.4251933,51.1197853],[71.4253796,51.119904],[71.425481,51.1201501],[71.4253929,51.1202939]]}},{"type":"Feature","id":"way/1525461730/road","properties":{"osm_id":"1525461730","name":"Сығанақ көшесі","kind":"road","highway":"secondary","surface":null,"lanes":null},"geometry":{"type":"LineString","coordinates":[[71.4268265,51.1233945],[71.4270331,51.1233582]]}},{"type":"Feature","id":"way/1525700747/road","properties":{"osm_id":"1525700747","name":"Қонаев көшесі","kind":"road","highway":"tertiary","surface":null,"lanes":5.0},"geometry":{"type":"LineString","coordinates":[[71.4402434,51.1292277],[71.4396732,51.129319],[71.4394761,51.1293505]]}},{"type":"Feature","id":"way/1525700748/road","properties":{"osm_id":"1525700748","name":null,"kind":"road","highway":"cycleway","surface":null,"lanes":null},"geometry":{"type":"LineString","coordinates":[[71.4400684,51.1305377],[71.4400423,51.1304353],[71.4400318,51.1303939],[71.4399782,51.1303104],[71.4399257,51.1302286],[71.4398104,51.1299886],[71.4397245,51.1298098],[71.4396953,51.1297489],[71.4396019,51.129511]]}},{"type":"Feature","id":"way/1525700749/road","properties":{"osm_id":"1525700749","name":null,"kind":"road","highway":"secondary_link","surface":null,"lanes":1.0},"geometry":{"type":"LineString","coordinates":[[71.4394217,51.1297347],[71.439262,51.1296478],[71.4391069,51.1295825],[71.4389476,51.1295252],[71.4387798,51.1294959],[71.4386104,51.1294744]]}},{"type":"Feature","id":"way/1525700750/road","properties":{"osm_id":"1525700750","name":null,"kind":"road","highway":"secondary_link","surface":null,"lanes":1.0},"geometry":{"type":"LineString","coordinates":[[71.4386104,51.1294744],[71.4388266,51.1294025],[71.4389426,51.1292752],[71.4390071,51.1291986],[71.4390751,51.1290386],[71.4391024,51.1289254]]}},{"type":"Feature","id":"way/1525700751/road","properties":{"osm_id":"1525700751","name":"Қонаев көшесі","kind":"road","highway":"secondary","surface":"asphalt","lanes":5.0},"geometry":{"type":"LineString","coordinates":[[71.4332162,51.1303181],[71.4329775,51.1303553],[71.4320016,51.1305034]]}},{"type":"Feature","id":"way/1525700752/road","properties":{"osm_id":"1525700752","name":null,"kind":"road","highway":"footway","surface":null,"lanes":null},"geometry":{"type":"LineString","coordinates":[[71.4390882,51.1295948],[71.4389591,51.1295585],[71.4388216,51.1295413],[71.438649,51.1295613]]}},{"type":"Feature","id":"way/1525700753/road","properties":{"osm_id":"1525700753","name":"Қонаев көшесі","kind":"road","highway":"secondary","surface":"asphalt","lanes":5.0},"geometry":{"type":"LineString","coordinates":[[71.4386104,51.1294744],[71.4379549,51.1295763],[71.4373625,51.1296684]]}},{"type":"Feature","id":"way/1525700754/road","properties":{"osm_id":"1525700754","name":null,"kind":"road","highway":"cycleway","surface":null,"lanes":null},"geometry":{"type":"LineString","coordinates":[[71.438649,51.1295613],[71.4383787,51.1296621],[71.4379386,51.1297165],[71.4378252,51.1297104],[71.4374708,51.129766]]}},{"type":"Feature","id":"way/1525700755/road","properties":{"osm_id":"1525700755","name":"Қонаев көшесі","kind":"road","highway":"secondary","surface":"asphalt","lanes":5.0},"geometry":{"type":"LineString","coordinates":[[71.4373625,51.1296684],[71.4365553,51.1297939]]}},{"type":"Feature","id":"way/1525700756/road","properties":{"osm_id":"1525700756","name":null,"kind":"road","highway":"service","surface":null,"lanes":null},"geometry":{"type":"LineString","coordinates":[[71.4373979,51.1298276],[71.4375438,51.1298824],[71.4386484,51.1297164],[71.4388753,51.129768],[71.4391131,51.1303159],[71.439391,51.1309255],[71.4393684,51.1310959],[71.4393899,51.1311867],[71.439518,51.1313295]]}},{"type":"Feature","id":"way/1525700757/road","properties":{"osm_id":"1525700757","name":"Қонаев көшесі","kind":"road","highway":"secondary","surface":"asphalt","lanes":5.0},"geometry":{"type":"LineString","coordinates":[[71.4365553,51.1297939],[71.4361852,51.1298515],[71.4360808,51.1298677]]}},{"type":"Feature","id":"way/1525700758/road","properties":{"osm_id":"1525700758","name":null,"kind":"road","highway":"service","surface":null,"lanes":null},"geometry":{"type":"LineString","coordinates":[[71.4361279,51.1300173],[71.4362895,51.1300775],[71.4372539,51.1299289],[71.4373979,51.1298276]]}},{"type":"Feature","id":"way/1525700760/road","properties":{"osm_id":"1525700760","name":"Қонаев көшесі","kind":"road","highway":"secondary","surface":"asphalt","lanes":5.0},"geometry":{"type":"LineString","coordinates":[[71.4360808,51.1298677],[71.4352485,51.1299971]]}},{"type":"Feature","id":"way/1525700761/road","properties":{"osm_id":"1525700761","name":null,"kind":"road","highway":"footway","surface":null,"lanes":null},"geometry":{"type":"LineString","coordinates":[[71.4374708,51.129766],[71.4373948,51.1298144],[71.4372385,51.1298372]]}},{"type":"Feature","id":"way/1525700766/road","properties":{"osm_id":"1525700766","name":"Қонаев көшесі","kind":"road","highway":"secondary","surface":"asphalt","lanes":5.0},"geometry":{"type":"LineString","coordinates":[[71.4352485,51.1299971],[71.4348365,51.1300611]]}},{"type":"Feature","id":"way/1525700767/road","properties":{"osm_id":"1525700767","name":"Қонаев көшесі","kind":"road","highway":"secondary","surface":"asphalt","lanes":5.0},"geometry":{"type":"LineString","coordinates":[[71.4348365,51.1300611],[71.4334661,51.1302798],[71.4332162,51.1303181]]}},{"type":"Feature","id":"way/1525700768/road","properties":{"osm_id":"1525700768","name":null,"kind":"road","highway":"service","surface":null,"lanes":null},"geometry":{"type":"LineString","coordinates":[[71.4353069,51.1302333],[71.4356386,51.1310472]]}},{"type":"Feature","id":"way/1525700769/road","properties":{"osm_id":"1525700769","name":null,"kind":"road","highway":"footway","surface":null,"lanes":null},"geometry":{"type":"LineString","coordinates":[[71.433501,51.1303657],[71.4334661,51.1302798],[71.4334021,51.1301224]]}},{"type":"Feature","id":"way/1525700770/road","properties":{"osm_id":"1525700770","name":null,"kind":"road","highway":"footway","surface":null,"lanes":null},"geometry":{"type":"LineString","coordinates":[[71.4334021,51.1301224],[71.4335852,51.1300701]]}},{"type":"Feature","id":"way/1525700775/road","properties":{"osm_id":"1525700775","name":null,"kind":"road","highway":"cycleway","surface":null,"lanes":null},"geometry":{"type":"LineString","coordinates":[[71.4332728,51.1301428],[71.4334021,51.1301224]]}},{"type":"Feature","id":"way/1525700776/road","properties":{"osm_id":"1525700776","name":null,"kind":"road","highway":"footway","surface":null,"lanes":null},"geometry":{"type":"LineString","coordinates":[[71.4330213,51.1301732],[71.4331531,51.1301522],[71.4332728,51.1301428]]}},{"type":"Feature","id":"way/1525700777/road","properties":{"osm_id":"1525700777","name":null,"kind":"road","highway":"footway","surface":null,"lanes":null},"geometry":{"type":"LineString","coordinates":[[71.4334005,51.1304579],[71.4332807,51.130473],[71.4331607,51.1304908]]}},{"type":"Feature","id":"way/1525700778/road","properties":{"osm_id":"1525700778","name":null,"kind":"road","highway":"footway","surface":null,"lanes":null},"geometry":{"type":"LineString","coordinates":[[71.4329423,51.1302776],[71.4329775,51.1303553],[71.4330201,51.1304377]]}},{"type":"Feature","id":"way/1525700779/road","properties":{"osm_id":"1525700779","name":null,"kind":"road","highway":"pedestrian","surface":"paving_stones","lanes":null},"geometry":{"type":"LineString","coordinates":[[71.4327798,51.1303059],[71.4328955,51.1302874],[71.4329423,51.1302776],[71.4329747,51.1302608],[71.4330029,51.1302386],[71.4330174,51.1302059],[71.4330213,51.1301732],[71.4330144,51.1301347],[71.4330018,51.1301367],[71.4329874,51.1301389],[71.4328742,51.1301564],[71.432847,51.1301606],[71.4328287,51.1301635],[71.4317614,51.1303287],[71.4317665,51.1303417],[71.4317722,51.1303561],[71.4327399,51.1302131],[71.4327798,51.1303059]]}},{"type":"Feature","id":"way/1525700781/road","properties":{"osm_id":"1525700781","name":null,"kind":"road","highway":"pedestrian","surface":"paving_stones","lanes":null},"geometry":{"type":"LineString","coordinates":[[71.4297675,51.130756],[71.4297292,51.1307601],[71.4296919,51.1307595],[71.4296569,51.1307558],[71.429615,51.1307415],[71.4295831,51.1307194],[71.4295678,51.1306999],[71.4295513,51.130662],[71.4295597,51.1306608],[71.4295683,51.1306596],[71.4296965,51.1306411],[71.4297211,51.1306376],[71.4297442,51.1306343],[71.4308195,51.1304796],[71.4308249,51.1304951],[71.4308309,51.1305124],[71.4297695,51.1306646],[71.4298001,51.1307502],[71.4297675,51.130756]]}},{"type":"Feature","id":"way/1525700782/road","properties":{"osm_id":"1525700782","name":"Қонаев көшесі","kind":"road","highway":"secondary","surface":"asphalt","lanes":5.0},"geometry":{"type":"LineString","coordinates":[[71.4307735,51.1306882],[71.4298213,51.130834]]}},{"type":"Feature","id":"way/1525700783/road","properties":{"osm_id":"1525700783","name":"Қонаев көшесі","kind":"road","highway":"secondary","surface":"asphalt","lanes":5.0},"geometry":{"type":"LineString","coordinates":[[71.4320016,51.1305034],[71.4307735,51.1306882]]}},{"type":"Feature","id":"way/1525700784/road","properties":{"osm_id":"1525700784","name":null,"kind":"road","highway":"cycleway","surface":null,"lanes":null},"geometry":{"type":"LineString","coordinates":[[71.4317761,51.1307861],[71.4315977,51.1308174],[71.4313861,51.1308545],[71.431229,51.130882]]}},{"type":"Feature","id":"way/1525700785/road","properties":{"osm_id":"1525700785","name":null,"kind":"road","highway":"cycleway","surface":null,"lanes":null},"geometry":{"type":"LineString","coordinates":[[71.4300952,51.1310664],[71.4298884,51.1310252]]}},{"type":"Feature","id":"way/1525700786/road","properties":{"osm_id":"1525700786","name":null,"kind":"road","highway":"footway","surface":null,"lanes":null},"geometry":{"type":"LineString","coordinates":[[71.4300952,51.1310664],[71.4299148,51.131096]]}},{"type":"Feature","id":"way/1525700791/road","properties":{"osm_id":"1525700791","name":null,"kind":"road","highway":"footway","surface":null,"lanes":null},"geometry":{"type":"LineString","coordinates":[[71.425984,51.1313395],[71.425955,51.1312446]]}},{"type":"Feature","id":"way/1525700796/road","properties":{"osm_id":"1525700796","name":"Қонаев көшесі","kind":"road","highway":"secondary","surface":"asphalt","lanes":4.0},"geometry":{"type":"LineString","coordinates":[[71.4286162,51.1310265],[71.427551,51.1311966]]}},{"type":"Feature","id":"way/1525700797/road","properties":{"osm_id":"1525700797","name":"Қонаев көшесі","kind":"road","highway":"secondary","surface":"asphalt","lanes":4.0},"geometry":{"type":"LineString","coordinates":[[71.427551,51.1311966],[71.4268353,51.1313109]]}},{"type":"Feature","id":"way/1525700798/road","properties":{"osm_id":"1525700798","name":"Қонаев көшесі","kind":"road","highway":"secondary","surface":"asphalt","lanes":4.0},"geometry":{"type":"LineString","coordinates":[[71.4249316,51.131613],[71.4224946,51.1319997],[71.4219356,51.1320884],[71.4215055,51.1321567]]}},{"type":"Feature","id":"way/1525700827/road","properties":{"osm_id":"1525700827","name":null,"kind":"road","highway":"cycleway","surface":null,"lanes":null},"geometry":{"type":"LineString","coordinates":[[71.4204403,51.1324263],[71.4203299,51.1325465],[71.4194342,51.1326915],[71.4171043,51.1330582],[71.4164197,51.1331659],[71.4155023,51.1333103],[71.4152844,51.1333446],[71.4150924,51.1333104],[71.4148187,51.1333488]]}},{"type":"Feature","id":"way/1525700828/road","properties":{"osm_id":"1525700828","name":null,"kind":"road","highway":"footway","surface":"paving_stones","lanes":null},"geometry":{"type":"LineString","coordinates":[[71.4204403,51.1324263],[71.4194777,51.1325738],[71.4187191,51.1326901],[71.4184687,51.1327285],[71.4183142,51.1327668],[71.4181528,51.132792],[71.4170677,51.132961],[71.4163791,51.1330639],[71.415458,51.1332015],[71.4147982,51.1333001]]}},{"type":"Feature","id":"way/1525700829/road","properties":{"osm_id":"1525700829","name":null,"kind":"road","highway":"cycleway","surface":"paving_stones","lanes":null},"geometry":{"type":"LineString","coordinates":[[71.4219663,51.1321959],[71.4216479,51.1322413],[71.4215511,51.1322564],[71.4208387,51.1323643],[71.4206065,51.1324008],[71.4204403,51.1324263]]}},{"type":"Feature","id":"way/1525700830/road","properties":{"osm_id":"1525700830","name":null,"kind":"road","highway":"cycleway","surface":null,"lanes":null},"geometry":{"type":"LineString","coordinates":[[71.4267599,51.1314138],[71.426706,51.1315542],[71.4263313,51.1316163],[71.4254439,51.1317524],[71.4221615,51.1322559],[71.4219663,51.1321959]]}},{"type":"Feature","id":"way/1525700831/road","properties":{"osm_id":"1525700831","name":null,"kind":"road","highway":"footway","surface":null,"lanes":null},"geometry":{"type":"LineString","coordinates":[[71.4219571,51.1321422],[71.4219356,51.1320884],[71.4218994,51.1319974]]}},{"type":"Feature","id":"way/1525700833/road","properties":{"osm_id":"1525700833","name":null,"kind":"road","highway":"footway","surface":null,"lanes":null},"geometry":{"type":"LineString","coordinates":[[71.4218994,51.1319974],[71.4218558,51.1318855],[71.421805,51.1317551]]}},{"type":"Feature","id":"way/1525700834/road","properties":{"osm_id":"1525700834","name":null,"kind":"road","highway":"footway","surface":null,"lanes":null},"geometry":{"type":"LineString","coordinates":[[71.4219571,51.1321422],[71.4219663,51.1321959]]}},{"type":"Feature","id":"way/1525700836/road","properties":{"osm_id":"1525700836","name":null,"kind":"road","highway":"cycleway","surface":"paving_stones","lanes":null},"geometry":{"type":"LineString","coordinates":[[71.4293849,51.1310182],[71.4289017,51.1310907],[71.4277862,51.131258],[71.4269593,51.1313839]]}},{"type":"Feature","id":"way/1525700837/road","properties":{"osm_id":"1525700837","name":null,"kind":"road","highway":"footway","surface":"paving_stones","lanes":null},"geometry":{"type":"LineString","coordinates":[[71.4269593,51.1313839],[71.4268697,51.131397],[71.4268023,51.1314073]]}},{"type":"Feature","id":"way/1525799964/road","properties":{"osm_id":"1525799964","name":null,"kind":"road","highway":"service","surface":null,"lanes":null},"geometry":{"type":"LineString","coordinates":[[71.4345243,51.1213913],[71.434283,51.1215966],[71.4340818,51.1216926],[71.433894,51.1217549],[71.4337572,51.1217347],[71.4336861,51.121568]]}},{"type":"Feature","id":"way/1527802814/road","properties":{"osm_id":"1527802814","name":null,"kind":"road","highway":"service","surface":null,"lanes":null},"geometry":{"type":"LineString","coordinates":[[71.4265005,51.1284036],[71.4264748,51.128349],[71.4263195,51.1278943],[71.4264026,51.1278118],[71.4267406,51.127758]]}},{"type":"Feature","id":"way/1527868396/road","properties":{"osm_id":"1527868396","name":null,"kind":"road","highway":"footway","surface":null,"lanes":null},"geometry":{"type":"LineString","coordinates":[[71.434501,51.1330863],[71.4345735,51.1330812]]}},{"type":"Feature","id":"way/1527868399/road","properties":{"osm_id":"1527868399","name":null,"kind":"road","highway":"footway","surface":null,"lanes":null},"geometry":{"type":"LineString","coordinates":[[71.4345393,51.133496],[71.4343917,51.1335245]]}},{"type":"Feature","id":"way/1527868401/road","properties":{"osm_id":"1527868401","name":null,"kind":"road","highway":"secondary_link","surface":null,"lanes":null},"geometry":{"type":"LineString","coordinates":[[71.4343768,51.1331063],[71.4344371,51.133147],[71.4345046,51.1331821],[71.4345864,51.1331875],[71.4346639,51.1331902],[71.4347877,51.1331871]]}},{"type":"Feature","id":"way/1527868404/road","properties":{"osm_id":"1527868404","name":"Родниковая көшесі","kind":"road","highway":"residential","surface":null,"lanes":null},"geometry":{"type":"LineString","coordinates":[[71.4342598,51.1385859],[71.4337324,51.1384265]]}},{"type":"Feature","id":"way/1527868405/road","properties":{"osm_id":"1527868405","name":null,"kind":"road","highway":"footway","surface":null,"lanes":null},"geometry":{"type":"LineString","coordinates":[[71.4345454,51.138474],[71.4345224,51.1385098],[71.4344921,51.1385544]]}},{"type":"Feature","id":"way/1527868406/road","properties":{"osm_id":"1527868406","name":null,"kind":"road","highway":"footway","surface":null,"lanes":null},"geometry":{"type":"LineString","coordinates":[[71.4345454,51.138474],[71.4343892,51.1384395],[71.4342659,51.1384123]]}},{"type":"Feature","id":"way/1527868414/road","properties":{"osm_id":"1527868414","name":null,"kind":"road","highway":"footway","surface":null,"lanes":null},"geometry":{"type":"LineString","coordinates":[[71.4356593,51.1360261],[71.4355236,51.136028],[71.4353719,51.1360301]]}},{"type":"Feature","id":"way/1527868415/road","properties":{"osm_id":"1527868415","name":null,"kind":"road","highway":"footway","surface":null,"lanes":null},"geometry":{"type":"LineString","coordinates":[[71.4353719,51.1360301],[71.4353648,51.1362905],[71.4353461,51.1363921],[71.4351096,51.1369635],[71.4350416,51.1370996],[71.4349101,51.1373981],[71.4348617,51.1374935],[71.434791,51.1376382],[71.4347385,51.1377143],[71.4346802,51.1378074],[71.4344776,51.1381311],[71.4342659,51.1384123],[71.4341711,51.1385007]]}},{"type":"Feature","id":"way/1527868416/road","properties":{"osm_id":"1527868416","name":null,"kind":"road","highway":"service","surface":null,"lanes":null},"geometry":{"type":"LineString","coordinates":[[71.4352324,51.1378265],[71.4350013,51.137775],[71.434855,51.1377423]]}},{"type":"Feature","id":"way/1527868422/road","properties":{"osm_id":"1527868422","name":"Арай көшесі","kind":"road","highway":"tertiary","surface":null,"lanes":4.0},"geometry":{"type":"LineString","coordinates":[[71.4346835,51.1338423],[71.4345653,51.1335586],[71.4345393,51.133496],[71.4344718,51.1333338]]}},{"type":"Feature","id":"way/1527868423/road","properties":{"osm_id":"1527868423","name":null,"kind":"road","highway":"service","surface":null,"lanes":null},"geometry":{"type":"LineString","coordinates":[[71.4343202,51.1339103],[71.4340874,51.1339455],[71.4339807,51.1340442],[71.4340709,51.1342564]]}},{"type":"Feature","id":"way/1527868424/road","properties":{"osm_id":"1527868424","name":null,"kind":"road","highway":"service","surface":null,"lanes":null},"geometry":{"type":"LineString","coordinates":[[71.4401321,51.1383505],[71.4398598,51.1390612],[71.4391691,51.1389734]]}},{"type":"Feature","id":"way/1527868426/road","properties":{"osm_id":"1527868426","name":null,"kind":"road","highway":"cycleway","surface":null,"lanes":null},"geometry":{"type":"LineString","coordinates":[[71.4386635,51.1341391],[71.4386977,51.1341937],[71.4387302,51.1342103]]}},{"type":"Feature","id":"way/1527868427/road","properties":{"osm_id":"1527868427","name":null,"kind":"road","highway":"footway","surface":null,"lanes":null},"geometry":{"type":"LineString","coordinates":[[71.4387796,51.1360003],[71.4390219,51.1359725],[71.4391846,51.1360542],[71.4393824,51.1361485]]}},{"type":"Feature","id":"way/1527868432/road","properties":{"osm_id":"1527868432","name":null,"kind":"road","highway":"footway","surface":null,"lanes":null},"geometry":{"type":"LineString","coordinates":[[71.4337349,51.1337547],[71.4337854,51.1337471],[71.4343421,51.1336634],[71.4344278,51.1338776],[71.4344325,51.1338893],[71.434672,51.1344831],[71.4346904,51.1345447],[71.434827,51.1345395],[71.4348827,51.1345605],[71.4349412,51.1346566],[71.4350828,51.1349837],[71.4350977,51.1350181],[71.4353314,51.1356778],[71.4353488,51.1357613],[71.4353704,51.1359279],[71.4353719,51.1360301]]}},{"type":"Feature","id":"way/1527868439/road","properties":{"osm_id":"1527868439","name":"Түркістан көшесі","kind":"road","highway":"secondary","surface":"asphalt","lanes":6.0},"geometry":{"type":"LineString","coordinates":[[71.4343768,51.1331063],[71.4341204,51.1324898]]}},{"type":"Feature","id":"way/1527868440/road","properties":{"osm_id":"1527868440","name":null,"kind":"road","highway":"footway","surface":null,"lanes":null},"geometry":{"type":"LineString","coordinates":[[71.4343768,51.1331063],[71.434501,51.1330863]]}},{"type":"Feature","id":"way/1527868441/road","properties":{"osm_id":"1527868441","name":"Түркістан көшесі","kind":"road","highway":"secondary","surface":"asphalt","lanes":5.0},"geometry":{"type":"LineString","coordinates":[[71.4344378,51.1332524],[71.4343768,51.1331063]]}},{"type":"Feature","id":"way/1527868444/road","properties":{"osm_id":"1527868444","name":"Түркістан көшесі","kind":"road","highway":"secondary","surface":"asphalt","lanes":4.0},"geometry":{"type":"LineString","coordinates":[[71.4340224,51.1322544],[71.4340026,51.1322069]]}},{"type":"Feature","id":"way/1527868446/road","properties":{"osm_id":"1527868446","name":null,"kind":"road","highway":"service","surface":null,"lanes":null},"geometry":{"type":"LineString","coordinates":[[71.4336474,51.1313538],[71.4338074,51.1314193],[71.4340979,51.1321153],[71.4340026,51.1322069]]}},{"type":"Feature","id":"way/1527868447/road","properties":{"osm_id":"1527868447","name":"Түркістан көшесі","kind":"road","highway":"secondary","surface":"asphalt","lanes":4.0},"geometry":{"type":"LineString","coordinates":[[71.4336474,51.1313538],[71.4336015,51.1312436]]}},{"type":"Feature","id":"way/1527868448/road","properties":{"osm_id":"1527868448","name":"Түркістан көшесі","kind":"road","highway":"secondary","surface":"asphalt","lanes":5.0},"geometry":{"type":"LineString","coordinates":[[71.4334993,51.1309979],[71.4332807,51.130473],[71.4332162,51.1303181]]}},{"type":"Feature","id":"way/1527868449/road","properties":{"osm_id":"1527868449","name":"Түркістан көшесі","kind":"road","highway":"secondary","surface":"asphalt","lanes":4.0},"geometry":{"type":"LineString","coordinates":[[71.4340026,51.1322069],[71.4338966,51.1319523]]}},{"type":"Feature","id":"way/1527868450/road","properties":{"osm_id":"1527868450","name":"Түркістан көшесі","kind":"road","highway":"secondary","surface":"asphalt","lanes":4.0},"geometry":{"type":"LineString","coordinates":[[71.4338966,51.1319523],[71.4337961,51.131711],[71.4336474,51.1313538]]}},{"type":"Feature","id":"way/1527868451/road","properties":{"osm_id":"1527868451","name":null,"kind":"road","highway":"service","surface":null,"lanes":null},"geometry":{"type":"LineString","coordinates":[[71.4342243,51.13222],[71.4340224,51.1322544]]}},{"type":"Feature","id":"way/1527868456/road","properties":{"osm_id":"1527868456","name":null,"kind":"road","highway":"footway","surface":null,"lanes":null},"geometry":{"type":"LineString","coordinates":[[71.4340443,51.1331605],[71.4338185,51.1325685],[71.4338032,51.1325284],[71.4337927,51.1325019],[71.4336196,51.1320676],[71.4335992,51.1320164],[71.4335907,51.1319866],[71.4335369,51.1317975],[71.433527,51.1317629]]}},{"type":"Feature","id":"way/1527868463/road","properties":{"osm_id":"1527868463","name":"Түркістан көшесі","kind":"road","highway":"secondary","surface":"asphalt","lanes":4.0},"geometry":{"type":"LineString","coordinates":[[71.4336015,51.1312436],[71.4334993,51.1309979]]}},{"type":"Feature","id":"way/1527868464/road","properties":{"osm_id":"1527868464","name":null,"kind":"road","highway":"footway","surface":null,"lanes":null},"geometry":{"type":"LineString","coordinates":[[71.4321761,51.1280258],[71.4322999,51.1280003],[71.4323937,51.1279873]]}},{"type":"Feature","id":"way/1527868465/road","properties":{"osm_id":"1527868465","name":"Түркістан көшесі","kind":"road","highway":"secondary","surface":"asphalt","lanes":5.0},"geometry":{"type":"LineString","coordinates":[[71.4332162,51.1303181],[71.4331531,51.1301522],[71.4330432,51.1298679],[71.4327922,51.1292152]]}},{"type":"Feature","id":"way/1527868466/road","properties":{"osm_id":"1527868466","name":"Түркістан көшесі","kind":"road","highway":"secondary","surface":"asphalt","lanes":4.0},"geometry":{"type":"LineString","coordinates":[[71.4327922,51.1292152],[71.4325228,51.1285504],[71.4322999,51.1280003],[71.4320742,51.1274432]]}},{"type":"Feature","id":"way/1527868467/road","properties":{"osm_id":"1527868467","name":"Түркістан көшесі","kind":"road","highway":"secondary","surface":"asphalt","lanes":5.0},"geometry":{"type":"LineString","coordinates":[[71.4317544,51.126643],[71.431583,51.126187],[71.4315584,51.1261216]]}},{"type":"Feature","id":"way/1527868468/road","properties":{"osm_id":"1527868468","name":null,"kind":"road","highway":"footway","surface":"paving_stones","lanes":null},"geometry":{"type":"LineString","coordinates":[[71.4315501,51.1258344],[71.4314526,51.1258505],[71.4313304,51.1258691]]}},{"type":"Feature","id":"way/1527868469/road","properties":{"osm_id":"1527868469","name":"Түркістан көшесі","kind":"road","highway":"secondary","surface":"asphalt","lanes":5.0},"geometry":{"type":"LineString","coordinates":[[71.4315584,51.1261216],[71.4314526,51.1258505],[71.4314036,51.1257251]]}},{"type":"Feature","id":"way/1527868470/road","properties":{"osm_id":"1527868470","name":"Түркістан көшесі","kind":"road","highway":"secondary","surface":"asphalt","lanes":4.0},"geometry":{"type":"LineString","coordinates":[[71.4319473,51.1271301],[71.4318923,51.1269942],[71.4317544,51.126643]]}},{"type":"Feature","id":"way/1527868471/road","properties":{"osm_id":"1527868471","name":"Түркістан көшесі","kind":"road","highway":"secondary","surface":"asphalt","lanes":4.0},"geometry":{"type":"LineString","coordinates":[[71.4320742,51.1274432],[71.4319983,51.1272557],[71.4319473,51.1271301]]}},{"type":"Feature","id":"way/1527868478/road","properties":{"osm_id":"1527868478","name":null,"kind":"road","highway":"pedestrian","surface":"paving_stones","lanes":null},"geometry":{"type":"LineString","coordinates":[[71.4301132,51.1260973],[71.4301065,51.1260786],[71.4300958,51.1260486],[71.4300937,51.1260191],[71.4301114,51.1259918],[71.4301419,51.125974],[71.4301809,51.1259609],[71.4302502,51.1259514],[71.4303416,51.1259496],[71.430426,51.1259504],[71.430735,51.1259029],[71.4307754,51.1258845],[71.4308319,51.1258634],[71.4309006,51.1258436],[71.4311145,51.1258082],[71.4311788,51.1258019],[71.4312332,51.1258047],[71.4312753,51.1258182],[71.4313056,51.1258385],[71.4313304,51.1258691],[71.4313551,51.1259242],[71.4313445,51.1259261],[71.4313368,51.1259276],[71.4312214,51.1259478],[71.4311952,51.1259515],[71.4311808,51.1259535],[71.4311698,51.1259274],[71.4301132,51.1260973]]}},{"type":"Feature","id":"way/1527868483/road","properties":{"osm_id":"1527868483","name":"Түркістан көшесі","kind":"road","highway":"secondary","surface":"asphalt","lanes":5.0},"geometry":{"type":"LineString","coordinates":[[71.4307437,51.1240313],[71.430667,51.1238344]]}},{"type":"Feature","id":"way/1527868484/road","properties":{"osm_id":"1527868484","name":null,"kind":"road","highway":"footway","surface":null,"lanes":null},"geometry":{"type":"LineString","coordinates":[[71.4305569,51.1231883],[71.4304234,51.1232092],[71.4302943,51.1232295]]}},{"type":"Feature","id":"way/1527868485/road","properties":{"osm_id":"1527868485","name":"Түркістан көшесі","kind":"road","highway":"secondary","surface":"asphalt","lanes":5.0},"geometry":{"type":"LineString","coordinates":[[71.4311827,51.1251581],[71.4311401,51.1250488]]}},{"type":"Feature","id":"way/1527868486/road","properties":{"osm_id":"1527868486","name":"Түркістан көшесі","kind":"road","highway":"secondary","surface":"asphalt","lanes":5.0},"geometry":{"type":"LineString","coordinates":[[71.4311146,51.1249832],[71.4308161,51.124216]]}},{"type":"Feature","id":"way/1527868487/road","properties":{"osm_id":"1527868487","name":"Түркістан көшесі","kind":"road","highway":"secondary","surface":"asphalt","lanes":5.0},"geometry":{"type":"LineString","coordinates":[[71.4311401,51.1250488],[71.4311146,51.1249832]]}},{"type":"Feature","id":"way/1527868489/road","properties":{"osm_id":"1527868489","name":"Түркістан көшесі","kind":"road","highway":"secondary","surface":"asphalt","lanes":5.0},"geometry":{"type":"LineString","coordinates":[[71.4308161,51.124216],[71.4307437,51.1240313]]}},{"type":"Feature","id":"way/1527868490/road","properties":{"osm_id":"1527868490","name":null,"kind":"road","highway":"service","surface":"asphalt","lanes":null},"geometry":{"type":"LineString","coordinates":[[71.4312008,51.1241606],[71.4316225,51.1240952],[71.4323567,51.1239814],[71.4326736,51.1239323],[71.4327878,51.1239533],[71.4328362,51.1240089],[71.4328511,51.1240481],[71.4332522,51.125097],[71.4333376,51.1251493],[71.4334373,51.1252027],[71.4336198,51.1253004]]}},{"type":"Feature","id":"way/1527868491/road","properties":{"osm_id":"1527868491","name":"Түркістан көшесі","kind":"road","highway":"secondary","surface":"asphalt","lanes":5.0},"geometry":{"type":"LineString","coordinates":[[71.430667,51.1238344],[71.4305798,51.1236105],[71.4304926,51.1233867]]}},{"type":"Feature","id":"way/1527868492/road","properties":{"osm_id":"1527868492","name":"Түркістан көшесі","kind":"road","highway":"secondary","surface":"asphalt","lanes":5.0},"geometry":{"type":"LineString","coordinates":[[71.4304926,51.1233867],[71.4304234,51.1232092],[71.4304023,51.1231551],[71.4303702,51.1230726]]}},{"type":"Feature","id":"way/1527868500/road","properties":{"osm_id":"1527868500","name":null,"kind":"road","highway":"service","surface":null,"lanes":null},"geometry":{"type":"LineString","coordinates":[[71.4319274,51.1230532],[71.4319011,51.1229897],[71.431838,51.1228375]]}},{"type":"Feature","id":"way/1527868506/road","properties":{"osm_id":"1527868506","name":null,"kind":"road","highway":"cycleway","surface":null,"lanes":null},"geometry":{"type":"LineString","coordinates":[[71.4303972,51.1225926],[71.4303835,51.1225558],[71.430054,51.1216671],[71.4298829,51.1212058],[71.4297034,51.1207216],[71.4296505,51.1207025],[71.429609,51.120589],[71.4296474,51.1205707]]}},{"type":"Feature","id":"way/1527868511/road","properties":{"osm_id":"1527868511","name":null,"kind":"road","highway":"footway","surface":null,"lanes":null},"geometry":{"type":"LineString","coordinates":[[71.4305639,51.1227699],[71.4305851,51.1228294],[71.4306554,51.1230269],[71.4306667,51.1230585]]}},{"type":"Feature","id":"way/1527868512/road","properties":{"osm_id":"1527868512","name":null,"kind":"road","highway":"footway","surface":null,"lanes":null},"geometry":{"type":"LineString","coordinates":[[71.4304374,51.1227016],[71.4304523,51.1226765],[71.4304682,51.1226497]]}},{"type":"Feature","id":"way/1527868513/road","properties":{"osm_id":"1527868513","name":null,"kind":"road","highway":"footway","surface":null,"lanes":null},"geometry":{"type":"LineString","coordinates":[[71.4300931,51.1228692],[71.4300508,51.1228034]]}},{"type":"Feature","id":"way/1527868514/road","properties":{"osm_id":"1527868514","name":null,"kind":"road","highway":"footway","surface":null,"lanes":null},"geometry":{"type":"LineString","coordinates":[[71.4301862,51.1231012],[71.4302118,51.123166]]}},{"type":"Feature","id":"way/1527868520/road","properties":{"osm_id":"1527868520","name":"Түркістан көшесі","kind":"road","highway":"secondary","surface":"asphalt","lanes":4.0},"geometry":{"type":"LineString","coordinates":[[71.4296083,51.1211481],[71.4295066,51.1208912]]}},{"type":"Feature","id":"way/1527868521/road","properties":{"osm_id":"1527868521","name":"Түркістан көшесі","kind":"road","highway":"secondary","surface":"asphalt","lanes":4.0},"geometry":{"type":"LineString","coordinates":[[71.4295066,51.1208912],[71.4294318,51.1207023]]}},{"type":"Feature","id":"way/1527868522/road","properties":{"osm_id":"1527868522","name":"Түркістан көшесі","kind":"road","highway":"secondary","surface":"asphalt","lanes":4.0},"geometry":{"type":"LineString","coordinates":[[71.429647,51.121246],[71.4296083,51.1211481]]}},{"type":"Feature","id":"way/1527868523/road","properties":{"osm_id":"1527868523","name":"Түркістан көшесі","kind":"road","highway":"secondary","surface":"asphalt","lanes":4.0},"geometry":{"type":"LineString","coordinates":[[71.4294318,51.1207023],[71.429364,51.1205311]]}},{"type":"Feature","id":"way/1527868524/road","properties":{"osm_id":"1527868524","name":null,"kind":"road","highway":"service","surface":"asphalt","lanes":null},"geometry":{"type":"LineString","coordinates":[[71.4292885,51.1203406],[71.429087,51.1202477],[71.4289808,51.1199571],[71.4290793,51.1198129]]}},{"type":"Feature","id":"way/1527868527","properties":{"osm_id":"1527868527","name":null,"kind":"building","building":"yes","height_m":12.0,"height_source":"visual-fallback:12m","levels":null},"geometry":{"type":"Polygon","coordinates":[[[71.4285113,51.11999],[71.4284634,51.119871],[71.4283806,51.1198841],[71.4284285,51.1200031],[71.4285113,51.11999]]]}},{"type":"Feature","id":"way/1527868540/road","properties":{"osm_id":"1527868540","name":null,"kind":"road","highway":"footway","surface":null,"lanes":null},"geometry":{"type":"LineString","coordinates":[[71.4294426,51.120366],[71.4293058,51.1203842],[71.4291811,51.1204007]]}},{"type":"Feature","id":"way/1530050668","properties":{"osm_id":"1530050668","name":null,"kind":"building","building":"yes","height_m":27.0,"height_source":"osm:building:levels×3m","levels":9.0},"geometry":{"type":"Polygon","coordinates":[[[71.4353241,51.123503],[71.4355053,51.1233148],[71.4356481,51.123369],[71.4358245,51.1233417],[71.4359381,51.1233849],[71.4360287,51.1233708],[71.4360062,51.1233136],[71.4359556,51.1231846],[71.4358127,51.1232067],[71.4357805,51.1231248],[71.4354065,51.1229828],[71.4352817,51.1230021],[71.4352535,51.1229301],[71.4350456,51.1229623],[71.4349415,51.1229783],[71.4349628,51.1230324],[71.4350924,51.1230816],[71.4351277,51.1231715],[71.4352723,51.1232264],[71.4350911,51.1234145],[71.4353241,51.123503]]]}},{"type":"Feature","id":"way/1530050669","properties":{"osm_id":"1530050669","name":"Евроцентр","kind":"building","building":"office","height_m":12.0,"height_source":"visual-fallback:12m","levels":null},"geometry":{"type":"Polygon","coordinates":[[[71.4341475,51.1233454],[71.433983,51.1229055],[71.4340602,51.1228941],[71.4340516,51.1228712],[71.4340771,51.1228181],[71.4341414,51.1227801],[71.4342275,51.1227674],[71.4343121,51.1227834],[71.4343727,51.1228238],[71.4344709,51.1230856],[71.4343938,51.123098],[71.4344685,51.123298],[71.4344431,51.1233511],[71.4343787,51.1233891],[71.4342927,51.1234018],[71.4342081,51.1233859],[71.4341475,51.1233454]]]}},{"type":"Feature","id":"way/1530050670","properties":{"osm_id":"1530050670","name":"Санкт-Петербург","kind":"building","building":"office","height_m":12.0,"height_source":"visual-fallback:12m","levels":null},"geometry":{"type":"Polygon","coordinates":[[[71.4357418,51.1245942],[71.4357508,51.1246158],[71.4357586,51.1246348],[71.4357899,51.1246668],[71.4358436,51.1246982],[71.4359045,51.1247154],[71.4359707,51.1247207],[71.4360365,51.1247135],[71.4360961,51.1246945],[71.4361441,51.1246654],[71.4361764,51.1246287],[71.4367182,51.124547],[71.4365923,51.1242181],[71.435532,51.124378],[71.4356217,51.1246123],[71.4357418,51.1245942]]]}},{"type":"Feature","id":"way/1530050671/road","properties":{"osm_id":"1530050671","name":null,"kind":"road","highway":"cycleway","surface":"paving_stones","lanes":null},"geometry":{"type":"LineString","coordinates":[[71.4371856,51.1249673],[71.4371942,51.1250199],[71.4357171,51.1252407],[71.4342218,51.1254665],[71.4328,51.1256767],[71.4318363,51.1258207],[71.4316965,51.1258416],[71.4316263,51.1258381],[71.4315501,51.1258344]]}},{"type":"Feature","id":"way/1530050672","properties":{"osm_id":"1530050672","name":"Москва","kind":"building","building":"office","height_m":75.0,"height_source":"osm:building:levels×3m","levels":25.0},"geometry":{"type":"Polygon","coordinates":[[[71.4338597,51.1249402],[71.4338952,51.1249682],[71.4340303,51.1249722],[71.4344928,51.1249187],[71.4351293,51.1248165],[71.4354308,51.1247475],[71.4352675,51.1242528],[71.4352364,51.1242574],[71.4351666,51.1242677],[71.4351313,51.1241743],[71.4347489,51.1242311],[71.4347842,51.1243245],[71.4345049,51.1243674],[71.4341819,51.1244171],[71.433698,51.1244915],[71.4337259,51.124569],[71.4337135,51.1245948],[71.4337174,51.1246084],[71.4337235,51.1246296],[71.4337566,51.1246543],[71.4338597,51.1249402]]]}},{"type":"Feature","id":"way/1530378825/road","properties":{"osm_id":"1530378825","name":null,"kind":"road","highway":"footway","surface":"paving_stones","lanes":null},"geometry":{"type":"LineString","coordinates":[[71.4315676,51.1254906],[71.4321314,51.1254015],[71.4330645,51.125254],[71.4333141,51.1252196]]}},{"type":"Feature","id":"way/1530378826/road","properties":{"osm_id":"1530378826","name":null,"kind":"road","highway":"service","surface":null,"lanes":null},"geometry":{"type":"LineString","coordinates":[[71.4338781,51.125264],[71.4338375,51.1251476]]}},{"type":"Feature","id":"way/1530378827/road","properties":{"osm_id":"1530378827","name":null,"kind":"road","highway":"service","surface":null,"lanes":null},"geometry":{"type":"LineString","coordinates":[[71.4332522,51.125097],[71.4330117,51.1251358],[71.4321574,51.1252736],[71.432143,51.1253363]]}},{"type":"Feature","id":"way/1530378828/road","properties":{"osm_id":"1530378828","name":null,"kind":"road","highway":"footway","surface":null,"lanes":null},"geometry":{"type":"LineString","coordinates":[[71.4330117,51.1251358],[71.4330386,51.1251961],[71.4330645,51.125254]]}},{"type":"Feature","id":"way/1530378829/road","properties":{"osm_id":"1530378829","name":null,"kind":"road","highway":"footway","surface":"paving_stones","lanes":null},"geometry":{"type":"LineString","coordinates":[[71.4335215,51.1251911],[71.4338375,51.1251476]]}},{"type":"Feature","id":"way/1530378830/road","properties":{"osm_id":"1530378830","name":null,"kind":"road","highway":"footway","surface":null,"lanes":null},"geometry":{"type":"LineString","coordinates":[[71.4333141,51.1252196],[71.4334373,51.1252027],[71.4335215,51.1251911]]}},{"type":"Feature","id":"way/1530378831/road","properties":{"osm_id":"1530378831","name":null,"kind":"road","highway":"footway","surface":null,"lanes":null},"geometry":{"type":"LineString","coordinates":[[71.4329084,51.1240399],[71.4328511,51.1240481],[71.4327925,51.1240565]]}},{"type":"Feature","id":"way/1530378833/road","properties":{"osm_id":"1530378833","name":null,"kind":"road","highway":"footway","surface":"paved","lanes":null},"geometry":{"type":"LineString","coordinates":[[71.4307024,51.1231763],[71.4307167,51.123258],[71.4307314,51.1233416],[71.4309104,51.1238017],[71.4309834,51.1239894],[71.4310533,51.1241415]]}},{"type":"Feature","id":"way/1530378834/road","properties":{"osm_id":"1530378834","name":null,"kind":"road","highway":"footway","surface":null,"lanes":null},"geometry":{"type":"LineString","coordinates":[[71.4310533,51.1241415],[71.4310694,51.1241795],[71.4310803,51.1242057]]}},{"type":"Feature","id":"way/1530378835/road","properties":{"osm_id":"1530378835","name":null,"kind":"road","highway":"footway","surface":null,"lanes":null},"geometry":{"type":"LineString","coordinates":[[71.4313087,51.1242947],[71.4312547,51.1243021],[71.4312016,51.1243093]]}},{"type":"Feature","id":"way/1530378836/road","properties":{"osm_id":"1530378836","name":null,"kind":"road","highway":"footway","surface":null,"lanes":null},"geometry":{"type":"LineString","coordinates":[[71.4312016,51.1243093],[71.4311246,51.1243203]]}},{"type":"Feature","id":"way/1530378838","properties":{"osm_id":"1530378838","name":null,"kind":"building","building":"yes","height_m":12.0,"height_source":"visual-fallback:12m","levels":null},"geometry":{"type":"Polygon","coordinates":[[[71.4305917,51.1212163],[71.4305576,51.1211326],[71.4304336,51.1211529],[71.4304683,51.1212361],[71.4305917,51.1212163]]]}},{"type":"Feature","id":"way/1530378840/road","properties":{"osm_id":"1530378840","name":null,"kind":"road","highway":"footway","surface":null,"lanes":null},"geometry":{"type":"LineString","coordinates":[[71.4262385,51.1211915],[71.426177,51.121253],[71.4260647,51.1213653],[71.4259978,51.1214323]]}},{"type":"Feature","id":"way/1530378845","properties":{"osm_id":"1530378845","name":null,"kind":"building","building":"yes","height_m":12.0,"height_source":"visual-fallback:12m","levels":null},"geometry":{"type":"Polygon","coordinates":[[[71.4259596,51.1243661],[71.4259171,51.1242543],[71.4258209,51.1242687],[71.4258634,51.1243805],[71.4259596,51.1243661]]]}},{"type":"Feature","id":"way/1530378846/road","properties":{"osm_id":"1530378846","name":null,"kind":"road","highway":"footway","surface":null,"lanes":null},"geometry":{"type":"LineString","coordinates":[[71.4231414,51.1275136],[71.4231656,51.1274671],[71.423212,51.1274277],[71.4232758,51.1273995],[71.4232892,51.1273962],[71.4233476,51.1273856],[71.4234227,51.1273861],[71.4234769,51.1273973],[71.423494,51.1274009],[71.4235548,51.1274286],[71.4235993,51.1274666],[71.4236038,51.127475],[71.4236233,51.1275112],[71.4236246,51.1275584],[71.423603,51.1276035],[71.4235855,51.1276194],[71.4235605,51.1276424],[71.4235013,51.1276713],[71.4234308,51.1276876],[71.4233528,51.1276895],[71.4232951,51.1276789],[71.4232779,51.1276758],[71.4232137,51.127648],[71.4231667,51.1276089],[71.4231552,51.1275877],[71.4231417,51.1275626],[71.4231414,51.1275136]]}},{"type":"Feature","id":"way/1530378847/road","properties":{"osm_id":"1530378847","name":null,"kind":"road","highway":"footway","surface":null,"lanes":null},"geometry":{"type":"LineString","coordinates":[[71.4231645,51.1271559],[71.42322,51.1272629],[71.4232892,51.1273962]]}},{"type":"Feature","id":"way/1530378848/road","properties":{"osm_id":"1530378848","name":null,"kind":"road","highway":"footway","surface":null,"lanes":null},"geometry":{"type":"LineString","coordinates":[[71.4227239,51.1272284],[71.4227752,51.127338],[71.4227117,51.1273679]]}},{"type":"Feature","id":"way/1530378849/road","properties":{"osm_id":"1530378849","name":null,"kind":"road","highway":"footway","surface":null,"lanes":null},"geometry":{"type":"LineString","coordinates":[[71.4227752,51.127338],[71.4227997,51.1273696],[71.4228363,51.1273921],[71.4228502,51.1274007],[71.4228972,51.1274193],[71.4229619,51.1274281],[71.4230469,51.1274345],[71.4230893,51.1274421],[71.4231656,51.1274671]]}},{"type":"Feature","id":"way/1530378857/road","properties":{"osm_id":"1530378857","name":null,"kind":"road","highway":"footway","surface":null,"lanes":null},"geometry":{"type":"LineString","coordinates":[[71.4311808,51.1255563],[71.4313281,51.1255313],[71.4315676,51.1254906]]}},{"type":"Feature","id":"way/1530378858/road","properties":{"osm_id":"1530378858","name":null,"kind":"road","highway":"footway","surface":null,"lanes":null},"geometry":{"type":"LineString","coordinates":[[71.431071,51.125587],[71.4311808,51.1255563]]}},{"type":"Feature","id":"way/1530378861","properties":{"osm_id":"1530378861","name":null,"kind":"building","building":"yes","height_m":12.0,"height_source":"visual-fallback:12m","levels":null},"geometry":{"type":"Polygon","coordinates":[[[71.4337618,51.1267623],[71.4337052,51.1266192],[71.4335798,51.1266387],[71.4336363,51.1267818],[71.4337618,51.1267623]]]}},{"type":"Feature","id":"way/1530378862/road","properties":{"osm_id":"1530378862","name":null,"kind":"road","highway":"footway","surface":null,"lanes":null},"geometry":{"type":"LineString","coordinates":[[71.4371017,51.1247515],[71.4370824,51.1247044]]}},{"type":"Feature","id":"way/1530378863/road","properties":{"osm_id":"1530378863","name":null,"kind":"road","highway":"footway","surface":null,"lanes":null},"geometry":{"type":"LineString","coordinates":[[71.4371455,51.1248583],[71.4371341,51.1248309],[71.4371017,51.1247515]]}},{"type":"Feature","id":"way/1530378864/road","properties":{"osm_id":"1530378864","name":null,"kind":"road","highway":"cycleway","surface":"paving_stones","lanes":null},"geometry":{"type":"LineString","coordinates":[[71.4374084,51.1249384],[71.4371856,51.1249673]]}},{"type":"Feature","id":"way/1530378865/road","properties":{"osm_id":"1530378865","name":null,"kind":"road","highway":"service","surface":null,"lanes":null},"geometry":{"type":"LineString","coordinates":[[71.4400839,51.1221869],[71.4399932,51.121945]]}},{"type":"Feature","id":"way/1531637521/road","properties":{"osm_id":"1531637521","name":null,"kind":"road","highway":"footway","surface":null,"lanes":null},"geometry":{"type":"LineString","coordinates":[[71.4307948,51.1343333],[71.4307438,51.1343965],[71.4300571,51.1345101],[71.4292873,51.1346464],[71.4291576,51.1346663]]}},{"type":"Feature","id":"way/1531637522/road","properties":{"osm_id":"1531637522","name":"Жиембет Жырау көшесі","kind":"road","highway":"residential","surface":null,"lanes":null},"geometry":{"type":"LineString","coordinates":[[71.4290555,51.134451],[71.429045,51.1343798],[71.4290537,51.1342721]]}},{"type":"Feature","id":"way/1531637523/road","properties":{"osm_id":"1531637523","name":"Жиембет Жырау көшесі","kind":"road","highway":"residential","surface":null,"lanes":null},"geometry":{"type":"LineString","coordinates":[[71.4298075,51.1360728],[71.429703,51.1358352],[71.4296291,51.1357033]]}},{"type":"Feature","id":"way/1531637524/road","properties":{"osm_id":"1531637524","name":null,"kind":"road","highway":"footway","surface":null,"lanes":null},"geometry":{"type":"LineString","coordinates":[[71.428579,51.1347045],[71.4290495,51.1346229]]}},{"type":"Feature","id":"way/1531637525/road","properties":{"osm_id":"1531637525","name":null,"kind":"road","highway":"footway","surface":null,"lanes":null},"geometry":{"type":"LineString","coordinates":[[71.4295274,51.1357203],[71.4292676,51.1351195]]}},{"type":"Feature","id":"way/1531637526/road","properties":{"osm_id":"1531637526","name":null,"kind":"road","highway":"footway","surface":null,"lanes":null},"geometry":{"type":"LineString","coordinates":[[71.4292676,51.1351195],[71.4290495,51.1346229],[71.4289793,51.1344633]]}},{"type":"Feature","id":"way/1531637527/road","properties":{"osm_id":"1531637527","name":null,"kind":"road","highway":"service","surface":null,"lanes":null},"geometry":{"type":"LineString","coordinates":[[71.4239191,51.1355091],[71.4226344,51.1357154],[71.4212688,51.1359369]]}},{"type":"Feature","id":"way/1531637528/road","properties":{"osm_id":"1531637528","name":null,"kind":"road","highway":"service","surface":null,"lanes":null},"geometry":{"type":"LineString","coordinates":[[71.4247312,51.1351809],[71.4248076,51.1353595],[71.4239191,51.1355091]]}},{"type":"Feature","id":"way/1531637529/road","properties":{"osm_id":"1531637529","name":null,"kind":"road","highway":"service","surface":null,"lanes":null},"geometry":{"type":"LineString","coordinates":[[71.4252773,51.1353168],[71.4252579,51.1353676],[71.4255148,51.1360257],[71.4254233,51.1360812]]}},{"type":"Feature","id":"way/1531637530/road","properties":{"osm_id":"1531637530","name":null,"kind":"road","highway":"footway","surface":null,"lanes":null},"geometry":{"type":"LineString","coordinates":[[71.4239299,51.1355332],[71.4212924,51.1359862]]}},{"type":"Feature","id":"way/1531637531/road","properties":{"osm_id":"1531637531","name":null,"kind":"road","highway":"footway","surface":null,"lanes":null},"geometry":{"type":"LineString","coordinates":[[71.4285984,51.1347492],[71.4252773,51.1353168]]}},{"type":"Feature","id":"way/1531637532/road","properties":{"osm_id":"1531637532","name":null,"kind":"road","highway":"service","surface":null,"lanes":null},"geometry":{"type":"LineString","coordinates":[[71.4277962,51.1355655],[71.4263147,51.135815]]}},{"type":"Feature","id":"way/1531637533/road","properties":{"osm_id":"1531637533","name":null,"kind":"road","highway":"footway","surface":null,"lanes":null},"geometry":{"type":"LineString","coordinates":[[71.4283493,51.1350833],[71.428476,51.135408],[71.4285082,51.1354896],[71.4285605,51.1354812],[71.4285752,51.1355203],[71.4284798,51.1355396]]}},{"type":"Feature","id":"way/1531637534/road","properties":{"osm_id":"1531637534","name":null,"kind":"road","highway":"path","surface":null,"lanes":null},"geometry":{"type":"LineString","coordinates":[[71.4263683,51.1376543],[71.4261987,51.1373772]]}},{"type":"Feature","id":"way/1531637535/road","properties":{"osm_id":"1531637535","name":null,"kind":"road","highway":"footway","surface":null,"lanes":null},"geometry":{"type":"LineString","coordinates":[[71.4261331,51.1368689],[71.4259233,51.1369171]]}},{"type":"Feature","id":"way/1531637536/road","properties":{"osm_id":"1531637536","name":null,"kind":"road","highway":"footway","surface":null,"lanes":null},"geometry":{"type":"LineString","coordinates":[[71.4266142,51.137511],[71.4264643,51.1373771],[71.4261331,51.1368689],[71.4259145,51.136571],[71.4258099,51.1364868],[71.4257884,51.1364027],[71.425785,51.1363656],[71.4259426,51.1363341],[71.4263181,51.1362748],[71.4271525,51.1361464]]}},{"type":"Feature","id":"way/1534794847/road","properties":{"osm_id":"1534794847","name":null,"kind":"road","highway":"footway","surface":null,"lanes":null},"geometry":{"type":"LineString","coordinates":[[71.426384,51.1283644],[71.4260133,51.1274771]]}},{"type":"Feature","id":"way/1547333132/road","properties":{"osm_id":"1547333132","name":null,"kind":"road","highway":"footway","surface":null,"lanes":null},"geometry":{"type":"LineString","coordinates":[[71.4391768,51.1273668],[71.4400703,51.1272202]]}},{"type":"Feature","id":"way/1547333137","properties":{"osm_id":"1547333137","name":null,"kind":"building","building":"yes","height_m":6.0,"height_source":"osm:building:levels×3m","levels":2.0},"geometry":{"type":"Polygon","coordinates":[[[71.4360701,51.1274751],[71.4361831,51.1274573],[71.436142,51.127354],[71.4360289,51.1273718],[71.4360701,51.1274751]]]}},{"type":"Feature","id":"way/1547333138","properties":{"osm_id":"1547333138","name":null,"kind":"building","building":"yes","height_m":3.0,"height_source":"osm:building:levels×3m","levels":1.0},"geometry":{"type":"Polygon","coordinates":[[[71.436256,51.127021],[71.4362795,51.1270777],[71.4361335,51.1271015],[71.43611,51.1270448],[71.436256,51.127021]]]}},{"type":"Feature","id":"way/1547333139/road","properties":{"osm_id":"1547333139","name":null,"kind":"road","highway":"pedestrian","surface":null,"lanes":null},"geometry":{"type":"LineString","coordinates":[[71.4350946,51.128081],[71.4351804,51.128051],[71.4357056,51.1279761],[71.4358111,51.1279811],[71.4358107,51.1279898],[71.4358105,51.1279966],[71.4357021,51.1279909],[71.4352021,51.1280612],[71.4351093,51.1280959],[71.4351029,51.1280893],[71.4350946,51.128081]]}},{"type":"Feature","id":"way/1547333143/road","properties":{"osm_id":"1547333143","name":null,"kind":"road","highway":"pedestrian","surface":null,"lanes":null},"geometry":{"type":"LineString","coordinates":[[71.4347068,51.1271148],[71.4348049,51.1271166],[71.435326,51.1270312],[71.4354159,51.1269963],[71.4354088,51.1269904],[71.4354022,51.126985],[71.4353096,51.1270208],[71.434811,51.1271037],[71.4347039,51.1271026],[71.4347053,51.1271084],[71.4347068,51.1271148]]}},{"type":"Feature","id":"way/1547333147/road","properties":{"osm_id":"1547333147","name":null,"kind":"road","highway":"footway","surface":null,"lanes":null},"geometry":{"type":"LineString","coordinates":[[71.4316263,51.1258381],[71.4315979,51.1259059],[71.4316678,51.1261048],[71.4317339,51.126132],[71.4319034,51.1261051],[71.4322609,51.1270719],[71.4322468,51.1271959],[71.4323267,51.1274021],[71.4323577,51.1274856],[71.4323712,51.1275218],[71.4323176,51.1275837],[71.4324521,51.1279296],[71.4324699,51.1279753],[71.4324903,51.1280278],[71.4326169,51.1283587],[71.4327207,51.1284191],[71.432732,51.1284438]]}},{"type":"Feature","id":"way/1547333148/road","properties":{"osm_id":"1547333148","name":null,"kind":"road","highway":"footway","surface":null,"lanes":null},"geometry":{"type":"LineString","coordinates":[[71.4323937,51.1279873],[71.4324699,51.1279753]]}},{"type":"Feature","id":"way/1547333149/road","properties":{"osm_id":"1547333149","name":null,"kind":"road","highway":"footway","surface":null,"lanes":null},"geometry":{"type":"LineString","coordinates":[[71.4330267,51.1279812],[71.4327542,51.1280207],[71.4327403,51.1280228],[71.4327284,51.1279933],[71.4326888,51.1278955],[71.4326738,51.1278585],[71.4326894,51.1278561],[71.4329644,51.1278143]]}},{"type":"Feature","id":"way/1547333150/road","properties":{"osm_id":"1547333150","name":null,"kind":"road","highway":"footway","surface":null,"lanes":null},"geometry":{"type":"LineString","coordinates":[[71.4326336,51.128007],[71.4327284,51.1279933]]}},{"type":"Feature","id":"way/1547333151/road","properties":{"osm_id":"1547333151","name":null,"kind":"road","highway":"footway","surface":null,"lanes":null},"geometry":{"type":"LineString","coordinates":[[71.4325974,51.1279087],[71.4326888,51.1278955]]}},{"type":"Feature","id":"way/1547333152/road","properties":{"osm_id":"1547333152","name":null,"kind":"road","highway":"footway","surface":null,"lanes":null},"geometry":{"type":"LineString","coordinates":[[71.4324903,51.1280278],[71.4325389,51.1280208]]}},{"type":"Feature","id":"way/1547333153/road","properties":{"osm_id":"1547333153","name":null,"kind":"road","highway":"steps","surface":null,"lanes":null},"geometry":{"type":"LineString","coordinates":[[71.4325389,51.1280208],[71.4326336,51.128007]]}},{"type":"Feature","id":"way/1547333154/road","properties":{"osm_id":"1547333154","name":null,"kind":"road","highway":"footway","surface":null,"lanes":null},"geometry":{"type":"LineString","coordinates":[[71.4324521,51.1279296],[71.4325061,51.1279218]]}},{"type":"Feature","id":"way/1547333155/road","properties":{"osm_id":"1547333155","name":null,"kind":"road","highway":"steps","surface":null,"lanes":null},"geometry":{"type":"LineString","coordinates":[[71.4325061,51.1279218],[71.4325974,51.1279087]]}},{"type":"Feature","id":"way/1547333156/road","properties":{"osm_id":"1547333156","name":null,"kind":"road","highway":"footway","surface":null,"lanes":null},"geometry":{"type":"LineString","coordinates":[[71.4360107,51.1273495],[71.4359653,51.1273567],[71.4358698,51.1273239],[71.4357033,51.1272669],[71.4355999,51.1272315],[71.4355596,51.1272377],[71.4347643,51.1273607],[71.4346737,51.1274538],[71.4345714,51.1275587]]}},{"type":"Feature","id":"way/1547333157/road","properties":{"osm_id":"1547333157","name":null,"kind":"road","highway":"footway","surface":null,"lanes":null},"geometry":{"type":"LineString","coordinates":[[71.4363053,51.1274681],[71.4363298,51.1274645],[71.4364989,51.1274398],[71.4375295,51.1272891],[71.4375611,51.1272685],[71.4375698,51.1272629],[71.4378212,51.1272199],[71.4379437,51.1271989]]}},{"type":"Feature","id":"way/1547333158/road","properties":{"osm_id":"1547333158","name":null,"kind":"road","highway":"steps","surface":null,"lanes":null},"geometry":{"type":"LineString","coordinates":[[71.4360672,51.1275035],[71.4361999,51.1274837]]}},{"type":"Feature","id":"way/1547333159/road","properties":{"osm_id":"1547333159","name":null,"kind":"road","highway":"steps","surface":null,"lanes":null},"geometry":{"type":"LineString","coordinates":[[71.4361397,51.1273291],[71.4360107,51.1273495]]}},{"type":"Feature","id":"way/1547333160/road","properties":{"osm_id":"1547333160","name":null,"kind":"road","highway":"footway","surface":null,"lanes":null},"geometry":{"type":"LineString","coordinates":[[71.4361999,51.1274837],[71.4362312,51.1274791],[71.4362686,51.1274735]]}},{"type":"Feature","id":"way/1547333161/road","properties":{"osm_id":"1547333161","name":null,"kind":"road","highway":"steps","surface":null,"lanes":null},"geometry":{"type":"LineString","coordinates":[[71.4362686,51.1274735],[71.4363053,51.1274681]]}},{"type":"Feature","id":"way/1547333162/road","properties":{"osm_id":"1547333162","name":null,"kind":"road","highway":"footway","surface":null,"lanes":null},"geometry":{"type":"LineString","coordinates":[[71.4362106,51.1273179],[71.4361684,51.1273245],[71.4361397,51.1273291]]}},{"type":"Feature","id":"way/1547333163/road","properties":{"osm_id":"1547333163","name":null,"kind":"road","highway":"steps","surface":null,"lanes":null},"geometry":{"type":"LineString","coordinates":[[71.4362406,51.1273131],[71.4362106,51.1273179]]}},{"type":"Feature","id":"way/1547333164/road","properties":{"osm_id":"1547333164","name":null,"kind":"road","highway":"footway","surface":null,"lanes":null},"geometry":{"type":"LineString","coordinates":[[71.4357033,51.1272669],[71.4358537,51.1276435]]}},{"type":"Feature","id":"way/1547333166/road","properties":{"osm_id":"1547333166","name":null,"kind":"road","highway":"footway","surface":null,"lanes":null},"geometry":{"type":"LineString","coordinates":[[71.4380369,51.1270369],[71.4379919,51.126924]]}},{"type":"Feature","id":"way/1547333167/road","properties":{"osm_id":"1547333167","name":null,"kind":"road","highway":"footway","surface":null,"lanes":null},"geometry":{"type":"LineString","coordinates":[[71.4375127,51.1271197],[71.4375698,51.1272629]]}},{"type":"Feature","id":"way/1547333168/road","properties":{"osm_id":"1547333168","name":null,"kind":"road","highway":"footway","surface":null,"lanes":null},"geometry":{"type":"LineString","coordinates":[[71.4379976,51.1271897],[71.4380936,51.1271733]]}},{"type":"Feature","id":"way/1547333169/road","properties":{"osm_id":"1547333169","name":null,"kind":"road","highway":"steps","surface":null,"lanes":null},"geometry":{"type":"LineString","coordinates":[[71.4379437,51.1271989],[71.4379976,51.1271897]]}},{"type":"Feature","id":"way/1547333170/road","properties":{"osm_id":"1547333170","name":null,"kind":"road","highway":"footway","surface":null,"lanes":null},"geometry":{"type":"LineString","coordinates":[[71.4380369,51.1270369],[71.4379404,51.1270521]]}},{"type":"Feature","id":"way/1547333171/road","properties":{"osm_id":"1547333171","name":null,"kind":"road","highway":"steps","surface":null,"lanes":null},"geometry":{"type":"LineString","coordinates":[[71.4379404,51.1270521],[71.4378887,51.1270603]]}},{"type":"Feature","id":"way/1547333172/road","properties":{"osm_id":"1547333172","name":null,"kind":"road","highway":"footway","surface":null,"lanes":null},"geometry":{"type":"LineString","coordinates":[[71.4373459,51.1266482],[71.4377877,51.1265751],[71.4377812,51.1265554]]}},{"type":"Feature","id":"way/1547333173/road","properties":{"osm_id":"1547333173","name":null,"kind":"road","highway":"footway","surface":null,"lanes":null},"geometry":{"type":"LineString","coordinates":[[71.4377877,51.1265751],[71.437954,51.1266916],[71.4382846,51.1275186],[71.4381986,51.1276551]]}},{"type":"Feature","id":"way/1547333174/road","properties":{"osm_id":"1547333174","name":null,"kind":"road","highway":"footway","surface":null,"lanes":null},"geometry":{"type":"LineString","coordinates":[[71.437765,51.1277224],[71.4381986,51.1276551],[71.4382061,51.1276783]]}},{"type":"Feature","id":"way/1547333175/road","properties":{"osm_id":"1547333175","name":null,"kind":"road","highway":"footway","surface":null,"lanes":null},"geometry":{"type":"LineString","coordinates":[[71.4377877,51.1265751],[71.4376375,51.1267629],[71.4373459,51.1266482]]}},{"type":"Feature","id":"way/1547333176/road","properties":{"osm_id":"1547333176","name":null,"kind":"road","highway":"footway","surface":null,"lanes":null},"geometry":{"type":"LineString","coordinates":[[71.437765,51.1277224],[71.4379529,51.1275474],[71.4381986,51.1276551]]}},{"type":"Feature","id":"way/1547333177/road","properties":{"osm_id":"1547333177","name":null,"kind":"road","highway":"footway","surface":null,"lanes":null},"geometry":{"type":"LineString","coordinates":[[71.4378524,51.1272974],[71.4378212,51.1272199],[71.4377649,51.1270799],[71.4377316,51.1269971]]}},{"type":"Feature","id":"way/1547333178/road","properties":{"osm_id":"1547333178","name":null,"kind":"road","highway":"steps","surface":null,"lanes":null},"geometry":{"type":"LineString","coordinates":[[71.4376459,51.1267839],[71.4376375,51.1267629]]}},{"type":"Feature","id":"way/1547333179/road","properties":{"osm_id":"1547333179","name":null,"kind":"road","highway":"steps","surface":null,"lanes":null},"geometry":{"type":"LineString","coordinates":[[71.4379529,51.1275474],[71.4379403,51.127516]]}},{"type":"Feature","id":"way/1547333180/road","properties":{"osm_id":"1547333180","name":null,"kind":"road","highway":"footway","surface":null,"lanes":null},"geometry":{"type":"LineString","coordinates":[[71.4377252,51.1269811],[71.4377193,51.1269666],[71.4376524,51.1268002],[71.4376459,51.1267839]]}},{"type":"Feature","id":"way/1547333181/road","properties":{"osm_id":"1547333181","name":null,"kind":"road","highway":"steps","surface":null,"lanes":null},"geometry":{"type":"LineString","coordinates":[[71.4377316,51.1269971],[71.4377252,51.1269811]]}},{"type":"Feature","id":"way/1547333182/road","properties":{"osm_id":"1547333182","name":null,"kind":"road","highway":"footway","surface":null,"lanes":null},"geometry":{"type":"LineString","coordinates":[[71.4379403,51.127516],[71.4379349,51.1275026],[71.4378696,51.1273403],[71.4378587,51.127313]]}},{"type":"Feature","id":"way/1547333183/road","properties":{"osm_id":"1547333183","name":null,"kind":"road","highway":"steps","surface":null,"lanes":null},"geometry":{"type":"LineString","coordinates":[[71.4378587,51.127313],[71.4378524,51.1272974]]}},{"type":"Feature","id":"way/1547333188/road","properties":{"osm_id":"1547333188","name":null,"kind":"road","highway":"footway","surface":null,"lanes":null},"geometry":{"type":"LineString","coordinates":[[71.4375792,51.1273156],[71.4375866,51.1273348],[71.4376743,51.1275625],[71.4377306,51.1277086]]}},{"type":"Feature","id":"way/1547333189/road","properties":{"osm_id":"1547333189","name":null,"kind":"road","highway":"footway","surface":null,"lanes":null},"geometry":{"type":"LineString","coordinates":[[71.4375611,51.1272685],[71.4375716,51.1272958]]}},{"type":"Feature","id":"way/1547333190/road","properties":{"osm_id":"1547333190","name":null,"kind":"road","highway":"steps","surface":null,"lanes":null},"geometry":{"type":"LineString","coordinates":[[71.4375716,51.1272958],[71.4375792,51.1273156]]}},{"type":"Feature","id":"way/1547333191/road","properties":{"osm_id":"1547333191","name":null,"kind":"road","highway":"footway","surface":null,"lanes":null},"geometry":{"type":"LineString","coordinates":[[71.4374791,51.1270694],[71.4374749,51.1270581],[71.4373905,51.126836],[71.4373278,51.126671]]}},{"type":"Feature","id":"way/1547333192/road","properties":{"osm_id":"1547333192","name":null,"kind":"road","highway":"footway","surface":null,"lanes":null},"geometry":{"type":"LineString","coordinates":[[71.4374978,51.1271186],[71.4374881,51.1270929]]}},{"type":"Feature","id":"way/1547333193/road","properties":{"osm_id":"1547333193","name":null,"kind":"road","highway":"steps","surface":null,"lanes":null},"geometry":{"type":"LineString","coordinates":[[71.4374881,51.1270929],[71.4374791,51.1270694]]}},{"type":"Feature","id":"way/1547333194/road","properties":{"osm_id":"1547333194","name":null,"kind":"road","highway":"footway","surface":null,"lanes":null},"geometry":{"type":"LineString","coordinates":[[71.4375127,51.1271197],[71.4376685,51.1271703],[71.4378212,51.1272199]]}},{"type":"Feature","id":"way/1547333195/road","properties":{"osm_id":"1547333195","name":null,"kind":"road","highway":"footway","surface":null,"lanes":null},"geometry":{"type":"LineString","coordinates":[[71.4375698,51.1272629],[71.4376685,51.1271703],[71.4377649,51.1270799]]}},{"type":"Feature","id":"way/1547333196/road","properties":{"osm_id":"1547333196","name":null,"kind":"road","highway":"footway","surface":null,"lanes":null},"geometry":{"type":"LineString","coordinates":[[71.4375866,51.1273348],[71.4377888,51.1274322],[71.4379349,51.1275026]]}},{"type":"Feature","id":"way/1547333197/road","properties":{"osm_id":"1547333197","name":null,"kind":"road","highway":"footway","surface":null,"lanes":null},"geometry":{"type":"LineString","coordinates":[[71.4374749,51.1270581],[71.4375768,51.12691],[71.4376524,51.1268002]]}},{"type":"Feature","id":"way/1547333198/road","properties":{"osm_id":"1547333198","name":null,"kind":"road","highway":"footway","surface":null,"lanes":null},"geometry":{"type":"LineString","coordinates":[[71.4377193,51.1269666],[71.4375768,51.12691],[71.4373905,51.126836],[71.436332,51.1270072]]}},{"type":"Feature","id":"way/1547333199/road","properties":{"osm_id":"1547333199","name":null,"kind":"road","highway":"footway","surface":null,"lanes":null},"geometry":{"type":"LineString","coordinates":[[71.4378696,51.1273403],[71.4377888,51.1274322],[71.4376743,51.1275625],[71.4366094,51.1277264]]}},{"type":"Feature","id":"way/1547333200/road","properties":{"osm_id":"1547333200","name":null,"kind":"road","highway":"footway","surface":null,"lanes":null},"geometry":{"type":"LineString","coordinates":[[71.4362743,51.1268576],[71.4363266,51.1269932],[71.436332,51.1270072],[71.4363699,51.1271052],[71.4364051,51.1271965]]}},{"type":"Feature","id":"way/1547333201/road","properties":{"osm_id":"1547333201","name":null,"kind":"road","highway":"footway","surface":null,"lanes":null},"geometry":{"type":"LineString","coordinates":[[71.4365331,51.1275286],[71.4365644,51.1276097],[71.4366042,51.1277129],[71.4366094,51.1277264],[71.4366603,51.1278584]]}},{"type":"Feature","id":"way/1547333202/road","properties":{"osm_id":"1547333202","name":null,"kind":"road","highway":"steps","surface":null,"lanes":null},"geometry":{"type":"LineString","coordinates":[[71.4365115,51.1274726],[71.4365331,51.1275286]]}},{"type":"Feature","id":"way/1547333203/road","properties":{"osm_id":"1547333203","name":null,"kind":"road","highway":"footway","surface":null,"lanes":null},"geometry":{"type":"LineString","coordinates":[[71.4364248,51.1272478],[71.4364377,51.1272813],[71.4364989,51.1274398],[71.4365115,51.1274726]]}},{"type":"Feature","id":"way/1547333204/road","properties":{"osm_id":"1547333204","name":null,"kind":"road","highway":"steps","surface":null,"lanes":null},"geometry":{"type":"LineString","coordinates":[[71.4364051,51.1271965],[71.4364248,51.1272478]]}},{"type":"Feature","id":"way/1547333205/road","properties":{"osm_id":"1547333205","name":null,"kind":"road","highway":"footway","surface":null,"lanes":null},"geometry":{"type":"LineString","coordinates":[[71.4357123,51.1269351],[71.4357708,51.1270794],[71.4358179,51.1271958],[71.4358698,51.1273239]]}},{"type":"Feature","id":"way/1547333206/road","properties":{"osm_id":"1547333206","name":null,"kind":"road","highway":"footway","surface":null,"lanes":null},"geometry":{"type":"LineString","coordinates":[[71.4361091,51.1279429],[71.4360514,51.1278003],[71.4360061,51.1276885],[71.4359545,51.1275613]]}},{"type":"Feature","id":"way/1547333207/road","properties":{"osm_id":"1547333207","name":null,"kind":"road","highway":"footway","surface":null,"lanes":null},"geometry":{"type":"LineString","coordinates":[[71.4359653,51.1273567],[71.43602,51.1275105]]}},{"type":"Feature","id":"way/1547333208/road","properties":{"osm_id":"1547333208","name":null,"kind":"road","highway":"footway","surface":null,"lanes":null},"geometry":{"type":"LineString","coordinates":[[71.4357708,51.1270794],[71.4360551,51.1270375],[71.4363266,51.1269932]]}},{"type":"Feature","id":"way/1547333209/road","properties":{"osm_id":"1547333209","name":null,"kind":"road","highway":"footway","surface":null,"lanes":null},"geometry":{"type":"LineString","coordinates":[[71.4360514,51.1278003],[71.4363335,51.1277557],[71.4366042,51.1277129]]}},{"type":"Feature","id":"way/1547333210/road","properties":{"osm_id":"1547333210","name":null,"kind":"road","highway":"footway","surface":null,"lanes":null},"geometry":{"type":"LineString","coordinates":[[71.4362312,51.1274791],[71.4362452,51.1275167],[71.4362936,51.1276479],[71.4363335,51.1277557],[71.4363521,51.1278066],[71.4362191,51.1279339],[71.4365646,51.1278854],[71.4363521,51.1278066]]}},{"type":"Feature","id":"way/1547333211/road","properties":{"osm_id":"1547333211","name":null,"kind":"road","highway":"footway","surface":null,"lanes":null},"geometry":{"type":"LineString","coordinates":[[71.4361684,51.1273245],[71.4361547,51.1272897],[71.4360994,51.1271496],[71.4360551,51.1270375],[71.4360367,51.1269878],[71.4358275,51.1269124],[71.436158,51.1268565],[71.4360367,51.1269878]]}},{"type":"Feature","id":"way/1547333212/road","properties":{"osm_id":"1547333212","name":null,"kind":"road","highway":"footway","surface":null,"lanes":null},"geometry":{"type":"LineString","coordinates":[[71.4361547,51.1272897],[71.4363699,51.1271052],[71.4360994,51.1271496],[71.4358179,51.1271958],[71.4355999,51.1272315]]}},{"type":"Feature","id":"way/1547333213/road","properties":{"osm_id":"1547333213","name":null,"kind":"road","highway":"footway","surface":null,"lanes":null},"geometry":{"type":"LineString","coordinates":[[71.4362452,51.1275167],[71.4365644,51.1276097],[71.4362936,51.1276479],[71.4360061,51.1276885],[71.435755,51.127724]]}},{"type":"Feature","id":"way/1547333214/road","properties":{"osm_id":"1547333214","name":null,"kind":"road","highway":"footway","surface":null,"lanes":null},"geometry":{"type":"LineString","coordinates":[[71.4364989,51.1274398],[71.4363834,51.1273735],[71.4362698,51.1273084],[71.4363298,51.1274645]]}},{"type":"Feature","id":"way/1547333215/road","properties":{"osm_id":"1547333215","name":null,"kind":"road","highway":"footway","surface":null,"lanes":null},"geometry":{"type":"LineString","coordinates":[[71.4363298,51.1274645],[71.4363834,51.1273735],[71.4364377,51.1272813]]}},{"type":"Feature","id":"way/1547333216/road","properties":{"osm_id":"1547333216","name":null,"kind":"road","highway":"footway","surface":null,"lanes":null},"geometry":{"type":"LineString","coordinates":[[71.435755,51.127724],[71.4358491,51.127979]]}},{"type":"Feature","id":"way/1547333217/road","properties":{"osm_id":"1547333217","name":null,"kind":"road","highway":"footway","surface":null,"lanes":null},"geometry":{"type":"LineString","coordinates":[[71.4354578,51.1269845],[71.4355596,51.1272377]]}},{"type":"Feature","id":"way/1547333218/road","properties":{"osm_id":"1547333218","name":null,"kind":"road","highway":"footway","surface":null,"lanes":null},"geometry":{"type":"LineString","coordinates":[[71.4354088,51.1269904],[71.4353157,51.1270262],[71.4348067,51.1271097],[71.4347053,51.1271084]]}},{"type":"Feature","id":"way/1547333219/road","properties":{"osm_id":"1547333219","name":null,"kind":"road","highway":"footway","surface":null,"lanes":null},"geometry":{"type":"LineString","coordinates":[[71.4351029,51.1280893],[71.4351902,51.1280561],[71.4357057,51.127984],[71.4358107,51.1279898]]}},{"type":"Feature","id":"way/1547333220/road","properties":{"osm_id":"1547333220","name":null,"kind":"road","highway":"footway","surface":null,"lanes":null},"geometry":{"type":"LineString","coordinates":[[71.4349546,51.1278411],[71.4350508,51.1280881]]}},{"type":"Feature","id":"way/1547333221/road","properties":{"osm_id":"1547333221","name":null,"kind":"road","highway":"footway","surface":null,"lanes":null},"geometry":{"type":"LineString","coordinates":[[71.434666,51.1271184],[71.4347643,51.1273607]]}},{"type":"Feature","id":"way/1547333222/road","properties":{"osm_id":"1547333222","name":null,"kind":"road","highway":"footway","surface":null,"lanes":null},"geometry":{"type":"LineString","coordinates":[[71.4344157,51.1271569],[71.4344678,51.1272913],[71.4345085,51.1273963],[71.4345714,51.1275587],[71.4346364,51.1277264],[71.4346952,51.1278782],[71.4347404,51.1279949],[71.4347919,51.1281278]]}},{"type":"Feature","id":"way/1547333223/road","properties":{"osm_id":"1547333223","name":null,"kind":"road","highway":"footway","surface":null,"lanes":null},"geometry":{"type":"LineString","coordinates":[[71.4345008,51.1277478],[71.4346364,51.1277264],[71.4348032,51.1277865],[71.4349546,51.1278411],[71.435755,51.127724],[71.4358537,51.1276435],[71.4359545,51.1275613],[71.43602,51.1275105],[71.4360672,51.1275035]]}},{"type":"Feature","id":"way/1547333224/road","properties":{"osm_id":"1547333224","name":null,"kind":"road","highway":"steps","surface":null,"lanes":null},"geometry":{"type":"LineString","coordinates":[[71.4343953,51.1277644],[71.4345008,51.1277478]]}},{"type":"Feature","id":"way/1547333225/road","properties":{"osm_id":"1547333225","name":null,"kind":"road","highway":"footway","surface":null,"lanes":null},"geometry":{"type":"LineString","coordinates":[[71.4345714,51.1275587],[71.4344347,51.1275805]]}},{"type":"Feature","id":"way/1547333226/road","properties":{"osm_id":"1547333226","name":null,"kind":"road","highway":"steps","surface":null,"lanes":null},"geometry":{"type":"LineString","coordinates":[[71.4344347,51.1275805],[71.4343219,51.1275984]]}},{"type":"Feature","id":"way/1547333227/road","properties":{"osm_id":"1547333227","name":null,"kind":"road","highway":"footway","surface":null,"lanes":null},"geometry":{"type":"LineString","coordinates":[[71.4343239,51.1277757],[71.434362,51.1277697],[71.4343953,51.1277644]]}},{"type":"Feature","id":"way/1547333228/road","properties":{"osm_id":"1547333228","name":null,"kind":"road","highway":"steps","surface":null,"lanes":null},"geometry":{"type":"LineString","coordinates":[[71.4342903,51.127781],[71.4343239,51.1277757]]}},{"type":"Feature","id":"way/1547333229/road","properties":{"osm_id":"1547333229","name":null,"kind":"road","highway":"footway","surface":null,"lanes":null},"geometry":{"type":"LineString","coordinates":[[71.4343219,51.1275984],[71.4342871,51.1276039],[71.4342442,51.1276107]]}},{"type":"Feature","id":"way/1547333230/road","properties":{"osm_id":"1547333230","name":null,"kind":"road","highway":"steps","surface":null,"lanes":null},"geometry":{"type":"LineString","coordinates":[[71.4342442,51.1276107],[71.4342192,51.1276147]]}},{"type":"Feature","id":"way/1547333231/road","properties":{"osm_id":"1547333231","name":null,"kind":"road","highway":"footway","surface":null,"lanes":null},"geometry":{"type":"LineString","coordinates":[[71.4340051,51.1275634],[71.4339974,51.1275431],[71.4339313,51.1273694],[71.4338847,51.1272467]]}},{"type":"Feature","id":"way/1547333232/road","properties":{"osm_id":"1547333232","name":null,"kind":"road","highway":"footway","surface":null,"lanes":null},"geometry":{"type":"LineString","coordinates":[[71.434251,51.1282103],[71.4342066,51.1280935],[71.4341423,51.1279244],[71.4341351,51.1279054]]}},{"type":"Feature","id":"way/1547333233/road","properties":{"osm_id":"1547333233","name":null,"kind":"road","highway":"steps","surface":null,"lanes":null},"geometry":{"type":"LineString","coordinates":[[71.4341351,51.1279054],[71.4341127,51.1278465]]}},{"type":"Feature","id":"way/1547333234/road","properties":{"osm_id":"1547333234","name":null,"kind":"road","highway":"footway","surface":null,"lanes":null},"geometry":{"type":"LineString","coordinates":[[71.4341127,51.1278465],[71.4340993,51.1278111],[71.4340357,51.1276439],[71.4340276,51.1276225]]}},{"type":"Feature","id":"way/1547333235/road","properties":{"osm_id":"1547333235","name":null,"kind":"road","highway":"steps","surface":null,"lanes":null},"geometry":{"type":"LineString","coordinates":[[71.4340276,51.1276225],[71.4340051,51.1275634]]}},{"type":"Feature","id":"way/1547333236/road","properties":{"osm_id":"1547333236","name":null,"kind":"road","highway":"footway","surface":null,"lanes":null},"geometry":{"type":"LineString","coordinates":[[71.434362,51.1277697],[71.4343777,51.1278065],[71.434476,51.1280371],[71.4344998,51.1280928],[71.4343947,51.1281978],[71.4346543,51.1281608],[71.4344998,51.1280928]]}},{"type":"Feature","id":"way/1547333237/road","properties":{"osm_id":"1547333237","name":null,"kind":"road","highway":"footway","surface":null,"lanes":null},"geometry":{"type":"LineString","coordinates":[[71.4342871,51.1276039],[71.4342772,51.1275744],[71.4341972,51.1273355],[71.4341779,51.1272781],[71.4340074,51.1272154],[71.4342649,51.1271717],[71.4341779,51.1272781]]}},{"type":"Feature","id":"way/1547333238/road","properties":{"osm_id":"1547333238","name":null,"kind":"road","highway":"footway","surface":null,"lanes":null},"geometry":{"type":"LineString","coordinates":[[71.4323712,51.1275218],[71.4324678,51.127505],[71.4325654,51.1275407],[71.4325889,51.1276004],[71.4326482,51.1277513],[71.4326532,51.1277639]]}},{"type":"Feature","id":"way/1547333239/road","properties":{"osm_id":"1547333239","name":null,"kind":"road","highway":"footway","surface":null,"lanes":null},"geometry":{"type":"LineString","coordinates":[[71.4327882,51.128118],[71.4327937,51.1281336],[71.4328443,51.1282785],[71.4328637,51.1283338],[71.4327918,51.1284086],[71.4327207,51.1284191]]}},{"type":"Feature","id":"way/1547333240/road","properties":{"osm_id":"1547333240","name":null,"kind":"road","highway":"footway","surface":null,"lanes":null},"geometry":{"type":"LineString","coordinates":[[71.4331682,51.1283591],[71.4331304,51.128258],[71.4330611,51.1280731]]}},{"type":"Feature","id":"way/1547333241/road","properties":{"osm_id":"1547333241","name":null,"kind":"road","highway":"footway","surface":null,"lanes":null},"geometry":{"type":"LineString","coordinates":[[71.4329338,51.1277377],[71.4328563,51.1275435],[71.4328121,51.1274328]]}},{"type":"Feature","id":"way/1547333242/road","properties":{"osm_id":"1547333242","name":null,"kind":"road","highway":"footway","surface":null,"lanes":null},"geometry":{"type":"LineString","coordinates":[[71.4328563,51.1275435],[71.4339313,51.1273694]]}},{"type":"Feature","id":"way/1547333243/road","properties":{"osm_id":"1547333243","name":null,"kind":"road","highway":"footway","surface":null,"lanes":null},"geometry":{"type":"LineString","coordinates":[[71.4331304,51.128258],[71.4342066,51.1280935]]}},{"type":"Feature","id":"way/1547333244/road","properties":{"osm_id":"1547333244","name":null,"kind":"road","highway":"footway","surface":null,"lanes":null},"geometry":{"type":"LineString","coordinates":[[71.4330368,51.1280082],[71.4330267,51.1279812]]}},{"type":"Feature","id":"way/1547333245/road","properties":{"osm_id":"1547333245","name":null,"kind":"road","highway":"steps","surface":null,"lanes":null},"geometry":{"type":"LineString","coordinates":[[71.4330611,51.1280731],[71.4330368,51.1280082]]}},{"type":"Feature","id":"way/1547333246/road","properties":{"osm_id":"1547333246","name":null,"kind":"road","highway":"footway","surface":null,"lanes":null},"geometry":{"type":"LineString","coordinates":[[71.4329644,51.1278143],[71.4329568,51.1277952]]}},{"type":"Feature","id":"way/1547333247/road","properties":{"osm_id":"1547333247","name":null,"kind":"road","highway":"steps","surface":null,"lanes":null},"geometry":{"type":"LineString","coordinates":[[71.4329568,51.1277952],[71.4329338,51.1277377]]}},{"type":"Feature","id":"way/1547333248/road","properties":{"osm_id":"1547333248","name":null,"kind":"road","highway":"footway","surface":null,"lanes":null},"geometry":{"type":"LineString","coordinates":[[71.4327542,51.1280207],[71.4327812,51.1280979]]}},{"type":"Feature","id":"way/1547333249/road","properties":{"osm_id":"1547333249","name":null,"kind":"road","highway":"steps","surface":null,"lanes":null},"geometry":{"type":"LineString","coordinates":[[71.4327812,51.1280979],[71.4327882,51.128118]]}},{"type":"Feature","id":"way/1547333250/road","properties":{"osm_id":"1547333250","name":null,"kind":"road","highway":"footway","surface":null,"lanes":null},"geometry":{"type":"LineString","coordinates":[[71.4326581,51.1277764],[71.4326894,51.1278561]]}},{"type":"Feature","id":"way/1547333251/road","properties":{"osm_id":"1547333251","name":null,"kind":"road","highway":"steps","surface":null,"lanes":null},"geometry":{"type":"LineString","coordinates":[[71.4326532,51.1277639],[71.4326581,51.1277764]]}},{"type":"Feature","id":"way/1547333252/road","properties":{"osm_id":"1547333252","name":null,"kind":"road","highway":"footway","surface":null,"lanes":null},"geometry":{"type":"LineString","coordinates":[[71.4326888,51.1278955],[71.4328151,51.1279275],[71.4330267,51.1279812]]}},{"type":"Feature","id":"way/1547333253/road","properties":{"osm_id":"1547333253","name":null,"kind":"road","highway":"footway","surface":null,"lanes":null},"geometry":{"type":"LineString","coordinates":[[71.4327284,51.1279933],[71.4328151,51.1279275],[71.4329644,51.1278143]]}},{"type":"Feature","id":"way/1547333254/road","properties":{"osm_id":"1547333254","name":null,"kind":"road","highway":"footway","surface":null,"lanes":null},"geometry":{"type":"LineString","coordinates":[[71.4331304,51.128258],[71.4330842,51.1282409],[71.4329402,51.1281877],[71.4327937,51.1281336]]}},{"type":"Feature","id":"way/1547333255/road","properties":{"osm_id":"1547333255","name":null,"kind":"road","highway":"footway","surface":null,"lanes":null},"geometry":{"type":"LineString","coordinates":[[71.4330611,51.1280731],[71.4329402,51.1281877],[71.4328443,51.1282785],[71.4330842,51.1282409]]}},{"type":"Feature","id":"way/1547333256/road","properties":{"osm_id":"1547333256","name":null,"kind":"road","highway":"footway","surface":null,"lanes":null},"geometry":{"type":"LineString","coordinates":[[71.4328563,51.1275435],[71.4328397,51.12756],[71.4327394,51.1276603],[71.4326482,51.1277513]]}},{"type":"Feature","id":"way/1547333257/road","properties":{"osm_id":"1547333257","name":null,"kind":"road","highway":"footway","surface":null,"lanes":null},"geometry":{"type":"LineString","coordinates":[[71.4329338,51.1277377],[71.4327394,51.1276603],[71.4325889,51.1276004],[71.4328397,51.12756]]}},{"type":"Feature","id":"way/1547333258/road","properties":{"osm_id":"1547333258","name":null,"kind":"road","highway":"footway","surface":null,"lanes":null},"geometry":{"type":"LineString","coordinates":[[71.4343777,51.1278065],[71.4342797,51.1279708],[71.4342154,51.1280787],[71.4342066,51.1280935]]}},{"type":"Feature","id":"way/1547333259/road","properties":{"osm_id":"1547333259","name":null,"kind":"road","highway":"footway","surface":null,"lanes":null},"geometry":{"type":"LineString","coordinates":[[71.4339313,51.1273694],[71.4339441,51.127377],[71.4340799,51.1274574],[71.4342772,51.1275744]]}},{"type":"Feature","id":"way/1547333260/road","properties":{"osm_id":"1547333260","name":null,"kind":"road","highway":"footway","surface":null,"lanes":null},"geometry":{"type":"LineString","coordinates":[[71.4347404,51.1279949],[71.434476,51.1280371],[71.4342154,51.1280787]]}},{"type":"Feature","id":"way/1547333261/road","properties":{"osm_id":"1547333261","name":null,"kind":"road","highway":"footway","surface":null,"lanes":null},"geometry":{"type":"LineString","coordinates":[[71.4339441,51.127377],[71.4341972,51.1273355],[71.4344678,51.1272913]]}},{"type":"Feature","id":"way/1547333262/road","properties":{"osm_id":"1547333262","name":null,"kind":"road","highway":"footway","surface":null,"lanes":null},"geometry":{"type":"LineString","coordinates":[[71.4339974,51.1275431],[71.4340799,51.1274574],[71.4341972,51.1273355],[71.4345085,51.1273963],[71.4347643,51.1273607]]}},{"type":"Feature","id":"way/1547333263/road","properties":{"osm_id":"1547333263","name":null,"kind":"road","highway":"footway","surface":null,"lanes":null},"geometry":{"type":"LineString","coordinates":[[71.4341423,51.1279244],[71.4342797,51.1279708],[71.434476,51.1280371],[71.4346952,51.1278782],[71.4349546,51.1278411]]}},{"type":"Feature","id":"way/1547333264/road","properties":{"osm_id":"1547333264","name":null,"kind":"road","highway":"footway","surface":null,"lanes":null},"geometry":{"type":"LineString","coordinates":[[71.4340357,51.1276439],[71.4341525,51.1277134],[71.4342713,51.127784],[71.434205,51.127617]]}},{"type":"Feature","id":"way/1547333265/road","properties":{"osm_id":"1547333265","name":null,"kind":"road","highway":"footway","surface":null,"lanes":null},"geometry":{"type":"LineString","coordinates":[[71.434205,51.127617],[71.4341525,51.1277134],[71.4340993,51.1278111]]}},{"type":"Feature","id":"way/1547333266/road","properties":{"osm_id":"1547333266","name":null,"kind":"road","highway":"footway","surface":null,"lanes":null},"geometry":{"type":"LineString","coordinates":[[71.4346737,51.1274538],[71.4348032,51.1277865]]}},{"type":"Feature","id":"way/1547354202","properties":{"osm_id":"1547354202","name":"Бәйтерек","kind":"building","building":"train_station","height_m":9.0,"height_source":"osm:building:levels×3m","levels":3.0},"geometry":{"type":"Polygon","coordinates":[[[71.4280631,51.1234454],[71.4279726,51.1232177],[71.4289855,51.1230591],[71.4295146,51.1229763],[71.4295303,51.1230159],[71.4295918,51.1231706],[71.4296051,51.1232042],[71.4280631,51.1234454]]]}},{"type":"Feature","id":"way/1547354203/road","properties":{"osm_id":"1547354203","name":null,"kind":"road","highway":"corridor","surface":null,"lanes":null},"geometry":{"type":"LineString","coordinates":[[71.4289855,51.1230591],[71.4288002,51.1225721]]}},{"type":"Feature","id":"way/1547354206","properties":{"osm_id":"1547354206","name":"Министрліктер Үйі","kind":"building","building":"train_station","height_m":9.0,"height_source":"osm:building:levels×3m","levels":3.0},"geometry":{"type":"Polygon","coordinates":[[[71.4368239,51.1223517],[71.4367353,51.122129],[71.4380064,51.1219298],[71.4381162,51.1219126],[71.4382048,51.1221351],[71.4380754,51.1221554],[71.4368239,51.1223517]]]}},{"type":"Feature","id":"way/1547354207/road","properties":{"osm_id":"1547354207","name":null,"kind":"road","highway":"footway","surface":null,"lanes":null},"geometry":{"type":"LineString","coordinates":[[71.4380064,51.1219298],[71.4377837,51.1213705],[71.4379231,51.1212392]]}},{"type":"Feature","id":"way/1547354208/road","properties":{"osm_id":"1547354208","name":null,"kind":"road","highway":"steps","surface":null,"lanes":null},"geometry":{"type":"LineString","coordinates":[[71.4376463,51.1211463],[71.4379231,51.1212392],[71.4380476,51.1212109],[71.4380476,51.1211153]]}},{"type":"Feature","id":"way/1547354209/road","properties":{"osm_id":"1547354209","name":null,"kind":"road","highway":"footway","surface":null,"lanes":null},"geometry":{"type":"LineString","coordinates":[[71.4380754,51.1221554],[71.4384435,51.1223833]]}},{"type":"Feature","id":"way/1547354210/road","properties":{"osm_id":"1547354210","name":null,"kind":"road","highway":"steps","surface":null,"lanes":null},"geometry":{"type":"LineString","coordinates":[[71.4384435,51.1223833],[71.4382643,51.122619]]}},{"type":"Feature","id":"way/1547354211/road","properties":{"osm_id":"1547354211","name":null,"kind":"road","highway":"footway","surface":null,"lanes":null},"geometry":{"type":"LineString","coordinates":[[71.4382643,51.122619],[71.438306,51.1226305]]}},{"type":"Feature","id":"way/1547354212/road","properties":{"osm_id":"1547354212","name":null,"kind":"road","highway":"footway","surface":null,"lanes":null},"geometry":{"type":"LineString","coordinates":[[71.4376463,51.1211463],[71.4375961,51.121158]]}},{"type":"Feature","id":"way/1547354213/road","properties":{"osm_id":"1547354213","name":null,"kind":"road","highway":"footway","surface":null,"lanes":null},"geometry":{"type":"LineString","coordinates":[[71.4380612,51.1209574],[71.4380476,51.1211153],[71.4381714,51.1210871]]}},{"type":"Feature","id":"way/1548082114/road","properties":{"osm_id":"1548082114","name":null,"kind":"road","highway":"service","surface":null,"lanes":null},"geometry":{"type":"LineString","coordinates":[[71.4224405,51.1274116],[71.422485,51.1275263],[71.4224973,51.127558]]}},{"type":"Feature","id":"way/1548082115","properties":{"osm_id":"1548082115","name":null,"kind":"building","building":"carport","height_m":3.0,"height_source":"osm:building:levels×3m","levels":1.0},"geometry":{"type":"Polygon","coordinates":[[[71.431839,51.1242155],[71.4317997,51.1241076],[71.4321687,51.1240483],[71.432207,51.1241552],[71.431839,51.1242155]]]}},{"type":"Feature","id":"way/1548082116/road","properties":{"osm_id":"1548082116","name":null,"kind":"road","highway":"service","surface":"unpaved","lanes":null},"geometry":{"type":"LineString","coordinates":[[71.4323567,51.1239814],[71.4322374,51.1240752],[71.4317846,51.124148],[71.4316225,51.1240952]]}},{"type":"Feature","id":"way/1548129889/road","properties":{"osm_id":"1548129889","name":null,"kind":"road","highway":"footway","surface":null,"lanes":null},"geometry":{"type":"LineString","coordinates":[[71.4305201,51.1281484],[71.4305721,51.1281639],[71.4306164,51.1281871],[71.4306499,51.1282165],[71.4306712,51.1282533],[71.4306772,51.1282861],[71.4306692,51.128322],[71.4306471,51.1283554],[71.4306124,51.1283842],[71.4305673,51.1284067],[71.4305147,51.1284214],[71.4305061,51.1284222],[71.4304541,51.1284274],[71.4303931,51.128423],[71.4303362,51.1284085],[71.4302875,51.1283851],[71.4302505,51.1283543],[71.4302302,51.128322],[71.4302215,51.1282802],[71.4302315,51.1282422],[71.4302574,51.1282073],[71.4302971,51.1281779],[71.4303479,51.1281563],[71.4304014,51.1281449],[71.430406,51.128144],[71.4304635,51.1281416],[71.4305201,51.1281484]]}},{"type":"Feature","id":"way/1548129890/road","properties":{"osm_id":"1548129890","name":null,"kind":"road","highway":"footway","surface":null,"lanes":null},"geometry":{"type":"LineString","coordinates":[[71.4305258,51.1280479],[71.4305989,51.1280595],[71.4306671,51.1280798],[71.4307277,51.1281081],[71.4307784,51.1281432],[71.4308173,51.1281837],[71.4308429,51.1282283],[71.4308542,51.1282751],[71.4308508,51.1283224],[71.4308329,51.1283684],[71.430801,51.1284114],[71.4307565,51.1284496],[71.4307009,51.1284817],[71.4306366,51.1285064],[71.4305604,51.1285238],[71.4304905,51.1285302],[71.4304144,51.1285283],[71.4303404,51.128517],[71.4302713,51.1284969],[71.4302099,51.1284686],[71.4301585,51.1284334],[71.430119,51.1283925],[71.4300931,51.1283475],[71.4300818,51.1283003],[71.4300854,51.1282525],[71.4301039,51.1282062],[71.4301365,51.128163],[71.4301819,51.1281246],[71.4302385,51.1280926],[71.4303039,51.1280681],[71.4303714,51.1280529],[71.4304504,51.1280455],[71.4305258,51.1280479]]}},{"type":"Feature","id":"way/1548129893/road","properties":{"osm_id":"1548129893","name":null,"kind":"road","highway":"footway","surface":null,"lanes":null},"geometry":{"type":"LineString","coordinates":[[71.43059,51.1283496],[71.4306172,51.1283167],[71.4306245,51.1282798],[71.4306176,51.1282611],[71.4306112,51.1282437],[71.4305787,51.1282127],[71.4305312,51.1281906],[71.4304744,51.1281802],[71.4304154,51.1281827],[71.4303624,51.1281974],[71.4303206,51.1282225],[71.4302947,51.1282551],[71.4302879,51.1282912],[71.4302949,51.12831],[71.430301,51.1283266],[71.4303324,51.1283571],[71.4303785,51.1283792],[71.4304337,51.1283901],[71.4304916,51.1283887],[71.4305463,51.1283747],[71.43059,51.1283496]]}},{"type":"Feature","id":"way/1548129894/road","properties":{"osm_id":"1548129894","name":null,"kind":"road","highway":"steps","surface":null,"lanes":null},"geometry":{"type":"LineString","coordinates":[[71.4306176,51.1282611],[71.4306712,51.1282533],[71.4307935,51.1282355]]}},{"type":"Feature","id":"way/1548129895/road","properties":{"osm_id":"1548129895","name":null,"kind":"road","highway":"steps","surface":null,"lanes":null},"geometry":{"type":"LineString","coordinates":[[71.4302949,51.12831],[71.4302302,51.128322],[71.4301336,51.12834]]}},{"type":"Feature","id":"way/1548447933/road","properties":{"osm_id":"1548447933","name":null,"kind":"road","highway":"footway","surface":null,"lanes":null},"geometry":{"type":"LineString","coordinates":[[71.4297808,51.1276706],[71.4300184,51.1278769],[71.4300663,51.1279936]]}},{"type":"Feature","id":"way/1548447934/road","properties":{"osm_id":"1548447934","name":null,"kind":"road","highway":"footway","surface":null,"lanes":null},"geometry":{"type":"LineString","coordinates":[[71.4305891,51.1275272],[71.4305431,51.1277885],[71.4305956,51.1279152]]}},{"type":"Feature","id":"way/1548447935/road","properties":{"osm_id":"1548447935","name":null,"kind":"road","highway":"footway","surface":null,"lanes":null},"geometry":{"type":"LineString","coordinates":[[71.4303444,51.1275306],[71.4303826,51.1276243],[71.4304559,51.127804],[71.4304972,51.1279055]]}},{"type":"Feature","id":"way/1548447936/road","properties":{"osm_id":"1548447936","name":null,"kind":"road","highway":"footway","surface":null,"lanes":null},"geometry":{"type":"LineString","coordinates":[[71.4299982,51.1275928],[71.4300366,51.1276863],[71.4301089,51.1278625],[71.4301479,51.1279574]]}},{"type":"Feature","id":"way/1548447937/road","properties":{"osm_id":"1548447937","name":null,"kind":"road","highway":"footway","surface":null,"lanes":null},"geometry":{"type":"LineString","coordinates":[[71.4300366,51.1276863],[71.4302058,51.127656],[71.4303826,51.1276243]]}},{"type":"Feature","id":"way/1548447938/road","properties":{"osm_id":"1548447938","name":null,"kind":"road","highway":"footway","surface":null,"lanes":null},"geometry":{"type":"LineString","coordinates":[[71.4303434,51.1290499],[71.4303961,51.128788],[71.43035,51.1286547]]}},{"type":"Feature","id":"way/1548447939/road","properties":{"osm_id":"1548447939","name":null,"kind":"road","highway":"footway","surface":null,"lanes":null},"geometry":{"type":"LineString","coordinates":[[71.431157,51.128911],[71.4309186,51.1287015],[71.4308565,51.1285619]]}},{"type":"Feature","id":"way/1548447940/road","properties":{"osm_id":"1548447940","name":null,"kind":"road","highway":"footway","surface":null,"lanes":null},"geometry":{"type":"LineString","coordinates":[[71.4305827,51.1290473],[71.4305473,51.1289514],[71.4304821,51.1287749],[71.4304394,51.1286591]]}},{"type":"Feature","id":"way/1548447941/road","properties":{"osm_id":"1548447941","name":null,"kind":"road","highway":"footway","surface":null,"lanes":null},"geometry":{"type":"LineString","coordinates":[[71.4309322,51.12899],[71.4308925,51.1288899],[71.4308244,51.1287183],[71.4307776,51.1286001]]}},{"type":"Feature","id":"way/1548447942/road","properties":{"osm_id":"1548447942","name":null,"kind":"road","highway":"footway","surface":null,"lanes":null},"geometry":{"type":"LineString","coordinates":[[71.4305473,51.1289514],[71.4307212,51.1289204],[71.4308925,51.1288899]]}},{"type":"Feature","id":"way/1548447947/road","properties":{"osm_id":"1548447947","name":null,"kind":"road","highway":"footway","surface":null,"lanes":null},"geometry":{"type":"LineString","coordinates":[[71.4309102,51.1304821],[71.4309357,51.1302759],[71.4309646,51.1300429],[71.4308571,51.1297729],[71.4307532,51.1295119],[71.4306362,51.1292178],[71.4307899,51.129102],[71.4309947,51.1291629],[71.4311092,51.1294537],[71.4312127,51.1297166],[71.4313178,51.1299836],[71.4315159,51.1301822],[71.431697,51.130353]]}},{"type":"Feature","id":"way/1548447949/road","properties":{"osm_id":"1548447949","name":null,"kind":"road","highway":"footway","surface":null,"lanes":null},"geometry":{"type":"LineString","coordinates":[[71.4328532,51.1301751],[71.4330053,51.1301733],[71.4330213,51.1301732]]}},{"type":"Feature","id":"way/1548447955/road","properties":{"osm_id":"1548447955","name":null,"kind":"road","highway":"footway","surface":null,"lanes":null},"geometry":{"type":"LineString","coordinates":[[71.4322718,51.128457],[71.4323041,51.1285401],[71.4323644,51.1286944],[71.4325632,51.1292027],[71.4326577,51.129248],[71.4330018,51.1301367],[71.4330053,51.1301733],[71.4329956,51.1302087],[71.4329763,51.1302357],[71.4329602,51.1302491],[71.4329313,51.1302649]]}},{"type":"Feature","id":"way/1548447965/road","properties":{"osm_id":"1548447965","name":null,"kind":"road","highway":"footway","surface":null,"lanes":null},"geometry":{"type":"LineString","coordinates":[[71.4297273,51.1306526],[71.4295937,51.1307145],[71.4295831,51.1307194]]}},{"type":"Feature","id":"way/1548447970/road","properties":{"osm_id":"1548447970","name":null,"kind":"road","highway":"footway","surface":null,"lanes":null},"geometry":{"type":"LineString","coordinates":[[71.428768,51.128561],[71.4289128,51.1289325],[71.4290136,51.1291907],[71.4290611,51.1291988]]}},{"type":"Feature","id":"way/1548447972/road","properties":{"osm_id":"1548447972","name":null,"kind":"road","highway":"footway","surface":null,"lanes":null},"geometry":{"type":"LineString","coordinates":[[71.428997,51.128919],[71.4290243,51.1289793],[71.4290007,51.1290109],[71.4290744,51.129188]]}},{"type":"Feature","id":"way/1548447975/road","properties":{"osm_id":"1548447975","name":null,"kind":"road","highway":"footway","surface":null,"lanes":null},"geometry":{"type":"LineString","coordinates":[[71.4292195,51.1262136],[71.4293858,51.1263864],[71.4295667,51.1265833]]}},{"type":"Feature","id":"way/1548447976/road","properties":{"osm_id":"1548447976","name":null,"kind":"road","highway":"footway","surface":null,"lanes":null},"geometry":{"type":"LineString","coordinates":[[71.4299655,51.1265272],[71.4299948,51.1263012],[71.4300229,51.1260924]]}},{"type":"Feature","id":"way/1548472346/road","properties":{"osm_id":"1548472346","name":null,"kind":"road","highway":"footway","surface":null,"lanes":null},"geometry":{"type":"LineString","coordinates":[[71.4317967,51.1272671],[71.4318723,51.1272892],[71.4319864,51.1275662]]}},{"type":"Feature","id":"way/1548472348/road","properties":{"osm_id":"1548472348","name":null,"kind":"road","highway":"footway","surface":null,"lanes":null},"geometry":{"type":"LineString","coordinates":[[71.4311145,51.1258082],[71.4311203,51.1258173],[71.431179,51.1259096],[71.4313205,51.1258717],[71.4313304,51.1258691]]}},{"type":"Feature","id":"way/1548472349/road","properties":{"osm_id":"1548472349","name":null,"kind":"road","highway":"footway","surface":null,"lanes":null},"geometry":{"type":"LineString","coordinates":[[71.4307702,51.125974],[71.4311203,51.1258173],[71.4311681,51.1258099],[71.4312142,51.1258106],[71.4312625,51.1258227],[71.4312979,51.1258416],[71.4313205,51.1258717],[71.4313445,51.1259261],[71.4315897,51.1265163],[71.4314899,51.1265904]]}},{"type":"Feature","id":"way/1548472353/road","properties":{"osm_id":"1548472353","name":null,"kind":"road","highway":"footway","surface":null,"lanes":null},"geometry":{"type":"LineString","coordinates":[[71.4305735,51.12595],[71.4305946,51.1260017]]}},{"type":"Feature","id":"way/1548472358/road","properties":{"osm_id":"1548472358","name":null,"kind":"road","highway":"footway","surface":null,"lanes":null},"geometry":{"type":"LineString","coordinates":[[71.4286659,51.1278309],[71.428523,51.1277886],[71.4284088,51.1274938],[71.428299,51.1272104]]}},{"type":"Feature","id":"way/1548472359/road","properties":{"osm_id":"1548472359","name":null,"kind":"road","highway":"footway","surface":null,"lanes":null},"geometry":{"type":"LineString","coordinates":[[71.4279513,51.1264539],[71.4282065,51.1271442],[71.4283112,51.1271993]]}},{"type":"Feature","id":"way/1548472363/road","properties":{"osm_id":"1548472363","name":null,"kind":"road","highway":"footway","surface":null,"lanes":null},"geometry":{"type":"LineString","coordinates":[[71.428768,51.128561],[71.4286156,51.1281812],[71.4284715,51.1278216],[71.428523,51.1277886]]}},{"type":"Feature","id":"way/1548472367/road","properties":{"osm_id":"1548472367","name":null,"kind":"road","highway":"footway","surface":null,"lanes":null},"geometry":{"type":"LineString","coordinates":[[71.4293269,51.1288467],[71.4293751,51.1289036],[71.429387,51.1289161]]}},{"type":"Feature","id":"way/1548472368/road","properties":{"osm_id":"1548472368","name":null,"kind":"road","highway":"footway","surface":null,"lanes":null},"geometry":{"type":"LineString","coordinates":[[71.4290466,51.1281301],[71.4290502,51.1280754],[71.4290535,51.1280655]]}},{"type":"Feature","id":"way/1548472383/road","properties":{"osm_id":"1548472383","name":null,"kind":"road","highway":"footway","surface":null,"lanes":null},"geometry":{"type":"LineString","coordinates":[[71.4289347,51.1281467],[71.4287995,51.1281686],[71.4286649,51.1281903]]}},{"type":"Feature","id":"way/1548472384/road","properties":{"osm_id":"1548472384","name":null,"kind":"road","highway":"footway","surface":null,"lanes":null},"geometry":{"type":"LineString","coordinates":[[71.4287813,51.1281549],[71.4287995,51.1281686],[71.4288302,51.1282488],[71.4288589,51.1283236],[71.4288862,51.128395],[71.42894,51.1285352],[71.4289908,51.1286679],[71.4290164,51.128735],[71.4290457,51.1288114],[71.4290742,51.1288858]]}},{"type":"Feature","id":"way/1548472385/road","properties":{"osm_id":"1548472385","name":null,"kind":"road","highway":"footway","surface":null,"lanes":null},"geometry":{"type":"LineString","coordinates":[[71.4292211,51.1288637],[71.4290742,51.1288858],[71.4289888,51.1288998],[71.428939,51.128908],[71.4289104,51.1288314],[71.4288819,51.1287551],[71.4288569,51.1286882],[71.4288073,51.1285552],[71.4287524,51.1284145],[71.4287249,51.1283441],[71.4286956,51.1282691],[71.4286649,51.1281903]]}},{"type":"Feature","id":"way/1548472387/road","properties":{"osm_id":"1548472387","name":null,"kind":"road","highway":"footway","surface":null,"lanes":null},"geometry":{"type":"LineString","coordinates":[[71.428997,51.128919],[71.4289888,51.1288998]]}},{"type":"Feature","id":"way/1548472388/road","properties":{"osm_id":"1548472388","name":null,"kind":"road","highway":"footway","surface":null,"lanes":null},"geometry":{"type":"LineString","coordinates":[[71.4294079,51.1288324],[71.4293473,51.1287667],[71.4293354,51.1287538],[71.4292847,51.128695],[71.4292635,51.1286703],[71.4292337,51.1286312],[71.4292174,51.1286097],[71.4291766,51.1285444],[71.4291554,51.1285027],[71.4291369,51.1284529],[71.4291219,51.128368],[71.4291213,51.1283606],[71.4291165,51.1282987],[71.4291177,51.1282839],[71.429123,51.1282165],[71.4291245,51.1282045],[71.4291356,51.1281169]]}},{"type":"Feature","id":"way/1548472389/road","properties":{"osm_id":"1548472389","name":null,"kind":"road","highway":"footway","surface":null,"lanes":null},"geometry":{"type":"LineString","coordinates":[[71.4287524,51.1284145],[71.4288862,51.128395],[71.4290258,51.1283746],[71.4291213,51.1283606]]}},{"type":"Feature","id":"way/1548472390/road","properties":{"osm_id":"1548472390","name":null,"kind":"road","highway":"footway","surface":null,"lanes":null},"geometry":{"type":"LineString","coordinates":[[71.4287249,51.1283441],[71.4288589,51.1283236],[71.428997,51.1283024],[71.4291177,51.1282839]]}},{"type":"Feature","id":"way/1548472391/road","properties":{"osm_id":"1548472391","name":null,"kind":"road","highway":"footway","surface":null,"lanes":null},"geometry":{"type":"LineString","coordinates":[[71.4286956,51.1282691],[71.4288302,51.1282488],[71.4289673,51.1282282],[71.4291245,51.1282045]]}},{"type":"Feature","id":"way/1548472392/road","properties":{"osm_id":"1548472392","name":null,"kind":"road","highway":"footway","surface":null,"lanes":null},"geometry":{"type":"LineString","coordinates":[[71.4288569,51.1286882],[71.4289908,51.1286679],[71.4291343,51.1286462],[71.4292337,51.1286312]]}},{"type":"Feature","id":"way/1548472393/road","properties":{"osm_id":"1548472393","name":null,"kind":"road","highway":"footway","surface":null,"lanes":null},"geometry":{"type":"LineString","coordinates":[[71.4288819,51.1287551],[71.4290164,51.128735],[71.4291611,51.1287134],[71.4292847,51.128695]]}},{"type":"Feature","id":"way/1548472394/road","properties":{"osm_id":"1548472394","name":null,"kind":"road","highway":"footway","surface":null,"lanes":null},"geometry":{"type":"LineString","coordinates":[[71.4289104,51.1288314],[71.4290457,51.1288114],[71.4291916,51.1287897],[71.4293473,51.1287667]]}},{"type":"Feature","id":"way/1548472398/road","properties":{"osm_id":"1548472398","name":null,"kind":"road","highway":"footway","surface":null,"lanes":null},"geometry":{"type":"LineString","coordinates":[[71.4319864,51.1275662],[71.4321649,51.1280273],[71.4323249,51.1284477],[71.4324141,51.1286713],[71.4323644,51.1286944]]}},{"type":"Feature","id":"way/1548472399/road","properties":{"osm_id":"1548472399","name":null,"kind":"road","highway":"footway","surface":null,"lanes":null},"geometry":{"type":"LineString","coordinates":[[71.4319914,51.1284825],[71.4321264,51.1284609],[71.4322649,51.1284404],[71.4322718,51.128457]]}},{"type":"Feature","id":"way/1548472400/road","properties":{"osm_id":"1548472400","name":null,"kind":"road","highway":"footway","surface":null,"lanes":null},"geometry":{"type":"LineString","coordinates":[[71.4322649,51.1284404],[71.4322395,51.1283708],[71.4322141,51.1283011],[71.4321883,51.1282305],[71.432163,51.1281613],[71.4321165,51.1280338],[71.4320605,51.1278949],[71.4320327,51.1278262],[71.4320027,51.1277517],[71.4319724,51.1276766],[71.4319377,51.1275907],[71.4318072,51.1276113],[71.4316607,51.1276334]]}},{"type":"Feature","id":"way/1548472401/road","properties":{"osm_id":"1548472401","name":null,"kind":"road","highway":"footway","surface":null,"lanes":null},"geometry":{"type":"LineString","coordinates":[[71.4318215,51.1275915],[71.4318072,51.1276113],[71.4318397,51.1276972],[71.4318676,51.1277709],[71.4318959,51.1278456],[71.4319225,51.127916],[71.4319743,51.1280528],[71.4320227,51.1281827],[71.4320479,51.1282502],[71.4320741,51.1283205],[71.4321001,51.1283905],[71.4321264,51.1284609]]}},{"type":"Feature","id":"way/1548472402/road","properties":{"osm_id":"1548472402","name":null,"kind":"road","highway":"footway","surface":null,"lanes":null},"geometry":{"type":"LineString","coordinates":[[71.4313917,51.1276757],[71.4314667,51.1277334],[71.4314884,51.1277518],[71.4315397,51.1277954],[71.4315604,51.1278149],[71.4316083,51.12786],[71.4316283,51.1278834],[71.431663,51.127924],[71.431682,51.1279526],[71.4317081,51.127992],[71.4317506,51.1280845],[71.4317757,51.1281657],[71.4317793,51.1282198],[71.4317821,51.1282633],[71.4317792,51.128288],[71.4317714,51.1283535],[71.431769,51.1283629],[71.4317532,51.1284256],[71.4317477,51.1284404],[71.4317317,51.1284842],[71.4317123,51.1285283]]}},{"type":"Feature","id":"way/1548472419/road","properties":{"osm_id":"1548472419","name":null,"kind":"road","highway":"footway","surface":null,"lanes":null},"geometry":{"type":"LineString","coordinates":[[71.4322395,51.1283708],[71.4321001,51.1283905],[71.4319639,51.1284098],[71.4317477,51.1284404]]}},{"type":"Feature","id":"way/1548472420/road","properties":{"osm_id":"1548472420","name":null,"kind":"road","highway":"footway","surface":null,"lanes":null},"geometry":{"type":"LineString","coordinates":[[71.4322141,51.1283011],[71.4320741,51.1283205],[71.4319373,51.1283395],[71.431769,51.1283629]]}},{"type":"Feature","id":"way/1548472421/road","properties":{"osm_id":"1548472421","name":null,"kind":"road","highway":"footway","surface":null,"lanes":null},"geometry":{"type":"LineString","coordinates":[[71.4321883,51.1282305],[71.4320479,51.1282502],[71.4319107,51.1282695],[71.4317792,51.128288]]}},{"type":"Feature","id":"way/1548472422/road","properties":{"osm_id":"1548472422","name":null,"kind":"road","highway":"footway","surface":null,"lanes":null},"geometry":{"type":"LineString","coordinates":[[71.432163,51.1281613],[71.4320227,51.1281827],[71.4318857,51.1282035],[71.4317793,51.1282198]]}},{"type":"Feature","id":"way/1548472423/road","properties":{"osm_id":"1548472423","name":null,"kind":"road","highway":"footway","surface":null,"lanes":null},"geometry":{"type":"LineString","coordinates":[[71.4320605,51.1278949],[71.4319225,51.127916],[71.4317821,51.1279374],[71.431682,51.1279526]]}},{"type":"Feature","id":"way/1548472424/road","properties":{"osm_id":"1548472424","name":null,"kind":"road","highway":"footway","surface":null,"lanes":null},"geometry":{"type":"LineString","coordinates":[[71.4320327,51.1278262],[71.4318959,51.1278456],[71.4317535,51.1278657],[71.4316283,51.1278834]]}},{"type":"Feature","id":"way/1548472425/road","properties":{"osm_id":"1548472425","name":null,"kind":"road","highway":"footway","surface":null,"lanes":null},"geometry":{"type":"LineString","coordinates":[[71.4320027,51.1277517],[71.4318676,51.1277709],[71.4317239,51.1277915],[71.4315604,51.1278149]]}},{"type":"Feature","id":"way/1548472426/road","properties":{"osm_id":"1548472426","name":null,"kind":"road","highway":"footway","surface":null,"lanes":null},"geometry":{"type":"LineString","coordinates":[[71.4319724,51.1276766],[71.4318397,51.1276972],[71.4316952,51.1277197],[71.4314884,51.1277518]]}},{"type":"Feature","id":"way/1548472428/road","properties":{"osm_id":"1548472428","name":null,"kind":"road","highway":"footway","surface":null,"lanes":null},"geometry":{"type":"LineString","coordinates":[[71.4292904,51.1296694],[71.4291943,51.1297678],[71.4295597,51.1306608],[71.4295741,51.1306902],[71.4295937,51.1307145],[71.429624,51.1307347],[71.4296524,51.1307451],[71.4296948,51.1307522],[71.4297313,51.1307518],[71.4297645,51.1307483]]}},{"type":"Feature","id":"way/1548472429/road","properties":{"osm_id":"1548472429","name":null,"kind":"road","highway":"footway","surface":null,"lanes":null},"geometry":{"type":"LineString","coordinates":[[71.4280076,51.1263065],[71.4280138,51.1263136],[71.4280826,51.1263917]]}},{"type":"Feature","id":"way/1548472430/road","properties":{"osm_id":"1548472430","name":null,"kind":"road","highway":"footway","surface":null,"lanes":null},"geometry":{"type":"LineString","coordinates":[[71.4279513,51.1264539],[71.4279331,51.1264011],[71.427931,51.12638],[71.4279396,51.1263578],[71.4279557,51.1263396],[71.4279868,51.1263228],[71.4280138,51.1263136]]}},{"type":"Feature","id":"way/1548472431/road","properties":{"osm_id":"1548472431","name":null,"kind":"road","highway":"footway","surface":null,"lanes":null},"geometry":{"type":"LineString","coordinates":[[71.4280138,51.1263136],[71.4280832,51.1262952],[71.4288417,51.1261726],[71.429118,51.1262297]]}},{"type":"Feature","id":"way/1548472433/road","properties":{"osm_id":"1548472433","name":null,"kind":"road","highway":"footway","surface":null,"lanes":null},"geometry":{"type":"LineString","coordinates":[[71.4302949,51.12831],[71.4303615,51.1283015]]}},{"type":"Feature","id":"way/1548472434/road","properties":{"osm_id":"1548472434","name":null,"kind":"road","highway":"footway","surface":null,"lanes":null},"geometry":{"type":"LineString","coordinates":[[71.4305449,51.1282731],[71.4306176,51.1282611]]}},{"type":"Feature","id":"way/1548472435/road","properties":{"osm_id":"1548472435","name":null,"kind":"road","highway":"footway","surface":null,"lanes":null},"geometry":{"type":"LineString","coordinates":[[71.4300931,51.1283475],[71.4298773,51.1283876]]}},{"type":"Feature","id":"way/1548472436/road","properties":{"osm_id":"1548472436","name":null,"kind":"road","highway":"footway","surface":null,"lanes":null},"geometry":{"type":"LineString","coordinates":[[71.4308429,51.1282283],[71.4310414,51.1281927]]}},{"type":"Feature","id":"way/1548472437/road","properties":{"osm_id":"1548472437","name":null,"kind":"road","highway":"footway","surface":null,"lanes":null},"geometry":{"type":"LineString","coordinates":[[71.4298862,51.1281544],[71.4300931,51.1283475],[71.4300903,51.1285815]]}},{"type":"Feature","id":"way/1548472438/road","properties":{"osm_id":"1548472438","name":null,"kind":"road","highway":"footway","surface":null,"lanes":null},"geometry":{"type":"LineString","coordinates":[[71.4309039,51.1280315],[71.4308429,51.1282283],[71.4310011,51.1284386]]}},{"type":"Feature","id":"way/1548472439/road","properties":{"osm_id":"1548472439","name":null,"kind":"road","highway":"footway","surface":null,"lanes":null},"geometry":{"type":"LineString","coordinates":[[71.4307935,51.1282355],[71.4308429,51.1282283]]}},{"type":"Feature","id":"way/1548472440/road","properties":{"osm_id":"1548472440","name":null,"kind":"road","highway":"footway","surface":null,"lanes":null},"geometry":{"type":"LineString","coordinates":[[71.4301336,51.12834],[71.4300931,51.1283475]]}},{"type":"Feature","id":"way/1548702246/road","properties":{"osm_id":"1548702246","name":null,"kind":"road","highway":"footway","surface":null,"lanes":null},"geometry":{"type":"LineString","coordinates":[[71.4282214,51.1281786],[71.4282188,51.1281675]]}},{"type":"Feature","id":"way/1548702253/road","properties":{"osm_id":"1548702253","name":null,"kind":"road","highway":"footway","surface":null,"lanes":null},"geometry":{"type":"LineString","coordinates":[[71.4271904,51.1288997],[71.4273271,51.1292397]]}},{"type":"Feature","id":"way/1548702254/road","properties":{"osm_id":"1548702254","name":null,"kind":"road","highway":"footway","surface":null,"lanes":null},"geometry":{"type":"LineString","coordinates":[[71.4279156,51.1285944],[71.4279808,51.1287708]]}},{"type":"Feature","id":"way/1548702255/road","properties":{"osm_id":"1548702255","name":null,"kind":"road","highway":"footway","surface":null,"lanes":null},"geometry":{"type":"LineString","coordinates":[[71.4284853,51.1286012],[71.4282418,51.1287288]]}},{"type":"Feature","id":"way/1548702256/road","properties":{"osm_id":"1548702256","name":null,"kind":"road","highway":"footway","surface":null,"lanes":null},"geometry":{"type":"LineString","coordinates":[[71.4283749,51.1290804],[71.4284415,51.1290704],[71.4285488,51.1290542],[71.428582,51.1290441],[71.4286067,51.129028],[71.4286174,51.1290064],[71.4286185,51.1289856],[71.4286166,51.1289641]]}},{"type":"Feature","id":"way/1548702257/road","properties":{"osm_id":"1548702257","name":null,"kind":"road","highway":"footway","surface":null,"lanes":null},"geometry":{"type":"LineString","coordinates":[[71.4284473,51.1290865],[71.4284415,51.1290704]]}},{"type":"Feature","id":"way/1548702258/road","properties":{"osm_id":"1548702258","name":null,"kind":"road","highway":"footway","surface":null,"lanes":null},"geometry":{"type":"LineString","coordinates":[[71.4267485,51.1288293],[71.427198,51.1287587],[71.427228,51.1288341],[71.4267851,51.1289049]]}},{"type":"Feature","id":"way/1548702259/road","properties":{"osm_id":"1548702259","name":null,"kind":"road","highway":"footway","surface":null,"lanes":null},"geometry":{"type":"LineString","coordinates":[[71.427178,51.1287119],[71.427198,51.1287587]]}},{"type":"Feature","id":"way/1548702260/road","properties":{"osm_id":"1548702260","name":null,"kind":"road","highway":"footway","surface":null,"lanes":null},"geometry":{"type":"LineString","coordinates":[[71.427228,51.1288341],[71.4272508,51.1288898]]}},{"type":"Feature","id":"way/1548702261/road","properties":{"osm_id":"1548702261","name":null,"kind":"road","highway":"footway","surface":null,"lanes":null},"geometry":{"type":"LineString","coordinates":[[71.4265887,51.1288558],[71.4266208,51.1289329]]}},{"type":"Feature","id":"way/1548702262/road","properties":{"osm_id":"1548702262","name":null,"kind":"road","highway":"footway","surface":null,"lanes":null},"geometry":{"type":"LineString","coordinates":[[71.4258441,51.1289109],[71.425978,51.1288874],[71.4260236,51.1288795],[71.4260127,51.128857],[71.4259725,51.128765]]}},{"type":"Feature","id":"way/1548702263/road","properties":{"osm_id":"1548702263","name":null,"kind":"road","highway":"footway","surface":null,"lanes":null},"geometry":{"type":"LineString","coordinates":[[71.4262399,51.1287197],[71.4262802,51.1288147],[71.4262886,51.1288344],[71.4263455,51.1288248],[71.4264581,51.1288046]]}},{"type":"Feature","id":"way/1548702264/road","properties":{"osm_id":"1548702264","name":null,"kind":"road","highway":"footway","surface":null,"lanes":null},"geometry":{"type":"LineString","coordinates":[[71.4259164,51.1290776],[71.4260551,51.1290556],[71.4260912,51.1290499],[71.4261077,51.1290879],[71.4261424,51.1291676]]}},{"type":"Feature","id":"way/1548702265/road","properties":{"osm_id":"1548702265","name":null,"kind":"road","highway":"footway","surface":null,"lanes":null},"geometry":{"type":"LineString","coordinates":[[71.4264139,51.1291226],[71.426379,51.1290428],[71.4263648,51.1290101],[71.4264226,51.1289998],[71.426534,51.1289831]]}},{"type":"Feature","id":"way/1548702266/road","properties":{"osm_id":"1548702266","name":null,"kind":"road","highway":"footway","surface":null,"lanes":null},"geometry":{"type":"LineString","coordinates":[[71.425978,51.1288874],[71.4260551,51.1290556]]}},{"type":"Feature","id":"way/1548702267/road","properties":{"osm_id":"1548702267","name":null,"kind":"road","highway":"footway","surface":null,"lanes":null},"geometry":{"type":"LineString","coordinates":[[71.4261077,51.1290879],[71.426379,51.1290428]]}},{"type":"Feature","id":"way/1548702268/road","properties":{"osm_id":"1548702268","name":null,"kind":"road","highway":"footway","surface":null,"lanes":null},"geometry":{"type":"LineString","coordinates":[[71.4260127,51.128857],[71.4262802,51.1288147]]}},{"type":"Feature","id":"way/1548702269/road","properties":{"osm_id":"1548702269","name":null,"kind":"road","highway":"footway","surface":null,"lanes":null},"geometry":{"type":"LineString","coordinates":[[71.4263455,51.1288248],[71.4264226,51.1289998]]}},{"type":"Feature","id":"way/1548702270/road","properties":{"osm_id":"1548702270","name":null,"kind":"road","highway":"footway","surface":null,"lanes":null},"geometry":{"type":"LineString","coordinates":[[71.4251921,51.1290168],[71.4252139,51.1290686],[71.4252476,51.1291489],[71.4252644,51.1291889]]}},{"type":"Feature","id":"way/1548702271/road","properties":{"osm_id":"1548702271","name":null,"kind":"road","highway":"footway","surface":null,"lanes":null},"geometry":{"type":"LineString","coordinates":[[71.4255958,51.1290027],[71.4252139,51.1290686]]}},{"type":"Feature","id":"way/1548702272/road","properties":{"osm_id":"1548702272","name":null,"kind":"road","highway":"footway","surface":null,"lanes":null},"geometry":{"type":"LineString","coordinates":[[71.4256295,51.1290876],[71.4252476,51.1291489]]}},{"type":"Feature","id":"way/1548702273/road","properties":{"osm_id":"1548702273","name":null,"kind":"road","highway":"footway","surface":null,"lanes":null},"geometry":{"type":"LineString","coordinates":[[71.4237852,51.1289269],[71.4239157,51.1292234]]}},{"type":"Feature","id":"way/1548702274/road","properties":{"osm_id":"1548702274","name":null,"kind":"road","highway":"footway","surface":null,"lanes":null},"geometry":{"type":"LineString","coordinates":[[71.4239497,51.1292179],[71.4239699,51.1292683],[71.4239989,51.1293405],[71.4240172,51.1293859]]}},{"type":"Feature","id":"way/1548702275/road","properties":{"osm_id":"1548702275","name":null,"kind":"road","highway":"footway","surface":null,"lanes":null},"geometry":{"type":"LineString","coordinates":[[71.423607,51.1294042],[71.4239989,51.1293405]]}},{"type":"Feature","id":"way/1548702276/road","properties":{"osm_id":"1548702276","name":null,"kind":"road","highway":"footway","surface":null,"lanes":null},"geometry":{"type":"LineString","coordinates":[[71.4235801,51.1293267],[71.4239699,51.1292683]]}},{"type":"Feature","id":"way/1548702277/road","properties":{"osm_id":"1548702277","name":null,"kind":"road","highway":"footway","surface":null,"lanes":null},"geometry":{"type":"LineString","coordinates":[[71.4230887,51.1293725],[71.4231315,51.1293939],[71.4231599,51.1294232],[71.4231643,51.1294372],[71.4231705,51.1294569],[71.4231621,51.1294908],[71.4231356,51.1295209],[71.4230943,51.1295433],[71.4230432,51.1295556],[71.422989,51.1295561],[71.4229378,51.129545],[71.4228957,51.1295236],[71.4228676,51.1294945],[71.4228623,51.1294777],[71.4228571,51.1294611],[71.4228653,51.1294275],[71.4228912,51.1293976],[71.4229318,51.1293751],[71.4229822,51.1293626],[71.4230368,51.1293616],[71.4230887,51.1293725]]}},{"type":"Feature","id":"way/1548702278/road","properties":{"osm_id":"1548702278","name":null,"kind":"road","highway":"footway","surface":null,"lanes":null},"geometry":{"type":"LineString","coordinates":[[71.4227639,51.1294493],[71.4228623,51.1294777],[71.4227916,51.1295327]]}},{"type":"Feature","id":"way/1548702279/road","properties":{"osm_id":"1548702279","name":null,"kind":"road","highway":"footway","surface":null,"lanes":null},"geometry":{"type":"LineString","coordinates":[[71.4232441,51.129375],[71.4231643,51.1294372],[71.4232726,51.1294574]]}},{"type":"Feature","id":"way/1548702280/road","properties":{"osm_id":"1548702280","name":null,"kind":"road","highway":"footway","surface":null,"lanes":null},"geometry":{"type":"LineString","coordinates":[[71.4228639,51.129223],[71.4229006,51.1293161],[71.4229822,51.1293626],[71.4230156,51.1292976],[71.4229808,51.1292056]]}},{"type":"Feature","id":"way/1548702281/road","properties":{"osm_id":"1548702281","name":null,"kind":"road","highway":"footway","surface":null,"lanes":null},"geometry":{"type":"LineString","coordinates":[[71.4230383,51.1297128],[71.4230044,51.12962],[71.4230432,51.1295556],[71.4231248,51.1296021],[71.4231647,51.1296946]]}},{"type":"Feature","id":"way/1548702282/road","properties":{"osm_id":"1548702282","name":null,"kind":"road","highway":"footway","surface":null,"lanes":null},"geometry":{"type":"LineString","coordinates":[[71.4225152,51.129275],[71.4224713,51.129163]]}},{"type":"Feature","id":"way/1548702283/road","properties":{"osm_id":"1548702283","name":null,"kind":"road","highway":"footway","surface":null,"lanes":null},"geometry":{"type":"LineString","coordinates":[[71.4227574,51.1291412],[71.4227924,51.1292336]]}},{"type":"Feature","id":"way/1548702284/road","properties":{"osm_id":"1548702284","name":null,"kind":"road","highway":"footway","surface":null,"lanes":null},"geometry":{"type":"LineString","coordinates":[[71.4230261,51.1290984],[71.4230624,51.1291934]]}},{"type":"Feature","id":"way/1548702285/road","properties":{"osm_id":"1548702285","name":null,"kind":"road","highway":"footway","surface":null,"lanes":null},"geometry":{"type":"LineString","coordinates":[[71.4235555,51.1297427],[71.4234991,51.1297424],[71.4233221,51.1297599],[71.4232845,51.1297653],[71.423008,51.1298057],[71.4229669,51.1298117],[71.4227421,51.1298625],[71.4225188,51.1299129],[71.4224834,51.129918],[71.4222156,51.1299568],[71.4208636,51.1301515],[71.4206023,51.1301891]]}},{"type":"Feature","id":"way/1548702286/road","properties":{"osm_id":"1548702286","name":null,"kind":"road","highway":"footway","surface":null,"lanes":null},"geometry":{"type":"LineString","coordinates":[[71.4227025,51.1297613],[71.4227421,51.1298625]]}},{"type":"Feature","id":"way/1548702287/road","properties":{"osm_id":"1548702287","name":null,"kind":"road","highway":"footway","surface":null,"lanes":null},"geometry":{"type":"LineString","coordinates":[[71.423008,51.1298057],[71.4229768,51.1297217]]}},{"type":"Feature","id":"way/1548702288/road","properties":{"osm_id":"1548702288","name":null,"kind":"road","highway":"footway","surface":null,"lanes":null},"geometry":{"type":"LineString","coordinates":[[71.4232845,51.1297653],[71.4232516,51.129682]]}},{"type":"Feature","id":"way/1548702289/road","properties":{"osm_id":"1548702289","name":null,"kind":"road","highway":"footway","surface":null,"lanes":null},"geometry":{"type":"LineString","coordinates":[[71.4222156,51.1299568],[71.4221122,51.129684],[71.4220948,51.129638],[71.4220647,51.1295588],[71.4220433,51.1295023],[71.4219402,51.1292304]]}},{"type":"Feature","id":"way/1548702290/road","properties":{"osm_id":"1548702290","name":null,"kind":"road","highway":"footway","surface":null,"lanes":null},"geometry":{"type":"LineString","coordinates":[[71.4224113,51.1295034],[71.4220647,51.1295588]]}},{"type":"Feature","id":"way/1548702291/road","properties":{"osm_id":"1548702291","name":null,"kind":"road","highway":"footway","surface":null,"lanes":null},"geometry":{"type":"LineString","coordinates":[[71.4224369,51.1295845],[71.4220948,51.129638]]}},{"type":"Feature","id":"way/1548702292/road","properties":{"osm_id":"1548702292","name":null,"kind":"road","highway":"footway","surface":null,"lanes":null},"geometry":{"type":"LineString","coordinates":[[71.4222061,51.1291861],[71.4223088,51.1294594]]}},{"type":"Feature","id":"way/1548702293/road","properties":{"osm_id":"1548702293","name":null,"kind":"road","highway":"footway","surface":null,"lanes":null},"geometry":{"type":"LineString","coordinates":[[71.4223827,51.1296415],[71.4224834,51.129918]]}},{"type":"Feature","id":"way/1548702294/road","properties":{"osm_id":"1548702294","name":null,"kind":"road","highway":"footway","surface":null,"lanes":null},"geometry":{"type":"LineString","coordinates":[[71.4202202,51.1299221],[71.4202377,51.129973],[71.4203137,51.1301938],[71.4205701,51.1301925],[71.4206023,51.1301891],[71.4205011,51.1299277]]}},{"type":"Feature","id":"way/1548702295/road","properties":{"osm_id":"1548702295","name":null,"kind":"road","highway":"footway","surface":null,"lanes":null},"geometry":{"type":"LineString","coordinates":[[71.4208636,51.1301515],[71.4207695,51.1298871]]}},{"type":"Feature","id":"way/1548702296/road","properties":{"osm_id":"1548702296","name":null,"kind":"road","highway":"footway","surface":null,"lanes":null},"geometry":{"type":"LineString","coordinates":[[71.4203417,51.129499],[71.4203934,51.1296216],[71.4204503,51.1297563]]}},{"type":"Feature","id":"way/1548702297/road","properties":{"osm_id":"1548702297","name":null,"kind":"road","highway":"footway","surface":null,"lanes":null},"geometry":{"type":"LineString","coordinates":[[71.4206018,51.1294526],[71.4206506,51.1295789],[71.4207032,51.1297153]]}},{"type":"Feature","id":"way/1548702298/road","properties":{"osm_id":"1548702298","name":null,"kind":"road","highway":"footway","surface":null,"lanes":null},"geometry":{"type":"LineString","coordinates":[[71.4203934,51.1296216],[71.4206506,51.1295789]]}},{"type":"Feature","id":"way/1548702299/road","properties":{"osm_id":"1548702299","name":null,"kind":"road","highway":"footway","surface":null,"lanes":null},"geometry":{"type":"LineString","coordinates":[[71.4207416,51.1297092],[71.4207602,51.1297581],[71.4207904,51.1298374],[71.4208072,51.1298814]]}},{"type":"Feature","id":"way/1548702300/road","properties":{"osm_id":"1548702300","name":null,"kind":"road","highway":"footway","surface":null,"lanes":null},"geometry":{"type":"LineString","coordinates":[[71.4203929,51.1298152],[71.4207602,51.1297581]]}},{"type":"Feature","id":"way/1548702301/road","properties":{"osm_id":"1548702301","name":null,"kind":"road","highway":"footway","surface":null,"lanes":null},"geometry":{"type":"LineString","coordinates":[[71.4204151,51.1298948],[71.4207904,51.1298374]]}},{"type":"Feature","id":"way/1548702302/road","properties":{"osm_id":"1548702302","name":null,"kind":"road","highway":"footway","surface":null,"lanes":null},"geometry":{"type":"LineString","coordinates":[[71.4203137,51.1301938],[71.4200415,51.1301987],[71.4197765,51.1302391],[71.4195329,51.1303024],[71.4193132,51.1303806],[71.4192756,51.1303863],[71.4190256,51.130424],[71.4179554,51.1305857],[71.4178274,51.130605],[71.4177718,51.1306134],[71.4177358,51.1306144],[71.4176999,51.13061],[71.4176774,51.1305447],[71.417654,51.1304768],[71.4176235,51.1303884]]}},{"type":"Feature","id":"way/1548702303/road","properties":{"osm_id":"1548702303","name":null,"kind":"road","highway":"footway","surface":null,"lanes":null},"geometry":{"type":"LineString","coordinates":[[71.420194,51.1298458],[71.4201759,51.1297995],[71.4200887,51.1295761]]}},{"type":"Feature","id":"way/1548702307/road","properties":{"osm_id":"1548702307","name":null,"kind":"road","highway":"footway","surface":null,"lanes":null},"geometry":{"type":"LineString","coordinates":[[71.4200415,51.1301987],[71.419974,51.130016],[71.4202377,51.129973]]}},{"type":"Feature","id":"way/1548702308/road","properties":{"osm_id":"1548702308","name":null,"kind":"road","highway":"footway","surface":null,"lanes":null},"geometry":{"type":"LineString","coordinates":[[71.4198372,51.1296596],[71.4199076,51.1298435],[71.4201759,51.1297995]]}},{"type":"Feature","id":"way/1548706436/road","properties":{"osm_id":"1548706436","name":null,"kind":"road","highway":"footway","surface":null,"lanes":null},"geometry":{"type":"LineString","coordinates":[[71.4237163,51.1271948],[71.4237005,51.1272264],[71.4236968,51.1272486],[71.4236936,51.1272671],[71.4236861,51.127288],[71.4236297,51.1274042]]}},{"type":"Feature","id":"way/1548706463/road","properties":{"osm_id":"1548706463","name":null,"kind":"road","highway":"footway","surface":null,"lanes":null},"geometry":{"type":"LineString","coordinates":[[71.4229619,51.1274281],[71.4230337,51.1274277],[71.4230842,51.127423],[71.4231239,51.1274102],[71.4231571,51.1273924],[71.4232033,51.1273638],[71.4232177,51.1273409],[71.4232226,51.1273214],[71.4232236,51.1272944],[71.42322,51.1272629],[71.4232526,51.1273008],[71.4232655,51.1273146],[71.4232912,51.1273264],[71.4233379,51.1273321],[71.4234146,51.1273321],[71.423465,51.1273355],[71.4234956,51.1273345],[71.4235241,51.1273306],[71.423523,51.1273405],[71.4235257,51.127352],[71.4235353,51.1273601],[71.4236029,51.127388],[71.4236297,51.1274042],[71.4236469,51.1274176],[71.4236608,51.1274287],[71.4236743,51.1274338],[71.4236946,51.1274341],[71.4237279,51.1274294],[71.4237091,51.1274439],[71.423693,51.1274641],[71.4236898,51.1274836],[71.4236968,51.127526],[71.4236952,51.1275604],[71.4236861,51.127585],[71.4236866,51.1276031],[71.4236957,51.127624],[71.4237102,51.1276348],[71.4237349,51.1276435],[71.4236946,51.1276408],[71.4236635,51.1276466],[71.4236351,51.1276637],[71.4235986,51.1276897],[71.4235734,51.1277058],[71.4235423,51.1277173],[71.4235246,51.1277237],[71.4235058,51.1277307],[71.4234908,51.1277442],[71.4234721,51.1277762],[71.4234645,51.1277691],[71.4234414,51.127757],[71.4234232,51.1277506],[71.4233835,51.1277496],[71.4233363,51.1277472],[71.4232832,51.1277398],[71.4232397,51.1277358],[71.423214,51.1277361],[71.4231834,51.1277412],[71.4231995,51.1277317],[71.423207,51.1277216],[71.4232081,51.1277119],[71.4232006,51.1277051],[71.4231614,51.1276836],[71.4231314,51.127661],[71.4231153,51.1276503],[71.4230922,51.1276449],[71.4230557,51.1276425],[71.4230177,51.1276462],[71.4230402,51.1276274],[71.4230622,51.1275964],[71.4230686,51.1275691],[71.423067,51.1275291],[71.4230665,51.1274927],[71.4230643,51.1274809],[71.4230477,51.1274628],[71.4230284,51.1274506],[71.4229871,51.1274348],[71.4229619,51.1274281]]}},{"type":"Feature","id":"way/1548706464/road","properties":{"osm_id":"1548706464","name":null,"kind":"road","highway":"footway","surface":null,"lanes":null},"geometry":{"type":"LineString","coordinates":[[71.4237193,51.1270713],[71.4237435,51.1271631],[71.4238417,51.1273949],[71.4239479,51.127646],[71.424016,51.127807],[71.424115,51.1280409],[71.4242218,51.1282934],[71.4242703,51.1284079],[71.4242909,51.1284566],[71.4243362,51.1285638],[71.424385,51.1286791],[71.4243872,51.1286993],[71.4243786,51.1287114],[71.4243529,51.1287202],[71.4239273,51.1287966],[71.423487,51.1288757],[71.4234358,51.1288725]]}},{"type":"Feature","id":"way/1548706465/road","properties":{"osm_id":"1548706465","name":null,"kind":"road","highway":"footway","surface":null,"lanes":null},"geometry":{"type":"LineString","coordinates":[[71.4236038,51.127475],[71.4237279,51.1274294],[71.4238417,51.1273949]]}},{"type":"Feature","id":"way/1548706466/road","properties":{"osm_id":"1548706466","name":null,"kind":"road","highway":"footway","surface":null,"lanes":null},"geometry":{"type":"LineString","coordinates":[[71.4228363,51.1273921],[71.4229502,51.1276688],[71.4230225,51.1278442],[71.4230289,51.1278752],[71.4230271,51.1278872],[71.4230257,51.127896],[71.4230085,51.1279358],[71.4230064,51.1279573],[71.4230107,51.1279782],[71.4230772,51.1281351],[71.4230922,51.1281465],[71.4231341,51.1281539]]}},{"type":"Feature","id":"way/1548706467/road","properties":{"osm_id":"1548706467","name":null,"kind":"road","highway":"footway","surface":null,"lanes":null},"geometry":{"type":"LineString","coordinates":[[71.4232951,51.1276789],[71.4231834,51.1277412],[71.4231448,51.1277587],[71.4231126,51.1277789],[71.423089,51.1278132],[71.423089,51.1278375],[71.4231072,51.127861],[71.4231319,51.127888],[71.4231496,51.1279077],[71.4231716,51.1279196],[71.4231934,51.1279391],[71.4232095,51.1279581],[71.423219,51.1279827],[71.4232242,51.1280045],[71.423243,51.1280272],[71.4232917,51.1280444],[71.4233306,51.1280498],[71.4233821,51.1280507],[71.4234267,51.128045],[71.4234554,51.1280307],[71.4234838,51.1280166],[71.4235302,51.1279762],[71.4235542,51.1279521]]}},{"type":"Feature","id":"way/1548706468/road","properties":{"osm_id":"1548706468","name":null,"kind":"road","highway":"footway","surface":null,"lanes":null},"geometry":{"type":"LineString","coordinates":[[71.423089,51.1278375],[71.4230729,51.1278651],[71.4230472,51.1278806],[71.4230271,51.1278872],[71.4230708,51.1279021],[71.4230954,51.1279055],[71.4231496,51.1279077]]}},{"type":"Feature","id":"way/1548706479/road","properties":{"osm_id":"1548706479","name":null,"kind":"road","highway":"footway","surface":null,"lanes":null},"geometry":{"type":"LineString","coordinates":[[71.4231552,51.1275877],[71.4230177,51.1276462],[71.4229502,51.1276688]]}},{"type":"Feature","id":"way/1548706482/road","properties":{"osm_id":"1548706482","name":null,"kind":"road","highway":"footway","surface":null,"lanes":null},"geometry":{"type":"LineString","coordinates":[[71.4235855,51.1276194],[71.4237349,51.1276435],[71.4238011,51.127657],[71.4238143,51.1276597],[71.4238593,51.1276644],[71.4238883,51.1276631],[71.423913,51.1276584],[71.4239288,51.1276527],[71.4239479,51.127646]]}},{"type":"Feature","id":"way/1548706493/road","properties":{"osm_id":"1548706493","name":null,"kind":"road","highway":"footway","surface":null,"lanes":null},"geometry":{"type":"LineString","coordinates":[[71.4231704,51.12849],[71.4231949,51.1284643],[71.4232164,51.1284522],[71.4232389,51.1284468],[71.4232733,51.1284502],[71.423278,51.1284513],[71.423372,51.1284731],[71.4234256,51.1284886],[71.4234567,51.1285054],[71.4234846,51.128529],[71.4235168,51.1285424],[71.423564,51.1285552],[71.423622,51.1285579],[71.4236606,51.1285498],[71.4237121,51.1285229],[71.4237335,51.1284987],[71.4237421,51.1284791],[71.4237365,51.1284485]]}},{"type":"Feature","id":"way/1548706494/road","properties":{"osm_id":"1548706494","name":null,"kind":"road","highway":"footway","surface":null,"lanes":null},"geometry":{"type":"LineString","coordinates":[[71.423564,51.1285552],[71.4236348,51.1285754],[71.4236584,51.1285956],[71.423667,51.1286185],[71.4236681,51.1286401],[71.4236601,51.1286673]]}},{"type":"Feature","id":"way/1548706495/road","properties":{"osm_id":"1548706495","name":null,"kind":"road","highway":"footway","surface":null,"lanes":null},"geometry":{"type":"LineString","coordinates":[[71.4236943,51.1286394],[71.4237378,51.1286266],[71.4238172,51.1286185],[71.423873,51.1286239],[71.4239073,51.1286387],[71.4239342,51.1286629],[71.4239427,51.1286879],[71.4239438,51.1287175],[71.4239395,51.1287512],[71.4239273,51.1287966]]}},{"type":"Feature","id":"way/1548706498/road","properties":{"osm_id":"1548706498","name":null,"kind":"road","highway":"footway","surface":null,"lanes":null},"geometry":{"type":"LineString","coordinates":[[71.4232984,51.1284158],[71.4232974,51.128435],[71.4232894,51.1284445],[71.423278,51.1284513]]}},{"type":"Feature","id":"way/1548706499/road","properties":{"osm_id":"1548706499","name":null,"kind":"road","highway":"footway","surface":null,"lanes":null},"geometry":{"type":"LineString","coordinates":[[71.4232879,51.128409],[71.4232507,51.1284094],[71.4232282,51.1284175],[71.4232169,51.128431],[71.4232164,51.1284522]]}},{"type":"Feature","id":"way/1548706500/road","properties":{"osm_id":"1548706500","name":null,"kind":"road","highway":"footway","surface":null,"lanes":null},"geometry":{"type":"LineString","coordinates":[[71.4234554,51.1280307],[71.4234814,51.1280277],[71.4235152,51.1280334],[71.4235399,51.1280469],[71.4235613,51.1280647],[71.4235726,51.1280815],[71.4235871,51.1281077]]}},{"type":"Feature","id":"way/1548706504/road","properties":{"osm_id":"1548706504","name":null,"kind":"road","highway":"footway","surface":null,"lanes":null},"geometry":{"type":"LineString","coordinates":[[71.4239288,51.1276527],[71.4239057,51.1276722],[71.4238837,51.127695],[71.4238591,51.1277183],[71.423829,51.1277469],[71.4238403,51.1277203],[71.4238338,51.127688],[71.4238226,51.1276715],[71.4238011,51.127657]]}},{"type":"Feature","id":"way/1548706505/road","properties":{"osm_id":"1548706505","name":null,"kind":"road","highway":"footway","surface":null,"lanes":null},"geometry":{"type":"LineString","coordinates":[[71.423829,51.1277469],[71.4237759,51.1278072],[71.423763,51.1278354],[71.4237609,51.1278691],[71.4237738,51.1278994],[71.4237931,51.127923],[71.4238188,51.1279344],[71.423865,51.1279371],[71.4238939,51.1279304],[71.423925,51.1279075],[71.4239562,51.127859],[71.4239787,51.1278301],[71.424016,51.127807]]}},{"type":"Feature","id":"way/1548706514/road","properties":{"osm_id":"1548706514","name":null,"kind":"road","highway":"footway","surface":null,"lanes":null},"geometry":{"type":"LineString","coordinates":[[71.4242909,51.1284566],[71.424232,51.1284671],[71.4242046,51.1284664],[71.4241876,51.1284551],[71.4241855,51.1284372],[71.4242067,51.1284213],[71.4242703,51.1284079]]}},{"type":"Feature","id":"way/1548706516/road","properties":{"osm_id":"1548706516","name":null,"kind":"road","highway":"footway","surface":null,"lanes":null},"geometry":{"type":"LineString","coordinates":[[71.4236021,51.1281923],[71.4236728,51.1282222],[71.4237034,51.1282355],[71.423733,51.1282395],[71.4237616,51.1282349],[71.4238083,51.1282236]]}},{"type":"Feature","id":"way/1548706517/road","properties":{"osm_id":"1548706517","name":null,"kind":"road","highway":"footway","surface":null,"lanes":null},"geometry":{"type":"LineString","coordinates":[[71.423733,51.1282395],[71.4237055,51.1282514],[71.4236371,51.1282913]]}},{"type":"Feature","id":"way/1548706518/road","properties":{"osm_id":"1548706518","name":null,"kind":"road","highway":"footway","surface":null,"lanes":null},"geometry":{"type":"LineString","coordinates":[[71.4235786,51.1279799],[71.4236199,51.127996],[71.4236829,51.128011],[71.4237203,51.1280199],[71.4238123,51.1280471],[71.4238321,51.1280586],[71.4238557,51.1280723],[71.4238912,51.1280971]]}},{"type":"Feature","id":"way/1548706519/road","properties":{"osm_id":"1548706519","name":null,"kind":"road","highway":"footway","surface":null,"lanes":null},"geometry":{"type":"LineString","coordinates":[[71.4239562,51.127859],[71.4239445,51.1279097],[71.4239434,51.1279787],[71.4239476,51.1280378],[71.4239602,51.1280868]]}},{"type":"Feature","id":"way/1548706520/road","properties":{"osm_id":"1548706520","name":null,"kind":"road","highway":"footway","surface":null,"lanes":null},"geometry":{"type":"LineString","coordinates":[[71.4236829,51.128011],[71.4237563,51.1280066],[71.4237891,51.1279914],[71.4238081,51.1279695],[71.4238188,51.1279344]]}},{"type":"Feature","id":"way/1548706521/road","properties":{"osm_id":"1548706521","name":null,"kind":"road","highway":"footway","surface":null,"lanes":null},"geometry":{"type":"LineString","coordinates":[[71.4238081,51.1279695],[71.4238123,51.128002],[71.423819,51.1280209],[71.4238321,51.1280586]]}},{"type":"Feature","id":"way/1548706522/road","properties":{"osm_id":"1548706522","name":null,"kind":"road","highway":"footway","surface":null,"lanes":null},"geometry":{"type":"LineString","coordinates":[[71.423819,51.1280209],[71.4239476,51.1280378],[71.424009,51.1280458],[71.4240756,51.1280438],[71.424115,51.1280409]]}},{"type":"Feature","id":"way/1548706523/road","properties":{"osm_id":"1548706523","name":null,"kind":"road","highway":"footway","surface":null,"lanes":null},"geometry":{"type":"LineString","coordinates":[[71.4238658,51.1282888],[71.4238335,51.1283098],[71.4238166,51.1283277],[71.4238197,51.1283443],[71.4238345,51.1283569],[71.42388,51.1283855],[71.4239001,51.1284113],[71.4239096,51.1284359],[71.4239106,51.1284571],[71.423899,51.128473],[71.4238249,51.1285333]]}},{"type":"Feature","id":"way/1548706524/road","properties":{"osm_id":"1548706524","name":null,"kind":"road","highway":"footway","surface":null,"lanes":null},"geometry":{"type":"LineString","coordinates":[[71.4239106,51.1284571],[71.4239614,51.1284319],[71.4240153,51.1284133],[71.4241126,51.1283948],[71.4241358,51.1283795],[71.4241485,51.1283583],[71.4241475,51.1283311],[71.4241327,51.1283131],[71.4240978,51.1283025],[71.4240597,51.1283045],[71.4240206,51.1283171],[71.4240016,51.128333],[71.4239899,51.1283569],[71.4239942,51.1283855],[71.4240153,51.1284133]]}},{"type":"Feature","id":"way/1548706525/road","properties":{"osm_id":"1548706525","name":null,"kind":"road","highway":"footway","surface":null,"lanes":null},"geometry":{"type":"LineString","coordinates":[[71.4239942,51.12829],[71.4240206,51.1283171]]}},{"type":"Feature","id":"way/1548706526/road","properties":{"osm_id":"1548706526","name":null,"kind":"road","highway":"footway","surface":null,"lanes":null},"geometry":{"type":"LineString","coordinates":[[71.4240891,51.1282568],[71.4242218,51.1282934]]}},{"type":"Feature","id":"way/1548706527/road","properties":{"osm_id":"1548706527","name":null,"kind":"road","highway":"footway","surface":null,"lanes":null},"geometry":{"type":"LineString","coordinates":[[71.4239017,51.1285615],[71.4238809,51.1285695],[71.4238691,51.1285829],[71.423867,51.1285998],[71.423873,51.1286239]]}},{"type":"Feature","id":"way/1548706528/road","properties":{"osm_id":"1548706528","name":null,"kind":"road","highway":"footway","surface":null,"lanes":null},"geometry":{"type":"LineString","coordinates":[[71.4242477,51.1285799],[71.4243362,51.1285638]]}},{"type":"Feature","id":"way/1550257931/road","properties":{"osm_id":"1550257931","name":null,"kind":"road","highway":"footway","surface":null,"lanes":null},"geometry":{"type":"LineString","coordinates":[[71.4292165,51.1305486],[71.4292003,51.1305103],[71.4287474,51.1294389],[71.4286368,51.1291774]]}},{"type":"Feature","id":"way/1557836452/road","properties":{"osm_id":"1557836452","name":null,"kind":"road","highway":"footway","surface":null,"lanes":null},"geometry":{"type":"LineString","coordinates":[[71.4254001,51.1316391],[71.4254439,51.1317524],[71.4254592,51.1317914],[71.425429,51.1317969],[71.4254256,51.1318024],[71.425429,51.1318083],[71.4254834,51.1319457]]}},{"type":"Feature","id":"way/1559799731/road","properties":{"osm_id":"1559799731","name":"Ақмешіт көшесі","kind":"road","highway":"secondary","surface":"asphalt","lanes":4.0},"geometry":{"type":"LineString","coordinates":[[71.4270334,51.1244631],[71.4270292,51.1244521]]}},{"type":"Feature","id":"way/1561072078/road","properties":{"osm_id":"1561072078","name":null,"kind":"road","highway":"service","surface":null,"lanes":null},"geometry":{"type":"LineString","coordinates":[[71.4271241,51.1252666],[71.4273193,51.1257245]]}},{"type":"Feature","id":"way/1561075945/road","properties":{"osm_id":"1561075945","name":null,"kind":"road","highway":"footway","surface":null,"lanes":null},"geometry":{"type":"LineString","coordinates":[[71.4207727,51.1278371],[71.420711,51.127859]]}},{"type":"Feature","id":"way/1561075946/road","properties":{"osm_id":"1561075946","name":null,"kind":"road","highway":"footway","surface":null,"lanes":null},"geometry":{"type":"LineString","coordinates":[[71.4205908,51.1275675],[71.4206253,51.1276528],[71.4206579,51.1277336],[71.420711,51.127859]]}},{"type":"Feature","id":"way/1561075947/road","properties":{"osm_id":"1561075947","name":null,"kind":"road","highway":"footway","surface":null,"lanes":null},"geometry":{"type":"LineString","coordinates":[[71.4208154,51.127841],[71.4207727,51.1278371],[71.4207244,51.1277243],[71.4206602,51.1275565]]}},{"type":"Feature","id":"way/1561075948/road","properties":{"osm_id":"1561075948","name":null,"kind":"road","highway":"footway","surface":null,"lanes":null},"geometry":{"type":"LineString","coordinates":[[71.419523,51.1279437],[71.419512,51.1278943],[71.4206579,51.1277336],[71.4207244,51.1277243],[71.420875,51.1277158]]}},{"type":"Feature","id":"way/1561075949/road","properties":{"osm_id":"1561075949","name":null,"kind":"road","highway":"service","surface":null,"lanes":null},"geometry":{"type":"LineString","coordinates":[[71.4204258,51.1273559],[71.4203845,51.1272651],[71.4203314,51.1271326],[71.420365,51.127093],[71.4204723,51.1270577],[71.4207029,51.1270341],[71.420766,51.12704],[71.4209202,51.1271023],[71.4209752,51.1271048],[71.4221361,51.1269087]]}},{"type":"Feature","id":"way/1561077361/road","properties":{"osm_id":"1561077361","name":null,"kind":"road","highway":"service","surface":"asphalt","lanes":null},"geometry":{"type":"LineString","coordinates":[[71.4209851,51.1276528],[71.4209227,51.1276771],[71.420875,51.1277158],[71.4208252,51.127757],[71.4208154,51.127841]]}},{"type":"Feature","id":"way/1561077362/road","properties":{"osm_id":"1561077362","name":null,"kind":"road","highway":"service","surface":"asphalt","lanes":null},"geometry":{"type":"LineString","coordinates":[[71.4227117,51.1273679],[71.4224405,51.1274116]]}},{"type":"Feature","id":"way/1561077363/road","properties":{"osm_id":"1561077363","name":null,"kind":"road","highway":"footway","surface":null,"lanes":null},"geometry":{"type":"LineString","coordinates":[[71.4210271,51.1277614],[71.422485,51.1275263]]}},{"type":"Feature","id":"way/1561312215/road","properties":{"osm_id":"1561312215","name":null,"kind":"road","highway":"service","surface":"asphalt","lanes":null},"geometry":{"type":"LineString","coordinates":[[71.4233522,51.1289347],[71.4233309,51.1288827],[71.4231704,51.12849],[71.4227117,51.1273679]]}}]}
